time,open,high,low,close,volume,amount
20260626093500000,143.0,144.28,142.0,142.45,221400.0,31608816.0
20260626094000000,142.88,143.99,142.59,143.05,198800.0,28481748.0
20260626094500000,143.38,143.6,142.4,142.4,122400.0,17487890.0
20260626095000000,142.67,142.67,140.18,140.63,232400.0,32836129.0
20260626095500000,140.76,141.98,140.52,141.98,116300.0,16453895.0
20260626100000000,141.98,143.5,141.63,143.46,97800.0,13966023.0
20260626100500000,143.5,143.81,143.05,143.81,160300.0,23018795.0
20260626101000000,143.84,144.36,143.59,144.29,227700.0,32798555.0
20260626101500000,144.28,144.28,143.26,143.32,75600.0,10855938.0
20260626102000000,143.28,143.7,143.22,143.38,43700.0,6266541.0
20260626102500000,143.37,143.48,142.6,143.29,56400.0,8073637.0
20260626103000000,143.32,143.32,142.03,142.31,94200.0,13441449.0
20260626103500000,142.11,142.8,142.03,142.28,124700.0,17738262.0
20260626104000000,141.98,142.44,141.5,141.7,150200.0,21306226.0
20260626104500000,141.7,141.72,140.66,140.7,156100.0,22018403.0
20260626105000000,140.77,141.49,140.7,141.05,152100.0,21449686.0
20260626105500000,141.26,141.26,140.72,141.0,73600.0,10367363.0
20260626110000000,141.0,141.0,140.02,140.97,156700.0,21992286.0
20260626110500000,140.75,141.24,140.56,141.23,69300.0,9760137.0
20260626111000000,141.23,141.42,140.8,141.41,77400.0,10916618.0
20260626111500000,141.41,141.41,140.81,140.83,66100.0,9323086.0
20260626112000000,140.83,141.52,140.71,141.23,115900.0,16341108.0
20260626112500000,141.23,142.81,140.9,141.27,143400.0,20346405.0
20260626113000000,141.26,142.11,140.87,141.88,70500.0,9972259.0
20260626130500000,141.88,142.04,140.7,141.53,147500.0,20874229.0
20260626131000000,141.22,142.18,141.09,141.7,74500.0,10553310.0
20260626131500000,141.51,142.5,141.51,142.44,115000.0,16360541.0
20260626132000000,142.44,142.45,141.6,141.75,68700.0,9758391.0
20260626132500000,141.82,142.29,141.75,141.75,116500.0,16543869.0
20260626133000000,141.79,142.64,141.58,142.64,135300.0,19237816.0
20260626133500000,142.62,142.66,142.34,142.54,60600.0,8638236.0
20260626134000000,142.54,143.97,142.27,143.97,188700.0,27014619.0
20260626134500000,143.91,144.15,143.37,144.12,205100.0,29490295.0
20260626135000000,144.11,144.57,143.89,144.57,184300.0,26587717.0
20260626135500000,144.54,146.3,144.54,146.1,313400.0,45587968.0
20260626140000000,146.25,146.25,145.21,145.21,124000.0,18086602.0
20260626140500000,145.21,145.96,144.96,145.0,196540.0,28563898.0
20260626141000000,145.0,145.2,144.0,144.0,141900.0,20508776.0
20260626141500000,144.0,144.0,143.48,143.48,87300.0,12553484.0
20260626142000000,143.48,144.13,143.48,143.63,101200.0,14545536.0
20260626142500000,143.63,143.94,143.56,143.58,45900.0,6595200.0
20260626143000000,143.59,144.0,143.59,143.89,60700.0,8730877.0
20260626143500000,143.9,144.0,143.6,143.84,58400.0,8398668.0
20260626144000000,143.84,144.19,143.76,144.08,65400.0,9412349.0
20260626144500000,144.07,144.32,143.89,143.99,90100.0,12978137.0
20260626145000000,143.99,144.15,143.76,144.02,128000.0,18431243.0
20260626145500000,144.07,144.21,143.44,143.6,176000.0,25319781.0
20260626150000000,143.6,143.95,143.6,143.82,84400.0,12138820.0
20260629093500000,142.0,144.53,142.0,142.48,211100.0,30145865.0
20260629094000000,142.6,142.6,141.0,141.0,332400.0,47069317.0
20260629094500000,141.0,141.18,139.5,139.5,538600.0,75601499.0
20260629095000000,139.23,139.43,137.0,137.2,726000.0,100426783.0
20260629095500000,137.06,137.22,135.3,135.59,542900.0,74044881.0
20260629100000000,135.59,135.66,134.51,134.62,704100.0,95096646.0
20260629100500000,134.7,134.97,132.72,133.0,1046600.0,140126735.0
20260629101000000,133.2,135.27,132.8,132.8,768100.0,102829971.0
20260629101500000,132.66,133.26,130.88,130.97,786500.0,104184614.0
20260629102000000,130.93,134.51,130.93,134.05,579300.0,76933413.0
20260629102500000,134.01,135.34,133.01,134.09,445900.0,59862347.0
20260629103000000,134.15,135.96,134.15,135.8,267800.0,36154275.0
20260629103500000,135.8,135.8,134.55,134.73,173700.0,23483196.0
20260629104000000,134.72,135.27,133.89,135.27,117000.0,15737512.0
20260629104500000,135.24,135.24,133.99,134.79,92500.0,12441479.0
20260629105000000,134.95,135.03,134.03,134.36,174200.0,23463788.0
20260629105500000,134.34,135.15,134.34,135.08,140700.0,18980992.0
20260629110000000,135.08,135.09,134.5,134.78,132400.0,17854729.0
20260629110500000,134.8,135.5,134.8,135.24,184000.0,24862155.0
20260629111000000,135.24,135.38,134.7,134.7,68000.0,9189641.0
20260629111500000,134.73,135.16,134.43,135.0,131300.0,17685494.0
20260629112000000,135.0,136.45,134.82,135.66,144700.0,19633678.0
20260629112500000,135.98,137.7,135.76,137.15,207000.0,28288306.0
20260629113000000,136.93,137.39,136.61,137.01,95800.0,13105639.0
20260629130500000,137.01,137.96,137.01,137.58,164900.0,22669849.0
20260629131000000,137.58,138.36,135.9,136.24,177600.0,24434061.0
20260629131500000,136.24,137.0,135.74,136.89,98100.0,13382591.0
20260629132000000,136.63,136.93,136.01,136.05,69300.0,9455243.0
20260629132500000,136.05,136.42,136.0,136.36,35800.0,4878309.0
20260629133000000,136.43,136.6,136.3,136.36,45000.0,6139747.0
20260629133500000,136.55,137.19,136.13,136.99,132600.0,18106840.0
20260629134000000,136.89,137.2,136.53,137.2,120700.0,16522591.0
20260629134500000,136.99,137.53,136.99,137.42,45600.0,6261520.0
20260629135000000,137.17,138.2,136.62,138.2,113000.0,15542875.0
20260629135500000,138.01,138.37,137.73,137.98,108300.0,14949531.0
20260629140000000,137.98,138.24,137.67,137.67,137000.0,18907592.0
20260629140500000,137.67,137.97,137.09,137.41,81700.0,11244171.0
20260629141000000,137.4,137.6,136.75,137.29,85200.0,11689525.0
20260629141500000,137.29,137.95,137.16,137.57,80100.0,11020643.0
20260629142000000,137.5,137.76,137.3,137.42,63800.0,8773066.0
20260629142500000,137.72,137.72,136.55,136.64,67300.0,9222790.0
20260629143000000,136.64,137.0,136.38,136.6,102200.0,13962539.0
20260629143500000,136.6,137.0,136.5,136.74,138600.0,18960839.0
20260629144000000,136.74,136.79,136.45,136.51,126100.0,17230243.0
20260629144500000,136.57,137.0,136.56,136.94,122800.0,16802867.0
20260629145000000,136.94,137.31,136.76,137.21,155500.0,21304730.0
20260629145500000,137.2,137.35,136.92,137.0,204425.0,28040788.0
20260629150000000,137.19,137.28,137.0,137.06,107925.0,14798890.0
20260630093500000,136.99,139.0,136.11,138.82,296800.0,40813076.0
20260630094000000,139.0,140.7,138.84,139.38,423700.0,59285098.0
20260630094500000,139.38,140.8,139.12,139.33,232700.0,32529918.0
20260630095000000,139.43,140.0,138.49,139.01,166400.0,23156788.0
20260630095500000,139.01,139.25,137.62,138.0,123100.0,17022622.0
20260630100000000,138.15,138.25,137.5,138.2,224000.0,30886452.0
20260630100500000,138.17,138.18,136.54,136.98,179000.0,24609677.0
20260630101000000,136.98,137.88,136.82,137.88,111000.0,15224845.0
20260630101500000,137.88,138.2,137.48,137.63,142400.0,19644585.0
20260630102000000,137.63,137.83,137.18,137.4,57600.0,7916088.0
20260630102500000,137.4,137.62,137.38,137.51,61400.0,8440580.0
20260630103000000,137.51,138.25,137.51,137.99,53700.0,7408456.0
20260630103500000,137.84,138.03,137.41,137.98,91700.0,12631185.0
20260630104000000,137.98,137.98,137.28,137.92,80700.0,11107166.0
20260630104500000,137.91,137.96,137.38,137.55,54600.0,7517303.0
20260630105000000,137.55,137.72,137.42,137.5,48600.0,6685389.0
20260630105500000,137.51,138.25,137.5,138.14,65200.0,8986510.0
20260630110000000,138.14,138.19,137.86,138.0,67200.0,9277245.0
20260630110500000,138.0,138.1,137.58,137.96,53200.0,7336459.0
20260630111000000,137.94,138.24,137.87,138.24,56000.0,7728725.0
20260630111500000,138.24,138.99,138.23,138.97,56900.0,7886927.0
20260630112000000,138.97,139.51,138.7,138.9,129700.0,18031570.0
20260630112500000,138.73,138.93,138.59,138.86,95200.0,13217698.0
20260630113000000,138.89,139.5,138.86,139.35,61300.0,8526335.0
20260630130500000,139.35,139.61,138.33,138.64,87200.0,12126206.0
20260630131000000,138.6,138.6,136.67,136.67,154400.0,21254541.0
20260630131500000,136.67,137.3,135.69,137.29,212900.0,29039683.0
20260630132000000,137.3,137.45,136.7,136.9,98400.0,13490858.0
20260630132500000,136.9,137.38,136.86,137.2,87200.0,11955718.0
20260630133000000,137.2,137.58,137.0,137.4,66700.0,9158926.0
20260630133500000,137.4,137.51,136.92,137.03,86600.0,11885177.0
20260630134000000,137.06,137.15,136.45,136.54,85900.0,11756435.0
20260630134500000,136.59,137.07,136.59,136.7,65500.0,8963073.0
20260630135000000,136.7,137.25,136.7,136.87,57900.0,7930024.0
20260630135500000,136.84,137.28,136.71,137.18,43000.0,5889770.0
20260630140000000,137.05,137.17,136.65,136.69,68800.0,9413347.0
20260630140500000,136.69,137.3,136.68,137.3,76500.0,10479196.0
20260630141000000,137.3,137.3,136.81,136.95,73000.0,10002270.0
20260630141500000,136.92,137.65,136.67,137.4,286300.0,39212651.0
20260630142000000,137.39,139.8,137.38,139.8,726500.0,100886277.0
20260630142500000,139.79,140.4,139.24,140.0,257500.0,36032241.0
20260630143000000,139.96,140.37,139.46,139.81,221600.0,31040836.0
20260630143500000,139.81,141.28,139.81,140.21,555600.0,78140530.0
20260630144000000,140.1,140.15,139.01,139.09,186400.0,25998302.0
20260630144500000,139.02,139.82,138.94,139.38,222500.0,31002902.0
20260630145000000,139.39,140.0,139.39,139.91,160204.0,22390813.0
20260630145500000,139.89,139.9,139.06,139.12,152996.0,21366019.0
20260630150000000,139.29,139.5,139.2,139.28,130600.0,18195990.0
20260701093500000,139.3,139.3,136.63,137.3,436400.0,60014131.0
20260701094000000,137.79,139.69,137.21,138.89,170100.0,23564467.0
20260701094500000,138.89,139.58,137.2,137.2,171800.0,23800984.0
20260701095000000,137.17,137.31,136.34,136.78,328800.0,44986408.0
20260701095500000,136.8,137.78,135.68,136.19,448200.0,61287431.0
20260701100000000,136.2,136.69,135.8,136.31,246600.0,33586755.0
20260701100500000,136.0,137.11,135.7,135.76,214000.0,29140258.0
20260701101000000,135.7,136.67,135.51,136.16,230700.0,31346852.0
20260701101500000,136.16,137.0,136.16,136.6,124400.0,16999254.0
20260701102000000,136.6,137.15,136.35,136.49,121700.0,16641740.0
20260701102500000,136.49,136.51,135.53,135.68,137900.0,18738280.0
20260701103000000,135.96,136.31,135.62,136.11,119900.0,16278885.0
20260701103500000,136.11,136.85,135.82,136.27,102400.0,13946198.0
20260701104000000,136.57,137.45,136.28,137.11,135700.0,18570834.0
20260701104500000,137.11,137.8,136.3,137.75,253100.0,34649030.0
20260701105000000,137.75,138.45,137.4,138.44,137400.0,18961989.0
20260701105500000,138.3,138.97,138.23,138.5,70900.0,9823319.0
20260701110000000,138.5,139.14,137.87,138.1,134100.0,18585754.0
20260701110500000,138.1,138.2,137.92,138.08,27000.0,3727417.0
20260701111000000,138.13,138.31,138.01,138.2,30700.0,4241311.0
20260701111500000,138.2,138.3,137.5,138.0,105200.0,14510748.0
20260701112000000,138.07,139.87,137.84,138.49,277100.0,38567252.0
20260701112500000,138.47,139.18,138.0,138.06,96600.0,13371385.0
20260701113000000,138.52,140.79,138.14,140.56,433000.0,60496328.0
20260701130500000,140.6,140.69,138.58,139.84,209600.0,29258936.0
20260701131000000,139.78,141.97,139.48,141.24,356300.0,50270266.0
20260701131500000,141.31,141.4,139.82,139.99,151000.0,21195882.0
20260701132000000,139.84,140.15,139.44,139.88,53700.0,7502886.0
20260701132500000,139.88,141.68,139.77,140.76,232400.0,32798039.0
20260701133000000,140.76,141.22,140.33,141.22,65700.0,9244612.0
20260701133500000,141.22,141.98,141.1,141.98,325600.0,46120731.0
20260701134000000,142.0,142.2,141.31,141.95,327900.0,46517782.0
20260701134500000,141.84,142.9,141.44,142.5,407200.0,57949874.0
20260701135000000,142.66,142.85,141.5,141.51,120100.0,17102508.0
20260701135500000,141.45,141.69,140.7,141.15,64700.0,9133279.0
20260701140000000,141.15,141.99,140.95,141.89,61400.0,8685217.0
20260701140500000,141.89,141.95,141.53,141.74,42600.0,6038502.0
20260701141000000,141.72,142.5,141.52,142.14,64800.0,9202817.0
20260701141500000,142.14,142.8,141.65,141.82,96000.0,13664543.0
20260701142000000,141.82,142.08,141.51,141.51,69800.0,9892809.0
20260701142500000,141.51,141.96,141.35,141.79,42200.0,5980363.0
20260701143000000,141.78,142.0,141.43,141.76,116900.0,16573286.0
20260701143500000,141.85,141.88,141.5,141.53,91900.0,13024460.0
20260701144000000,141.5,142.32,141.33,142.0,132200.0,18760323.0
20260701144500000,141.91,142.88,141.81,142.88,151100.0,21500745.0
20260701145000000,142.84,143.38,142.35,143.38,425000.0,60719448.0
20260701145500000,143.4,143.49,143.0,143.3,179700.0,25750839.0
20260701150000000,143.33,143.62,143.01,143.5,207800.0,29810425.0
20260702093500000,142.0,146.8,141.5,146.8,609400.0,87641185.0
20260702094000000,146.78,148.0,146.01,146.06,671000.0,98805123.0
20260702094500000,146.06,147.14,146.06,146.45,420700.0,61700858.0
20260702095000000,146.05,146.32,144.72,145.74,363600.0,52995879.0
20260702095500000,145.85,147.55,145.4,147.33,303800.0,44553436.0
20260702100000000,147.08,147.9,146.53,147.29,239000.0,35197872.0
20260702100500000,147.39,147.44,146.09,146.31,139800.0,20514262.0
20260702101000000,146.31,146.5,145.09,146.49,170800.0,24893038.0
20260702101500000,146.3,147.31,145.4,147.01,173600.0,25436418.0
20260702102000000,146.67,147.88,146.67,147.2,205700.0,30318403.0
20260702102500000,147.28,147.54,146.74,147.54,137700.0,20259007.0
20260702103000000,147.6,148.66,147.57,147.99,369900.0,54819287.0
20260702103500000,147.71,148.07,147.12,148.07,99200.0,14651794.0
20260702104000000,148.07,148.66,147.97,147.98,167900.0,24921211.0
20260702104500000,147.97,148.45,147.49,148.07,134600.0,19936085.0
20260702105000000,148.12,148.42,147.41,147.41,151200.0,22372632.0
20260702105500000,147.41,147.81,147.3,147.48,83500.0,12325848.0
20260702110000000,147.7,147.74,147.18,147.7,87840.0,12956347.0
20260702110500000,147.64,147.64,147.06,147.41,64200.0,9456736.0
20260702111000000,147.46,147.72,147.12,147.65,87200.0,12849509.0
20260702111500000,147.65,147.88,147.4,147.52,66400.0,9804956.0
20260702112000000,147.52,147.88,147.45,147.79,69300.0,10234110.0
20260702112500000,147.79,148.11,147.63,148.1,77600.0,11473756.0
20260702113000000,148.06,148.06,147.46,148.02,110700.0,16361423.0
20260702130500000,148.01,150.68,147.99,150.68,857000.0,128203328.0
20260702131000000,150.88,151.8,149.04,149.55,504925.0,76165939.0
20260702131500000,149.55,149.55,148.31,149.35,184675.0,27481452.0
20260702132000000,149.51,149.7,148.5,148.88,197200.0,29385676.0
20260702132500000,148.88,149.3,148.81,148.88,148800.0,22172779.0
20260702133000000,148.88,148.96,148.32,148.49,127300.0,18931043.0
20260702133500000,148.54,148.61,148.06,148.11,148100.0,21961048.0
20260702134000000,148.11,148.33,147.98,148.27,154400.0,22869039.0
20260702134500000,148.21,148.81,148.04,148.41,146300.0,21708107.0
20260702135000000,148.41,148.6,147.91,148.37,172100.0,25534331.0
20260702135500000,148.46,148.55,147.93,148.03,168600.0,24992347.0
20260702140000000,148.03,148.49,147.94,148.33,98100.0,14537347.0
20260702140500000,148.21,148.28,147.91,147.93,154300.0,22845409.0
20260702141000000,147.93,148.37,147.88,148.31,87700.0,12983330.0
20260702141500000,148.34,148.49,147.67,147.69,122000.0,18071720.0
20260702142000000,147.69,147.94,147.47,147.9,145500.0,21485506.0
20260702142500000,147.87,148.32,147.83,148.24,145400.0,21529963.0
20260702143000000,148.16,148.16,147.54,147.63,139900.0,20668947.0
20260702143500000,147.63,148.1,147.56,147.68,162200.0,23988315.0
20260702144000000,147.7,147.76,147.0,147.05,212700.0,31309093.0
20260702144500000,147.1,147.1,146.04,146.04,233900.0,34263405.0
20260702145000000,146.02,146.12,145.68,146.12,186425.0,27206437.0
20260702145500000,146.12,146.12,144.76,145.29,333775.0,48454781.0
20260702150000000,145.3,146.47,145.3,146.47,115588.0,16869373.0
20260703093500000,149.5,154.13,149.5,152.0,1001200.0,151901762.0
20260703094000000,151.9,154.0,150.8,154.0,698300.0,106215368.0
20260703094500000,153.97,154.32,152.24,152.24,761700.0,117092696.0
20260703095000000,152.24,152.3,148.8,149.0,422300.0,63767781.0
20260703095500000,148.9,149.02,148.09,148.09,356000.0,52915484.0
20260703100000000,148.08,149.03,147.01,148.52,315800.0,46739089.0
20260703100500000,148.42,149.63,147.67,149.12,194500.0,28936520.0
20260703101000000,149.5,151.4,148.81,149.73,456900.0,68630980.0
20260703101500000,149.73,150.55,149.69,150.15,301800.0,45318212.0
20260703102000000,150.06,150.8,149.98,150.23,196700.0,29561304.0
20260703102500000,149.98,150.03,149.3,149.43,125400.0,18760533.0
20260703103000000,149.31,150.29,149.11,149.29,133500.0,19979914.0
20260703103500000,149.16,150.5,149.16,150.49,106500.0,15958301.0
20260703104000000,150.49,150.59,150.05,150.42,111400.0,16739440.0
20260703104500000,150.33,150.91,150.24,150.91,139500.0,21005539.0
20260703105000000,150.91,151.3,150.77,151.15,154500.0,23333896.0
20260703105500000,151.15,151.5,150.63,150.63,63100.0,9531866.0
20260703110000000,150.61,151.66,150.5,151.58,119500.0,18056756.0
20260703110500000,151.58,151.58,150.25,150.34,111200.0,16783503.0
20260703111000000,150.34,150.46,148.81,148.88,153700.0,22981793.0
20260703111500000,148.88,149.59,148.02,149.0,109100.0,16227833.0
20260703112000000,149.0,149.3,148.77,148.97,62300.0,9284542.0
20260703112500000,148.97,148.97,147.36,147.36,175100.0,25940564.0
20260703113000000,147.37,147.89,147.36,147.71,99300.0,14656820.0
20260703130500000,147.71,149.27,147.7,148.01,186100.0,27576266.0
20260703131000000,147.93,148.27,146.02,146.29,294600.0,43289701.0
20260703131500000,146.12,147.37,146.09,146.35,144500.0,21194224.0
20260703132000000,146.29,147.11,146.18,146.52,114800.0,16844429.0
20260703132500000,146.53,146.68,145.8,146.0,356300.0,52105457.0
20260703133000000,146.0,146.58,145.71,146.49,95500.0,13954625.0
20260703133500000,146.47,148.2,146.47,148.0,134500.0,19834131.0
20260703134000000,148.0,148.18,147.71,148.01,121200.0,17936485.0
20260703134500000,148.0,148.31,147.81,148.04,125400.0,18567757.0
20260703135000000,148.3,148.8,148.3,148.58,106700.0,15849936.0
20260703135500000,148.71,149.48,148.04,149.48,108000.0,16052295.0
20260703140000000,149.44,149.44,148.8,149.19,86400.0,12884057.0
20260703140500000,149.19,149.19,148.17,148.73,117900.0,17537817.0
20260703141000000,148.73,149.77,148.73,149.0,132400.0,19772012.0
20260703141500000,149.21,149.41,148.51,148.96,62700.0,9335555.0
20260703142000000,148.85,150.28,148.51,150.0,253100.0,37871850.0
20260703142500000,149.48,149.99,149.34,149.7,211500.0,31660922.0
20260703143000000,149.48,149.73,148.51,149.69,253000.0,37788836.0
20260703143500000,149.69,149.95,149.32,149.75,218800.0,32774103.0
20260703144000000,149.5,149.89,149.1,149.35,219100.0,32772119.0
20260703144500000,149.35,149.35,148.69,148.7,94900.0,14143222.0
20260703145000000,148.72,149.8,148.51,148.85,252229.0,37639775.0
20260703145500000,149.04,149.04,148.2,148.36,160865.0,23893578.0
20260703150000000,148.4,148.6,148.29,148.5,145000.0,21524675.0
20260706093500000,150.0,158.0,150.0,157.99,2561400.0,399934838.0
20260706094000000,158.0,161.6,156.91,161.6,2052640.0,326076833.0
20260706094500000,161.63,163.35,161.63,163.35,2621100.0,427173609.0
20260706095000000,163.35,163.35,163.29,163.35,1476800.0,241224300.0
20260706095500000,163.35,163.35,163.34,163.35,1050500.0,171597879.0
20260706100000000,163.35,163.35,163.35,163.35,165600.0,27050760.0
20260706100500000,163.35,163.35,163.35,163.35,117300.0,19160955.0
20260706101000000,163.35,163.35,163.35,163.35,73100.0,11940885.0
20260706101500000,163.35,163.35,163.35,163.35,32100.0,5243535.0
20260706102000000,163.35,163.35,163.35,163.35,43600.0,7122060.0
20260706102500000,163.35,163.35,163.35,163.35,49700.0,8118495.0
20260706103000000,163.35,163.35,163.35,163.35,28800.0,4704480.0
20260706103500000,163.35,163.35,163.35,163.35,28900.0,4720815.0
20260706104000000,163.35,163.35,163.35,163.35,60100.0,9817335.0
20260706104500000,163.35,163.35,163.35,163.35,33400.0,5455890.0
20260706105000000,163.35,163.35,163.35,163.35,65800.0,10748430.0
20260706105500000,163.35,163.35,163.35,163.35,9000.0,1470150.0
20260706110000000,163.35,163.35,163.35,163.35,3200.0,522720.0
20260706110500000,163.35,163.35,163.35,163.35,36700.0,5994945.0
20260706111000000,163.35,163.35,163.35,163.35,9700.0,1584495.0
20260706111500000,163.35,163.35,163.35,163.35,45900.0,7497765.0
20260706112000000,163.35,163.35,163.35,163.35,13500.0,2205225.0
20260706112500000,163.35,163.35,163.35,163.35,61500.0,10046025.0
20260706113000000,163.35,163.35,163.35,163.35,30400.0,4965840.0
20260706130500000,163.35,163.35,163.35,163.35,104300.0,17037405.0
20260706131000000,163.35,163.35,163.35,163.35,68100.0,11124135.0
20260706131500000,163.35,163.35,163.34,163.35,1174800.0,191895134.0
20260706132000000,163.35,163.35,163.35,163.35,293000.0,47861550.0
20260706132500000,163.35,163.35,163.35,163.35,14600.0,2384910.0
20260706133000000,163.35,163.35,163.35,163.35,13900.0,2270565.0
20260706133500000,163.35,163.35,163.34,163.35,670800.0,109574598.0
20260706134000000,163.35,163.35,163.35,163.35,78600.0,12839310.0
20260706134500000,163.35,163.35,163.35,163.35,11100.0,1813185.0
20260706135000000,163.35,163.35,163.35,163.35,8900.0,1453815.0
20260706135500000,163.35,163.35,163.35,163.35,19800.0,3234330.0
20260706140000000,163.35,163.35,163.35,163.35,4400.0,718740.0
20260706140500000,163.35,163.35,163.35,163.35,75400.0,12316590.0
20260706141000000,163.35,163.35,163.35,163.35,269300.0,43990155.0
20260706141500000,163.35,163.35,163.35,163.35,19200.0,3136320.0
20260706142000000,163.35,163.35,163.25,163.35,377000.0,61581629.0
20260706142500000,163.35,163.35,163.34,163.35,66100.0,10797272.0
20260706143000000,163.35,163.35,163.35,163.35,18500.0,3021975.0
20260706143500000,163.35,163.35,163.35,163.35,8400.0,1372140.0
20260706144000000,163.35,163.35,163.35,163.35,8800.0,1437480.0
20260706144500000,163.35,163.35,163.35,163.35,17800.0,2907630.0
20260706145000000,163.35,163.35,163.35,163.35,13000.0,2123550.0
20260706145500000,163.35,163.35,163.35,163.35,32600.0,5325210.0
20260706150000000,163.35,163.35,163.35,163.35,18800.0,3070980.0
20260707093500000,165.0,168.03,160.0,164.77,2727700.0,449344254.0
20260707094000000,164.65,165.45,161.61,161.88,983900.0,161206945.0
20260707094500000,161.87,162.5,160.33,160.9,768800.0,123918149.0
20260707095000000,160.9,162.38,160.36,160.5,542100.0,87382580.0
20260707095500000,160.49,162.75,160.41,162.7,463300.0,75022310.0
20260707100000000,162.7,163.35,160.48,160.8,472100.0,76351452.0
20260707100500000,160.8,160.9,158.8,159.44,493600.0,78858641.0
20260707101000000,159.53,159.86,158.27,158.31,298100.0,47370717.0
20260707101500000,158.4,160.13,157.5,159.55,575600.0,91424955.0
20260707102000000,159.65,159.95,159.01,159.34,277100.0,44176445.0
20260707102500000,159.36,159.98,159.14,159.56,216100.0,34471168.0
20260707103000000,159.75,159.75,158.77,159.13,219000.0,34845357.0
20260707103500000,159.11,159.88,158.18,159.6,253100.0,40251755.0
20260707104000000,159.59,160.39,159.32,160.13,278400.0,44487200.0
20260707104500000,160.11,160.82,159.46,160.82,245200.0,39298128.0
20260707105000000,160.65,161.03,160.0,160.23,272200.0,43727939.0
20260707105500000,160.22,160.22,159.86,159.99,150300.0,24053290.0
20260707110000000,159.95,159.95,158.9,159.0,96800.0,15425945.0
20260707110500000,159.0,159.58,158.74,159.0,208600.0,33169501.0
20260707111000000,158.99,159.36,158.35,159.11,173000.0,27451808.0
20260707111500000,159.23,159.35,158.24,158.27,132700.0,21061337.0
20260707112000000,158.27,158.8,158.0,158.04,268400.0,42488934.0
20260707112500000,157.88,159.16,157.82,159.16,359900.0,57005150.0
20260707113000000,159.16,159.99,158.95,159.99,191700.0,30522905.0
20260707130500000,160.0,161.0,159.51,159.52,310300.0,49686642.0
20260707131000000,159.51,159.99,159.34,159.48,97000.0,15486728.0
20260707131500000,159.47,159.6,159.12,159.44,133900.0,21346563.0
20260707132000000,159.55,159.99,159.48,159.75,107100.0,17100601.0
20260707132500000,159.75,160.33,159.54,160.01,170400.0,27242851.0
20260707133000000,160.01,161.42,160.01,161.29,225800.0,36326696.0
20260707133500000,161.29,162.5,161.29,162.18,251800.0,40809060.0
20260707134000000,162.2,163.0,162.18,162.99,311700.0,50652398.0
20260707134500000,162.99,163.0,161.98,161.98,205200.0,33366215.0
20260707135000000,161.98,161.98,160.94,160.98,189200.0,30537467.0
20260707135500000,160.96,161.28,160.89,161.28,184500.0,29706310.0
20260707140000000,161.28,161.81,161.17,161.26,90800.0,14660416.0
20260707140500000,161.18,161.37,159.8,160.03,166300.0,26686990.0
20260707141000000,160.03,160.15,159.76,159.94,108400.0,17335894.0
20260707141500000,159.94,160.4,159.88,160.4,93700.0,14997544.0
20260707142000000,160.35,160.99,160.07,160.66,154800.0,24829302.0
20260707142500000,160.89,160.89,160.52,160.59,181600.0,29183311.0
20260707143000000,160.61,160.61,160.17,160.59,139600.0,22387712.0
20260707143500000,160.58,160.92,160.1,160.22,149900.0,24043977.0
20260707144000000,160.22,160.61,160.1,160.24,177800.0,28505399.0
20260707144500000,160.4,160.86,160.23,160.58,293000.0,47027119.0
20260707145000000,160.58,160.63,160.27,160.4,290700.0,46638866.0
20260707145500000,160.4,160.69,160.3,160.5,355000.0,56965516.0
20260707150000000,160.48,160.57,160.32,160.37,236000.0,37856123.0
20260708093500000,163.69,163.7,158.33,162.35,2829400.0,459400048.0
20260708094000000,162.13,165.79,161.2,162.0,1261000.0,206709475.0
20260708094500000,161.8,161.8,159.58,160.3,725300.0,116343863.0
20260708095000000,159.9,159.96,156.87,157.95,815900.0,129181860.0
20260708095500000,157.95,159.88,157.76,159.69,328100.0,52121237.0
20260708100000000,159.6,159.7,158.51,159.0,221400.0,35235122.0
20260708100500000,158.85,161.25,158.0,160.7,444600.0,71061808.0
20260708101000000,160.76,162.73,159.9,162.33,323100.0,52280782.0
20260708101500000,162.18,163.53,161.97,162.67,435234.0,70808727.0
20260708102000000,162.49,164.96,162.37,164.8,497700.0,81481641.0
20260708102500000,164.9,165.98,163.99,165.61,641500.0,106003837.0
20260708103000000,165.62,168.98,165.62,168.98,846500.0,141510154.0
20260708103500000,168.98,172.78,168.5,172.78,1077300.0,183848150.0
20260708104000000,172.66,172.77,170.89,172.29,544500.0,93422104.0
20260708104500000,172.21,172.8,169.26,170.88,597200.0,102243653.0
20260708105000000,170.42,170.84,169.97,170.67,224200.0,38185235.0
20260708105500000,170.43,170.76,169.18,169.93,277800.0,47202479.0
20260708110000000,170.02,170.18,168.5,169.24,214200.0,36262821.0
20260708110500000,169.4,170.49,169.24,169.98,213600.0,36290653.0
20260708111000000,170.0,170.5,169.78,170.19,175300.0,29832980.0
20260708111500000,170.1,170.76,169.94,170.49,173400.0,29546147.0
20260708112000000,170.54,170.9,170.4,170.61,135768.0,23167103.0
20260708112500000,170.61,171.49,169.74,170.49,207900.0,35478160.0
20260708113000000,170.49,170.94,169.75,170.63,155300.0,26459771.0
20260708130500000,170.5,170.5,168.96,168.96,312000.0,52956160.0
20260708131000000,168.96,169.69,167.45,168.0,233700.0,39369313.0
20260708131500000,168.0,168.7,167.0,168.51,289300.0,48530871.0
20260708132000000,168.51,169.47,168.22,168.91,152400.0,25721942.0
20260708132500000,168.93,169.5,168.25,168.6,156700.0,26444097.0
20260708133000000,168.66,170.31,168.66,170.07,261300.0,44351319.0
20260708133500000,170.05,170.1,169.06,169.61,167800.0,28447831.0
20260708134000000,169.55,169.82,169.02,169.65,200500.0,33979755.0
20260708134500000,169.62,169.7,168.9,169.26,158400.0,26824849.0
20260708135000000,169.26,169.41,168.94,169.17,166000.0,28086991.0
20260708135500000,169.17,169.89,169.17,169.73,139600.0,23666077.0
20260708140000000,169.68,170.81,169.55,170.61,204400.0,34779810.0
20260708140500000,170.6,170.89,169.64,170.5,281400.0,47953452.0
20260708141000000,170.32,170.33,169.63,169.63,194300.0,33040512.0
20260708141500000,169.55,169.6,168.86,169.16,162700.0,27534253.0
20260708142000000,169.17,169.41,169.0,169.36,177400.0,30020475.0
20260708142500000,169.39,169.47,169.14,169.29,180000.0,30477475.0
20260708143000000,169.28,169.31,167.39,167.39,326800.0,55040549.0
20260708143500000,167.39,168.27,167.39,167.85,274300.0,46051694.0
20260708144000000,167.76,168.4,167.76,167.92,302600.0,50863526.0
20260708144500000,167.79,167.95,167.12,167.21,272700.0,45651206.0
20260708145000000,167.18,167.47,166.66,166.86,408600.0,68260600.0
20260708145500000,166.75,166.8,166.5,166.78,301300.0,50225338.0
20260708150000000,166.79,167.8,166.76,167.77,275200.0,46091827.0
20260709093500000,164.9,168.1,163.5,164.79,922500.0,152238577.0
20260709094000000,164.79,164.98,161.5,161.5,672500.0,109712951.0
20260709094500000,161.8,163.15,160.58,160.58,678100.0,109713661.0
20260709095000000,160.58,161.39,156.4,156.44,1104800.0,175212766.0
20260709095500000,156.4,158.78,156.2,156.29,689608.0,108267282.0
20260709100000000,156.14,160.01,156.06,159.69,567800.0,89858456.0
20260709100500000,159.63,160.27,159.03,159.2,304400.0,48594445.0
20260709101000000,159.0,159.2,158.23,158.23,110600.0,17550389.0
20260709101500000,158.23,158.74,156.68,157.5,384700.0,60530298.0
20260709102000000,157.52,157.58,155.5,157.35,641900.0,100342500.0
20260709102500000,157.16,157.34,155.9,156.4,266100.0,41606271.0
20260709103000000,156.4,157.06,156.2,156.44,218200.0,34141742.0
20260709103500000,156.44,156.44,153.56,153.59,586500.0,90916175.0
20260709104000000,153.73,156.3,153.73,155.9,343600.0,53223412.0
20260709104500000,155.9,156.01,155.13,155.71,152600.0,23765616.0
20260709105000000,155.97,155.97,154.85,154.96,276800.0,43019881.0
20260709105500000,154.98,155.79,154.94,155.79,112600.0,17484731.0
20260709110000000,155.79,155.79,154.51,154.54,128800.0,19979666.0
20260709110500000,154.55,154.62,153.67,153.75,367000.0,56522741.0
20260709111000000,153.75,153.75,152.51,153.75,481800.0,73690774.0
20260709111500000,153.8,154.23,151.6,152.2,331100.0,50428964.0
20260709112000000,151.92,153.16,151.92,152.93,145300.0,22179267.0
20260709112500000,152.99,153.58,152.44,153.25,149800.0,22915257.0
20260709113000000,153.25,153.97,153.25,153.75,98700.0,15168420.0
20260709130500000,153.95,155.0,153.65,154.81,165500.0,25555902.0
20260709131000000,154.87,155.31,153.76,154.35,146000.0,22593067.0
20260709131500000,154.33,154.33,153.57,153.59,98200.0,15118418.0
20260709132000000,153.35,155.7,153.11,155.14,267900.0,41402726.0
20260709132500000,155.14,155.7,154.66,155.08,142400.0,22120454.0
20260709133000000,155.3,156.5,154.71,156.45,279600.0,43549539.0
20260709133500000,156.21,156.98,155.82,156.94,209300.0,32736710.0
20260709134000000,156.8,157.13,156.42,156.48,124000.0,19440167.0
20260709134500000,156.48,157.13,156.48,156.74,118600.0,18596216.0
20260709135000000,157.0,158.6,157.0,158.5,193800.0,30613095.0
20260709135500000,158.61,160.0,158.29,159.62,337700.0,53740000.0
20260709140000000,159.62,159.9,158.38,158.9,186300.0,29652688.0
20260709140500000,158.9,159.38,157.68,158.31,161200.0,25559653.0
20260709141000000,158.33,158.88,158.04,158.49,112800.0,17876720.0
20260709141500000,158.49,158.8,158.39,158.56,176700.0,28022505.0
20260709142000000,158.55,159.0,157.92,157.93,220800.0,34992794.0
20260709142500000,157.93,158.19,157.3,157.6,197400.0,31147844.0
20260709143000000,157.58,157.76,157.45,157.69,189900.0,29922625.0
20260709143500000,157.68,158.46,157.68,158.24,312600.0,49427700.0
20260709144000000,158.26,158.66,158.17,158.51,240000.0,38026858.0
20260709144500000,158.53,158.85,158.28,158.85,334000.0,52937535.0
20260709145000000,158.88,159.18,158.69,158.8,254500.0,40425857.0
20260709145500000,158.8,158.81,156.69,157.17,702200.0,110387038.0
20260709150000000,157.09,157.5,156.8,157.0,314400.0,49376213.0
20260710093500000,157.87,159.6,156.84,157.5,926900.0,146797059.0
20260710094000000,157.38,160.21,156.0,159.81,796500.0,126544244.0
20260710094500000,159.99,160.98,159.32,160.81,342600.0,54888139.0
20260710095000000,160.64,160.98,159.72,160.5,285100.0,45713965.0
20260710095500000,160.51,162.6,160.47,162.55,391800.0,63276533.0
20260710100000000,162.55,163.55,161.86,163.51,453200.0,73775831.0
20260710100500000,163.6,165.97,163.19,164.0,626300.0,103152931.0
20260710101000000,163.78,166.88,163.34,166.5,635700.0,105101287.0
20260710101500000,166.5,166.5,162.0,162.73,431100.0,70515675.0
20260710102000000,162.73,165.9,162.39,165.59,468300.0,77037312.0
20260710102500000,165.67,165.7,164.13,164.49,298200.0,49245322.0
20260710103000000,164.49,165.0,164.12,164.52,87000.0,14314955.0
20260710103500000,164.53,165.23,163.89,164.94,311100.0,51247724.0
20260710104000000,164.99,165.03,163.58,163.98,171800.0,28208324.0
20260710104500000,164.0,164.5,163.03,163.05,187800.0,30779143.0
20260710105000000,163.03,163.76,162.85,163.67,185100.0,30217313.0
20260710105500000,163.59,163.71,162.86,163.53,120300.0,19635242.0
20260710110000000,163.53,164.9,163.05,163.95,187200.0,30677148.0
20260710110500000,163.99,164.08,163.16,163.2,123000.0,20125434.0
20260710111000000,163.2,163.7,162.5,163.33,146500.0,23866282.0
20260710111500000,163.33,163.33,162.4,162.4,113300.0,18441783.0
20260710112000000,162.4,163.02,162.39,162.7,70300.0,11437201.0
20260710112500000,162.69,162.98,162.16,162.28,94700.0,15401091.0
20260710113000000,162.28,162.93,162.02,162.82,122200.0,19845262.0
20260710130500000,162.06,162.93,161.59,162.8,229900.0,37282241.0
20260710131000000,162.79,163.0,162.15,162.93,80400.0,13079037.0
20260710131500000,162.94,165.55,162.93,164.73,238400.0,39229589.0
20260710132000000,164.78,167.72,164.69,167.72,508700.0,84624911.0
20260710132500000,167.77,168.5,166.18,166.19,385700.0,64563738.0
20260710133000000,166.2,166.75,166.01,166.42,141400.0,23536799.0
20260710133500000,166.42,166.59,165.51,165.56,181200.0,30117183.0
20260710134000000,165.69,165.69,164.11,164.39,244600.0,40278428.0
20260710134500000,164.1,164.69,163.8,163.8,265500.0,43597918.0
20260710135000000,163.82,163.86,162.9,163.3,221700.0,36209614.0
20260710135500000,163.38,163.5,163.2,163.2,152300.0,24873321.0
20260710140000000,163.36,163.36,162.16,162.3,127900.0,20813159.0
20260710140500000,162.31,162.56,161.66,162.37,214500.0,34759323.0
20260710141000000,162.29,162.29,161.11,161.33,176700.0,28562964.0
20260710141500000,161.39,161.76,161.2,161.52,196100.0,31661452.0
20260710142000000,161.58,162.39,161.58,162.09,160500.0,25995093.0
20260710142500000,162.09,162.11,161.3,161.4,166000.0,26850648.0
20260710143000000,161.45,161.7,161.03,161.1,173400.0,27969998.0
20260710143500000,161.02,161.05,159.6,160.03,392600.0,62910438.0
20260710144000000,160.05,160.9,160.04,160.28,187600.0,30115398.0
20260710144500000,160.47,160.52,159.8,159.9,255200.0,40854318.0
20260710145000000,159.89,160.35,159.7,159.73,306000.0,48944246.0
20260710145500000,159.8,160.03,159.5,159.5,344700.0,55076943.0
20260710150000000,159.45,159.68,159.13,159.68,222700.0,35519000.0
20260713093500000,159.0,162.5,158.48,161.07,658300.0,105019981.0
20260713094000000,161.2,161.95,159.59,161.2,547100.0,87863630.0
20260713094500000,161.3,166.15,160.95,166.0,993600.0,162716611.0
20260713095000000,166.16,167.52,164.49,164.75,682400.0,113635220.0
20260713095500000,164.62,165.5,163.16,165.31,429800.0,70598218.0
20260713100000000,165.25,165.26,163.68,164.26,235200.0,38593125.0
20260713100500000,164.2,165.2,163.74,165.2,410600.0,67557565.0
20260713101000000,165.13,166.88,165.13,166.84,582500.0,96794754.0
20260713101500000,166.64,167.51,166.24,167.04,443700.0,74063784.0
20260713102000000,167.04,167.58,166.19,167.17,232400.0,38774017.0
20260713102500000,167.18,167.96,166.63,167.94,261000.0,43679075.0
20260713103000000,167.99,168.58,167.05,168.0,385000.0,64721460.0
20260713103500000,167.99,168.88,167.93,168.58,319500.0,53777399.0
20260713104000000,168.6,170.68,168.41,168.88,507600.0,86085677.0
20260713104500000,168.94,169.0,167.4,167.82,187900.0,31559651.0
20260713105000000,167.82,168.68,167.01,167.05,338100.0,56628679.0
20260713105500000,167.04,167.33,166.52,167.32,263700.0,43982692.0
20260713110000000,167.33,167.65,166.68,167.14,110800.0,18518920.0
20260713110500000,167.11,167.22,166.54,166.68,91300.0,15225218.0
20260713111000000,166.66,166.66,165.55,165.59,197700.0,32806176.0
20260713111500000,165.59,165.65,163.88,163.88,286400.0,47124327.0
20260713112000000,163.96,165.15,163.96,164.42,200800.0,33000801.0
20260713112500000,164.42,165.26,164.11,165.06,169700.0,27944009.0
20260713113000000,165.06,165.51,164.61,165.02,228400.0,37721489.0
20260713130500000,165.09,165.09,163.71,164.51,353524.0,58090398.0
20260713131000000,164.52,165.59,164.22,164.51,224880.0,37096339.0
20260713131500000,164.51,165.19,164.5,164.6,111600.0,18396397.0
20260713132000000,164.61,164.7,163.68,163.86,192400.0,31561251.0
20260713132500000,163.86,163.86,161.78,162.54,393600.0,63997741.0
20260713133000000,162.53,163.01,162.53,162.79,211500.0,34416836.0
20260713133500000,162.8,164.21,162.8,164.17,187900.0,30728655.0
20260713134000000,164.0,165.48,163.62,165.3,138600.0,22770536.0
20260713134500000,165.31,165.85,165.01,165.55,258100.0,42698055.0
20260713135000000,165.58,165.86,163.8,163.89,124600.0,20565840.0
20260713135500000,163.83,164.41,163.39,163.57,217000.0,35538303.0
20260713140000000,163.57,164.11,163.11,163.79,112900.0,18468223.0
20260713140500000,163.79,163.8,163.13,163.53,141300.0,23106353.0
20260713141000000,163.52,163.73,162.69,163.0,187400.0,30571931.0
20260713141500000,163.0,163.11,162.38,162.4,205300.0,33410042.0
20260713142000000,162.4,162.75,162.35,162.62,156500.0,25436469.0
20260713142500000,162.6,162.96,162.32,162.46,136300.0,22154585.0
20260713143000000,162.45,162.81,162.0,162.81,240800.0,39084667.0
20260713143500000,162.9,162.9,162.1,162.27,199300.0,32368413.0
20260713144000000,162.32,162.75,162.2,162.32,270800.0,43992010.0
20260713144500000,162.31,162.67,162.2,162.67,339400.0,55101633.0
20260713145000000,162.62,163.38,162.51,163.01,385400.0,62808830.0
20260713145500000,163.05,163.05,162.57,162.66,374300.0,60920254.0
20260713150000000,162.59,163.17,162.58,162.93,211981.0,34514627.0
20260714093500000,160.0,162.84,158.66,159.45,775600.0,123948979.0
20260714094000000,159.38,161.95,159.27,159.77,370100.0,59431991.0
20260714094500000,159.75,161.09,159.16,160.93,385900.0,61731808.0
20260714095000000,160.98,161.26,159.49,160.0,255300.0,40894647.0
20260714095500000,159.97,161.17,159.84,161.09,244400.0,39254207.0
20260714100000000,161.17,161.58,160.36,160.36,280000.0,45094819.0
20260714100500000,160.57,161.48,160.18,161.09,148000.0,23768356.0
20260714101000000,161.09,162.27,160.72,161.26,201900.0,32593025.0
20260714101500000,161.26,163.17,161.11,161.9,346600.0,56256985.0
20260714102000000,161.98,162.0,160.79,161.21,160000.0,25814999.0
20260714102500000,161.21,161.35,160.66,160.77,144300.0,23230189.0
20260714103000000,160.77,161.0,160.53,160.68,132000.0,21210300.0
20260714103500000,160.66,162.8,160.52,162.5,287255.0,46437164.0
20260714104000000,162.01,162.01,161.12,161.15,151900.0,24558909.0
20260714104500000,161.15,162.0,160.9,161.47,80500.0,12997740.0
20260714105000000,161.46,161.69,161.2,161.44,131100.0,21170693.0
20260714105500000,161.4,162.17,161.12,161.78,148100.0,23954504.0
20260714110000000,161.7,162.01,161.16,161.83,83600.0,13516373.0
20260714110500000,161.83,161.83,161.1,161.44,132000.0,21303471.0
20260714111000000,161.34,161.34,159.95,160.16,230000.0,36905977.0
20260714111500000,160.02,161.0,159.78,160.69,189000.0,30308461.0
20260714112000000,160.76,161.0,160.36,160.73,119400.0,19198893.0
20260714112500000,160.71,160.71,159.17,159.79,208600.0,33316068.0
20260714113000000,159.74,161.29,159.74,161.08,158400.0,25410821.0
20260714130500000,161.09,162.6,161.08,162.53,341700.0,55356612.0
20260714131000000,162.58,163.16,162.53,162.62,291500.0,47452360.0
20260714131500000,162.62,162.73,162.02,162.02,113600.0,18459195.0
20260714132000000,162.1,162.31,161.09,161.5,108700.0,17579830.0
20260714132500000,161.5,162.09,161.45,161.89,144600.0,23392751.0
20260714133000000,161.89,162.21,161.66,162.11,130600.0,21157362.0
20260714133500000,162.12,162.46,162.01,162.24,112700.0,18285490.0
20260714134000000,162.31,163.0,162.01,162.06,172900.0,28101336.0
20260714134500000,162.06,162.2,161.44,162.2,73600.0,11903340.0
20260714135000000,162.14,162.14,161.22,161.55,105400.0,17033206.0
20260714135500000,161.52,161.52,160.59,160.88,107500.0,17303538.0
20260714140000000,160.98,161.18,160.86,160.99,96000.0,15458039.0
20260714140500000,160.98,161.43,160.5,160.85,154800.0,24913134.0
20260714141000000,160.85,161.13,160.58,160.58,109200.0,17558630.0
20260714141500000,160.59,162.01,160.58,161.79,167800.0,27051929.0
20260714142000000,161.83,162.19,161.0,161.01,101300.0,16373213.0
20260714142500000,161.13,161.13,160.72,160.88,78900.0,12699036.0
20260714143000000,160.88,161.02,160.74,160.74,91100.0,14656801.0
20260714143500000,160.69,161.25,160.63,161.18,133200.0,21434983.0
20260714144000000,161.18,162.78,161.07,162.59,172400.0,27947293.0
20260714144500000,162.6,162.6,161.8,162.1,133900.0,21741841.0
20260714145000000,162.1,162.51,162.07,162.51,118800.0,19280141.0
20260714145500000,162.55,163.99,162.51,163.52,286400.0,46759534.0
20260714150000000,163.5,163.5,163.19,163.24,300540.0,49072789.0
20260715093500000,163.28,165.98,163.28,163.7,667700.0,110098226.0
20260715094000000,163.5,163.5,160.51,161.31,447300.0,72259639.0
20260715094500000,161.63,161.63,159.51,161.15,362000.0,58015984.0
20260715095000000,161.32,162.47,160.09,162.0,185700.0,29946007.0
20260715095500000,161.95,163.03,160.84,161.3,176900.0,28617611.0
20260715100000000,161.3,162.49,161.3,162.19,102600.0,16593707.0
20260715100500000,162.17,163.5,161.5,162.45,206017.0,33467678.0
20260715101000000,162.41,162.42,161.5,161.5,88200.0,14301543.0
20260715101500000,161.5,162.21,161.4,162.08,70163.0,11340505.0
20260715102000000,162.08,162.38,161.01,161.04,69300.0,11206031.0
20260715102500000,161.04,161.39,160.67,161.07,126800.0,20409958.0
20260715103000000,161.08,161.85,161.07,161.39,62300.0,10055228.0
20260715103500000,161.39,162.18,161.3,162.18,81800.0,13228467.0
20260715104000000,162.18,162.53,161.69,162.52,71000.0,11520900.0
20260715104500000,162.5,162.58,161.91,162.42,91800.0,14904327.0
20260715105000000,162.4,162.51,161.91,162.3,62400.0,10125339.0
20260715105500000,162.18,162.18,161.4,161.65,38300.0,6191264.0
20260715110000000,161.65,162.4,161.59,161.79,62500.0,10116458.0
20260715110500000,161.81,161.81,161.31,161.4,38600.0,6236240.0
20260715111000000,161.41,161.45,161.01,161.29,53800.0,8675006.0
20260715111500000,161.28,161.79,161.06,161.77,55800.0,8997731.0
20260715112000000,161.76,161.76,160.6,160.7,82700.0,13317689.0
20260715112500000,160.7,160.7,159.8,159.84,243700.0,39012725.0
20260715113000000,159.85,161.0,159.85,160.97,64700.0,10384385.0
20260715130500000,160.98,162.25,160.51,161.02,107700.0,17386929.0
20260715131000000,161.03,161.38,160.8,161.1,63000.0,10152491.0
20260715131500000,161.07,161.45,160.88,161.45,57700.0,9298245.0
20260715132000000,161.5,163.88,161.5,163.88,150300.0,24467739.0
20260715132500000,163.84,164.85,163.57,164.4,251640.0,41299166.0
20260715133000000,164.38,165.0,164.01,164.78,164900.0,27147101.0
20260715133500000,164.76,164.91,162.99,163.11,160000.0,26218100.0
20260715134000000,163.11,163.64,162.61,162.76,178800.0,29135086.0
20260715134500000,163.0,164.9,162.89,163.28,276300.0,45260006.0
20260715135000000,163.28,163.43,162.1,163.26,139000.0,22622364.0
20260715135500000,163.26,163.5,162.86,163.5,130100.0,21217282.0
20260715140000000,163.6,163.76,162.57,163.17,86100.0,14029632.0
20260715140500000,163.17,163.17,161.69,161.74,163700.0,26575993.0
20260715141000000,161.74,161.81,161.1,161.13,120700.0,19475312.0
20260715141500000,161.15,161.97,160.7,161.91,151800.0,24485544.0
20260715142000000,161.86,162.19,161.66,161.67,61900.0,10021719.0
20260715142500000,161.66,162.05,161.53,161.86,65400.0,10581978.0
20260715143000000,161.98,162.62,161.9,162.09,73000.0,11844984.0
20260715143500000,162.11,162.31,161.15,161.29,179000.0,28922532.0
20260715144000000,161.28,161.66,161.16,161.66,83700.0,13501811.0
20260715144500000,161.66,161.66,161.1,161.3,135700.0,21898166.0
20260715145000000,161.28,161.34,160.68,160.82,169200.0,27230753.0
20260715145500000,160.88,161.35,160.72,160.82,189600.0,30539365.0
20260715150000000,160.89,160.99,160.3,160.46,227100.0,36480664.0
20260716093500000,159.0,159.05,155.5,155.6,733500.0,114919293.0
20260716094000000,155.59,156.99,154.5,156.88,534700.0,83121022.0
20260716094500000,156.88,157.87,156.0,157.87,162100.0,25437238.0
20260716095000000,157.56,158.65,156.8,157.64,148000.0,23337074.0
20260716095500000,157.78,158.41,156.82,158.39,101600.0,16039217.0
20260716100000000,158.45,161.2,158.45,160.0,269000.0,43036650.0
20260716100500000,159.98,160.48,159.21,160.02,111700.0,17841582.0
20260716101000000,160.07,162.3,160.07,161.78,255100.0,41221798.0
20260716101500000,161.78,163.5,161.78,163.5,394700.0,64301377.0
20260716102000000,163.5,163.57,162.02,163.12,347358.0,56626687.0
20260716102500000,163.12,163.3,160.5,160.7,212500.0,34494051.0
20260716103000000,160.5,160.7,160.28,160.4,79100.0,12695953.0
20260716103500000,160.4,161.43,159.7,160.71,194000.0,31071597.0
20260716104000000,160.71,160.71,159.3,159.56,107100.0,17136071.0
20260716104500000,159.56,160.35,158.85,160.06,109900.0,17513625.0
20260716105000000,160.18,160.72,159.31,160.4,75630.0,12108998.0
20260716105500000,160.26,160.27,159.68,160.2,37700.0,6030051.0
20260716110000000,160.2,160.77,160.06,160.13,17300.0,2774099.0
20260716110500000,160.13,160.64,159.8,160.0,79900.0,12786960.0
20260716111000000,160.0,160.25,159.99,160.0,43900.0,7027417.0
20260716111500000,160.0,160.01,159.39,159.44,52700.0,8417883.0
20260716112000000,159.38,159.52,159.33,159.33,41100.0,6552743.0
20260716112500000,159.34,160.03,159.16,159.16,66200.0,10558716.0
20260716113000000,159.16,159.77,159.16,159.49,34400.0,5484313.0
20260716130500000,159.49,160.39,158.7,158.7,164000.0,26124386.0
20260716131000000,158.91,158.91,157.24,157.25,241100.0,38117245.0
20260716131500000,157.3,158.6,157.3,158.11,90600.0,14287144.0
20260716132000000,158.47,159.11,158.1,159.11,43400.0,6877197.0
20260716132500000,159.07,159.43,157.83,157.83,77500.0,12284432.0
20260716133000000,157.84,157.92,157.15,157.2,86200.0,13574710.0
20260716133500000,157.2,157.39,156.63,157.19,226500.0,35558636.0
20260716134000000,157.19,157.2,156.21,156.47,136900.0,21433134.0
20260716134500000,156.45,156.96,156.0,156.44,95600.0,14947705.0
20260716135000000,156.42,156.45,155.51,155.77,280800.0,43779336.0
20260716135500000,155.8,156.28,155.7,155.7,123700.0,19302157.0
20260716140000000,155.7,155.78,155.37,155.69,161900.0,25187831.0
20260716140500000,155.68,155.95,155.5,155.75,108600.0,16903369.0
20260716141000000,155.75,156.9,155.75,156.22,121200.0,18950916.0
20260716141500000,156.22,156.23,155.58,155.73,88700.0,13821615.0
20260716142000000,155.73,155.94,155.6,155.84,68300.0,10638561.0
20260716142500000,155.85,155.86,155.35,155.45,121500.0,18905592.0
20260716143000000,155.45,155.8,155.34,155.71,87900.0,13668457.0
20260716143500000,155.7,155.75,155.4,155.4,73000.0,11355753.0
20260716144000000,155.35,155.84,155.15,155.19,207500.0,32250248.0
20260716144500000,155.18,155.34,155.0,155.08,303500.0,47071554.0
20260716145000000,155.08,155.11,154.52,154.67,306500.0,47464865.0
20260716145500000,154.7,155.19,154.53,155.0,211600.0,32758034.0
20260716150000000,154.95,155.68,154.92,155.59,160800.0,24991526.0
20260717093500000,153.0,154.2,149.06,149.58,700300.0,105565288.0
20260717094000000,149.56,150.16,148.29,148.5,843300.0,125815381.0
20260717094500000,148.25,149.42,146.5,146.5,619900.0,91796023.0
20260717095000000,146.51,147.04,145.52,146.67,720700.0,105351843.0
20260717095500000,146.66,149.18,146.5,147.22,459800.0,67967989.0
20260717100000000,147.32,149.09,147.03,148.23,239400.0,35428444.0
20260717100500000,148.06,148.9,146.86,148.8,226100.0,33407264.0
20260717101000000,148.8,149.41,148.5,149.23,211100.0,31459317.0
20260717101500000,149.23,150.71,148.81,150.71,363000.0,54349955.0
20260717102000000,150.71,151.58,150.24,151.05,325700.0,49185988.0
20260717102500000,151.05,151.25,150.06,151.25,229100.0,34518496.0
20260717103000000,151.15,151.25,149.75,149.84,166900.0,25117719.0
20260717103500000,149.84,149.84,148.7,148.9,199400.0,29739744.0
20260717104000000,148.83,149.38,148.05,148.52,206800.0,30731779.0
20260717104500000,149.28,149.28,147.61,147.75,210600.0,31200501.0
20260717105000000,147.61,147.91,146.77,146.93,321600.0,47358568.0
20260717105500000,147.42,147.52,146.73,147.12,201200.0,29574996.0
20260717110000000,147.27,147.77,146.87,146.9,204600.0,30106124.0
20260717110500000,147.02,149.91,147.02,149.87,302400.0,44971926.0
20260717111000000,149.87,149.87,148.19,148.84,128300.0,19103187.0
20260717111500000,148.58,149.04,148.03,148.09,102800.0,15248038.0
20260717112000000,148.09,148.67,147.61,147.71,211900.0,31355218.0
20260717112500000,147.71,148.01,146.92,147.33,208100.0,30661029.0
20260717113000000,147.33,147.88,147.0,147.45,118200.0,17412618.0
20260717130500000,147.17,147.45,146.31,146.96,294600.0,43237848.0
20260717131000000,147.0,147.04,145.9,146.06,355600.0,51990346.0
20260717131500000,146.05,146.29,144.18,144.5,430600.0,62507246.0
20260717132000000,144.5,144.78,143.33,143.57,426200.0,61371303.0
20260717132500000,143.54,144.51,143.43,143.77,259400.0,37304212.0
20260717133000000,143.77,144.85,142.86,144.12,531300.0,76368515.0
20260717133500000,144.24,144.4,142.8,144.0,311800.0,44732533.0
20260717134000000,143.26,143.63,142.0,142.29,343000.0,48956199.0
20260717134500000,142.13,143.14,142.0,142.09,193200.0,27524241.0
20260717135000000,141.99,142.79,141.66,142.6,274200.0,38950313.0
20260717135500000,142.68,143.42,141.7,142.66,342800.0,48718729.0
20260717140000000,141.97,142.95,141.82,142.54,132900.0,18936687.0
20260717140500000,142.54,144.1,142.34,143.97,267700.0,38390940.0
20260717141000000,143.97,144.34,143.51,144.26,158000.0,22748926.0
20260717141500000,144.26,144.6,143.66,144.6,170500.0,24586246.0
20260717142000000,144.6,144.69,143.28,143.5,130500.0,18783461.0
20260717142500000,143.79,144.74,143.79,144.13,130900.0,18869521.0
20260717143000000,144.12,144.5,143.6,143.6,178800.0,25749346.0
20260717143500000,143.58,144.47,143.51,144.25,221700.0,31889675.0
20260717144000000,143.97,144.19,143.38,143.49,173300.0,24925560.0
20260717144500000,143.49,143.49,142.8,142.86,245700.0,35162326.0
20260717145000000,142.8,142.97,142.15,142.27,379400.0,54093816.0
20260717145500000,142.0,142.27,140.94,140.94,422400.0,59761235.0
20260717150000000,140.9,141.2,140.74,141.0,285531.0,40243862.0
20260720093500000,143.25,146.99,143.25,146.99,834600.0,121150246.0
20260720094000000,146.99,147.39,145.47,145.83,549100.0,80595042.0
20260720094500000,145.84,146.99,145.0,146.14,295600.0,43113922.0
20260720095000000,146.11,146.11,144.6,144.95,172900.0,25093253.0
20260720095500000,144.95,146.88,144.81,146.23,212800.0,31044606.0
20260720100000000,146.25,147.78,145.82,147.26,272800.0,40128274.0
20260720100500000,147.24,148.87,146.69,148.53,365800.0,54172230.0
20260720101000000,148.63,149.73,147.91,148.49,682300.0,101734745.0
20260720101500000,148.49,149.3,148.24,148.8,288300.0,42876494.0
20260720102000000,148.8,148.9,148.13,148.9,171200.0,25419318.0
20260720102500000,148.99,149.0,148.13,148.62,178100.0,26473975.0
20260720103000000,148.82,149.2,148.18,148.18,237300.0,35319359.0
20260720103500000,148.46,148.6,146.36,146.86,245000.0,36067178.0
20260720104000000,146.86,148.5,146.43,147.73,205000.0,30133315.0
20260720104500000,147.61,149.18,147.61,149.0,215100.0,31974495.0
20260720105000000,149.1,150.9,149.1,150.88,351947.0,52766646.0
20260720105500000,150.84,151.87,150.06,151.67,376203.0,56781751.0
20260720110000000,151.59,152.28,151.37,152.26,277000.0,42060584.0
20260720110500000,152.28,153.49,152.22,152.59,314700.0,48115380.0
20260720111000000,152.6,152.6,151.37,151.71,115000.0,17479689.0
20260720111500000,151.72,152.9,151.72,152.46,85700.0,13065949.0
20260720112000000,152.5,152.89,151.75,151.75,131600.0,20064301.0
20260720112500000,151.72,151.97,150.81,151.07,102200.0,15459103.0
20260720113000000,151.09,151.8,150.56,150.81,80200.0,12114429.0
20260720130500000,150.9,150.92,149.91,150.42,145000.0,21818177.0
20260720131000000,150.42,150.91,150.01,150.91,73400.0,11038424.0
20260720131500000,150.72,151.58,149.81,150.01,94900.0,14315847.0
20260720132000000,150.01,150.3,149.8,149.98,136500.0,20473623.0
20260720132500000,149.98,150.06,148.63,148.72,142800.0,21303052.0
20260720133000000,148.9,149.4,148.2,148.39,160500.0,23873099.0
20260720133500000,148.39,148.49,147.6,147.61,199500.0,29520193.0
20260720134000000,147.61,147.93,146.41,146.46,324300.0,47765975.0
20260720134500000,146.46,146.97,146.1,146.12,199500.0,29246358.0
20260720135000000,146.1,146.96,145.4,146.4,395800.0,57803794.0
20260720135500000,146.66,147.3,146.29,146.35,184900.0,27153332.0
20260720140000000,146.4,146.71,145.7,146.38,188200.0,27513785.0
20260720140500000,146.3,148.87,146.2,148.82,289300.0,42596100.0
20260720141000000,148.64,148.77,147.45,147.98,180967.0,26832369.0
20260720141500000,147.84,147.84,146.68,147.49,116900.0,17224506.0
20260720142000000,147.19,147.6,146.7,147.6,109400.0,16106447.0
20260720142500000,147.67,147.88,147.02,147.16,123500.0,18198637.0
20260720143000000,147.15,147.28,146.03,146.05,235500.0,34566113.0
20260720143500000,146.2,146.62,146.0,146.01,180600.0,26407143.0
20260720144000000,146.0,146.61,145.97,146.3,196400.0,28708247.0
20260720144500000,146.31,147.25,145.95,147.07,209800.0,30729102.0
20260720145000000,147.03,147.26,146.31,146.87,163400.0,23975492.0
20260720145500000,146.87,147.19,146.72,147.02,127500.0,18735340.0
20260720150000000,147.0,147.4,147.0,147.4,121400.0,17874093.0
20260721093500000,149.68,151.0,147.5,149.64,544200.0,81177681.0
20260721094000000,149.64,151.0,149.45,150.07,382900.0,57493199.0
20260721094500000,150.0,151.31,149.21,149.73,388900.0,58495802.0
20260721095000000,149.7,149.7,147.02,147.02,372600.0,55265015.0
20260721095500000,147.08,147.78,146.63,146.88,297700.0,43770672.0
20260721100000000,146.68,146.9,146.09,146.14,308100.0,45122468.0
20260721100500000,146.14,146.51,145.1,145.11,409700.0,59687615.0
20260721101000000,145.1,145.88,144.8,144.8,306100.0,44470509.0
20260721101500000,144.77,145.48,144.6,145.32,299100.0,43358013.0
20260721102000000,145.57,146.44,144.92,145.0,183800.0,26749044.0
20260721102500000,145.0,146.55,144.91,146.53,204400.0,29860219.0
20260721103000000,146.59,148.87,146.59,148.8,253800.0,37553852.0
20260721103500000,148.85,150.0,148.8,149.75,181500.0,27118199.0
20260721104000000,149.36,149.95,148.81,148.97,143100.0,21402744.0
20260721104500000,148.98,148.99,147.51,148.22,153600.0,22786447.0
20260721105000000,148.22,149.5,148.13,148.55,67300.0,10020932.0
20260721105500000,148.55,149.12,147.87,149.04,111300.0,16534698.0
20260721110000000,149.04,150.73,149.04,150.31,281600.0,42226924.0
20260721110500000,150.31,151.44,150.17,151.07,174900.0,26369562.0
20260721111000000,151.05,151.57,150.21,150.42,191100.0,28878192.0
20260721111500000,150.42,150.51,149.44,149.78,207000.0,31036318.0
20260721112000000,149.78,150.54,149.71,149.71,76700.0,11509247.0
20260721112500000,149.72,150.1,149.44,150.03,76600.0,11460686.0
20260721113000000,150.03,150.94,150.03,150.9,60600.0,9127999.0
20260721130500000,150.9,154.0,150.9,153.58,545004.0,83139973.0
20260721131000000,153.79,154.0,152.02,152.5,283900.0,43524629.0
20260721131500000,152.5,153.32,152.1,152.1,136000.0,20788278.0
20260721132000000,152.11,152.21,151.39,152.0,163100.0,24764012.0
20260721132500000,152.0,152.55,151.82,152.02,169381.0,25774491.0
20260721133000000,152.09,153.08,152.0,152.21,95000.0,14493046.0
20260721133500000,152.21,152.61,151.33,151.36,133400.0,20274899.0
20260721134000000,151.36,152.3,151.33,152.29,89200.0,13536187.0
20260721134500000,152.3,152.33,151.2,151.26,119500.0,18149080.0
20260721135000000,151.27,151.7,151.25,151.66,80600.0,12206669.0
20260721135500000,151.69,152.28,151.69,152.08,70400.0,10703537.0
20260721140000000,152.09,152.21,151.63,151.65,83400.0,12664612.0
20260721140500000,151.75,151.88,151.51,151.75,73400.0,11129782.0
20260721141000000,151.79,152.0,151.74,151.88,60700.0,9220185.0
20260721141500000,151.88,152.0,151.23,151.56,168980.0,25616555.0
20260721142000000,151.56,152.12,151.3,152.12,114900.0,17436922.0
20260721142500000,152.12,153.62,152.12,153.57,411717.0,62983047.0
20260721143000000,153.77,154.41,153.35,154.26,331400.0,51053325.0
20260721143500000,154.32,154.96,154.26,154.51,244300.0,37776425.0
20260721144000000,154.5,154.8,154.08,154.61,191800.0,29636259.0
20260721144500000,154.59,155.49,154.59,155.46,248700.0,38581805.0
20260721145000000,155.43,155.5,155.15,155.5,203700.0,31652787.0
20260721145500000,155.49,155.8,155.4,155.8,180600.0,28086893.0
20260721150000000,155.8,155.86,155.65,155.69,181800.0,28305404.0
20260722093500000,159.95,160.02,157.22,160.02,851080.0,135496814.0
20260722094000000,160.18,160.31,156.48,156.6,473800.0,75099620.0
20260722094500000,156.9,157.39,155.21,156.61,441400.0,68981941.0
20260722095000000,156.61,159.0,156.61,158.64,255300.0,40337918.0
20260722095500000,158.68,159.8,158.08,159.8,211300.0,33613261.0
20260722100000000,159.6,160.18,158.69,160.14,339246.0,54205420.0
20260722100500000,160.0,160.2,158.69,158.91,186100.0,29645206.0
20260722101000000,158.95,159.55,158.75,159.05,128200.0,20383260.0
20260722101500000,159.08,159.96,158.7,159.62,132800.0,21149206.0
20260722102000000,159.5,159.62,158.78,159.46,81300.0,12946799.0
20260722102500000,159.2,159.2,158.37,158.44,99100.0,15733541.0
20260722103000000,158.44,159.11,158.08,158.13,87100.0,13813222.0
20260722103500000,158.5,158.56,156.62,157.33,202100.0,31828366.0
20260722104000000,157.23,157.73,156.06,156.18,176900.0,27756105.0
20260722104500000,156.08,156.35,154.37,155.19,468900.0,72792545.0
20260722105000000,155.16,156.19,155.0,155.2,136500.0,21211726.0
20260722105500000,155.2,155.57,152.46,152.46,409100.0,62833447.0
20260722110000000,152.46,153.19,152.22,152.67,258700.0,39465883.0
20260722110500000,152.41,152.48,151.3,151.38,279200.0,42414845.0
20260722111000000,151.33,152.59,151.33,152.46,129000.0,19598013.0
20260722111500000,152.48,154.4,152.46,154.04,114500.0,17595293.0
20260722112000000,154.04,154.22,153.45,154.15,40400.0,6214265.0
20260722112500000,154.16,154.17,153.7,153.86,44716.0,6884688.0
20260722113000000,153.86,155.0,153.86,154.32,59700.0,9223955.0
20260722130500000,154.34,154.49,153.4,153.95,89200.0,13725422.0
20260722131000000,153.63,154.44,153.41,153.85,60800.0,9361169.0
20260722131500000,153.89,154.39,153.57,154.38,73300.0,11284644.0
20260722132000000,154.37,154.68,153.6,154.65,120900.0,18632024.0
20260722132500000,154.71,156.5,154.69,156.11,199000.0,31020762.0
20260722133000000,156.47,156.5,154.99,155.39,115100.0,17919606.0
20260722133500000,155.18,155.27,154.31,155.03,62800.0,9725774.0
20260722134000000,155.01,155.26,154.47,154.81,74500.0,11529153.0
20260722134500000,154.9,155.17,154.3,154.43,34100.0,5275189.0
20260722135000000,154.37,155.47,154.37,154.75,63300.0,9811843.0
20260722135500000,154.75,154.82,154.0,154.23,37100.0,5732950.0
20260722140000000,154.23,154.3,153.6,154.3,71800.0,11044739.0
20260722140500000,153.99,154.29,153.62,153.63,40800.0,6282920.0
20260722141000000,153.63,153.76,153.01,153.38,106000.0,16253010.0
20260722141500000,153.46,153.5,152.8,152.81,111500.0,17065441.0
20260722142000000,152.83,154.3,152.72,154.08,71300.0,10948238.0
20260722142500000,154.08,155.9,154.08,155.87,124800.0,19360553.0
20260722143000000,155.87,155.87,154.87,155.37,100200.0,15560342.0
20260722143500000,154.99,156.37,154.92,156.35,195484.0,30488900.0
20260722144000000,156.35,157.32,156.08,156.5,228900.0,35875647.0
20260722144500000,156.59,157.53,156.18,156.85,261300.0,41060277.0
20260722145000000,156.89,157.5,156.69,157.28,214800.0,33764471.0
20260722145500000,157.12,157.12,156.0,156.37,168500.0,26393579.0
20260722150000000,156.38,156.78,156.2,156.54,101000.0,15811015.0
20260723093500000,156.5,156.94,154.0,154.34,221200.0,34267744.0
20260723094000000,154.1,155.3,153.39,153.99,265300.0,40927399.0
20260723094500000,154.0,154.0,151.62,151.66,445500.0,67922491.0
20260723095000000,151.79,152.73,151.31,152.61,235600.0,35795749.0
20260723095500000,152.62,153.5,152.28,152.65,126600.0,19372189.0
20260723100000000,152.71,153.29,152.39,152.56,149700.0,22890524.0
20260723100500000,152.57,152.57,151.7,152.06,137700.0,20938484.0
20260723101000000,152.12,152.67,152.01,152.57,71000.0,10817219.0
20260723101500000,152.23,152.48,151.5,151.9,189500.0,28760665.0
20260723102000000,152.12,152.18,151.5,152.18,78900.0,11974736.0
20260723102500000,152.11,152.48,151.15,151.21,164000.0,24862907.0
20260723103000000,151.26,151.4,150.55,151.22,232700.0,35137227.0
20260723103500000,151.25,151.68,150.98,151.19,64800.0,9806302.0
20260723104000000,151.19,152.33,151.19,151.99,29200.0,4433518.0
20260723104500000,151.77,152.24,151.75,151.94,44400.0,6749367.0
20260723105000000,151.94,151.94,151.5,151.51,38100.0,5778411.0
20260723105500000,151.68,152.22,151.47,152.17,66700.0,10127199.0
20260723110000000,152.16,152.16,151.17,151.3,42700.0,6473178.0
20260723110500000,151.25,151.3,150.5,150.59,145600.0,21942604.0
20260723111000000,150.6,150.79,150.5,150.58,78900.0,11883702.0
20260723111500000,150.58,150.61,150.13,150.46,227800.0,34249773.0
20260723112000000,150.46,150.78,150.21,150.39,96100.0,14455482.0
20260723112500000,150.31,150.61,150.2,150.58,69900.0,10516963.0
20260723113000000,150.59,151.28,150.25,151.28,30400.0,4579251.0
20260723130500000,151.3,152.45,151.3,151.78,74204.0,11270338.0
20260723131000000,151.85,152.7,151.46,152.61,66984.0,10182573.0
20260723131500000,152.69,152.7,152.18,152.33,28100.0,4284754.0
20260723132000000,152.33,152.33,150.65,151.2,111300.0,16870341.0
20260723132500000,151.2,151.74,151.18,151.34,33000.0,4999010.0
20260723133000000,151.5,151.69,151.0,151.21,276755.0,41889369.0
20260723133500000,151.48,152.47,151.21,152.44,52000.0,7898423.0
20260723134000000,152.44,153.69,152.43,152.82,148600.0,22745653.0
20260723134500000,152.85,152.91,152.55,152.9,53000.0,8092263.0
20260723135000000,152.89,152.89,152.19,152.24,39200.0,5980819.0
20260723135500000,152.24,152.33,151.85,151.95,43000.0,6540904.0
20260723140000000,151.95,152.1,151.8,151.88,30400.0,4618479.0
20260723140500000,151.88,151.88,151.66,151.81,60100.0,9121183.0
20260723141000000,151.81,152.05,151.81,152.04,33900.0,5152303.0
20260723141500000,152.04,152.05,151.7,151.73,43300.0,6577252.0
20260723142000000,151.73,151.94,151.51,151.59,53100.0,8056450.0
20260723142500000,151.6,151.72,151.25,151.33,62800.0,9515542.0
20260723143000000,151.27,151.51,151.26,151.51,42200.0,6387260.0
20260723143500000,151.6,151.96,151.43,151.46,57200.0,8681291.0
20260723144000000,151.48,151.95,151.45,151.92,51700.0,7849126.0
20260723144500000,151.92,152.49,151.82,152.01,81500.0,12389931.0
20260723145000000,152.01,152.01,151.8,151.86,93100.0,14139728.0
20260723145500000,151.86,152.02,151.83,151.83,127400.0,19355432.0
20260723150000000,151.85,152.0,151.83,151.85,107416.0,16315625.0
20260724093500000,149.45,151.5,147.0,151.03,315400.0,47089972.0
20260724094000000,151.15,155.79,151.15,155.2,502517.0,77406720.0
20260724094500000,155.21,156.5,154.0,156.5,544071.0,84654191.0
20260724095000000,156.19,156.19,152.98,152.98,269700.0,41667939.0
20260724095500000,153.0,153.1,151.7,152.21,215400.0,32803560.0
20260724100000000,152.22,153.15,152.13,153.15,89763.0,13691993.0
20260724100500000,153.16,154.6,152.76,154.21,122200.0,18798490.0
20260724101000000,154.11,154.95,154.08,154.86,128000.0,19788700.0
20260724101500000,154.7,155.34,153.3,153.87,222900.0,34424590.0
20260724102000000,153.74,153.92,152.71,153.78,123300.0,18890796.0
20260724102500000,153.78,154.35,153.59,154.0,80500.0,12389999.0
20260724103000000,154.0,154.62,153.75,153.79,74700.0,11517211.0
20260724103500000,153.79,154.19,153.58,154.19,94200.0,14487283.0
20260724104000000,154.19,154.25,152.7,152.7,89100.0,13669126.0
20260724104500000,152.93,153.08,151.88,151.88,138000.0,21030511.0
20260724105000000,151.88,152.43,151.5,151.65,133400.0,20260280.0
20260724105500000,151.67,151.67,150.2,151.35,187300.0,28254800.0
20260724110000000,151.36,151.64,151.0,151.63,82800.0,12529558.0
20260724110500000,151.47,151.62,150.82,151.46,83400.0,12605838.0
20260724111000000,151.36,151.36,150.6,150.79,80100.0,12101288.0
20260724111500000,150.6,151.57,150.6,150.95,56900.0,8597195.0
20260724112000000,150.95,150.95,150.31,150.4,60100.0,9050317.0
20260724112500000,150.39,150.39,150.04,150.18,80800.0,12138281.0
20260724113000000,150.18,151.3,150.0,151.24,192300.0,28898596.0
20260724130500000,151.18,151.94,150.61,150.71,121400.0,18352938.0
20260724131000000,150.69,152.44,150.58,152.22,118300.0,17960515.0
20260724131500000,152.22,153.75,152.09,153.05,155800.0,23846102.0
20260724132000000,153.05,153.69,153.02,153.32,95500.0,14641027.0
20260724132500000,153.33,153.41,152.59,153.0,53600.0,8202340.0
20260724133000000,153.0,153.5,152.88,153.1,79500.0,12179802.0
20260724133500000,153.07,153.15,152.79,152.85,68300.0,10449082.0
20260724134000000,152.79,153.01,152.31,152.96,59800.0,9128667.0
20260724134500000,152.96,152.96,152.31,152.33,52300.0,7979127.0
20260724135000000,152.33,152.5,152.31,152.31,48800.0,7436282.0
20260724135500000,152.31,152.45,152.0,152.01,76200.0,11601057.0
20260724140000000,152.0,152.24,151.83,151.83,71300.0,10836753.0
20260724140500000,151.87,152.38,151.74,151.88,80400.0,12229414.0
20260724141000000,152.04,152.23,151.51,152.23,69700.0,10580227.0
20260724141500000,152.23,153.0,152.12,152.73,106000.0,16169913.0
20260724142000000,152.73,152.73,152.55,152.68,64000.0,9769996.0
20260724142500000,152.65,153.3,152.21,152.73,111100.0,16980852.0
20260724143000000,152.7,153.2,152.6,153.01,65000.0,9944170.0
20260724143500000,153.01,153.21,152.62,153.0,91100.0,13928794.0
20260724144000000,153.12,153.15,152.5,152.67,66600.0,10176649.0
20260724144500000,152.67,152.86,152.41,152.82,90500.0,13817099.0
20260724145000000,152.82,152.82,152.0,152.19,111200.0,16936330.0
20260724145500000,152.21,152.67,152.08,152.34,195400.0,29761918.0
20260724150000000,152.33,152.34,151.99,152.05,95100.0,14467453.0
20260727093500000,151.0,152.0,147.68,147.68,386800.0,57837939.0
20260727094000000,147.87,148.95,147.5,148.73,312900.0,46419930.0
20260727094500000,148.74,149.83,146.75,149.49,485400.0,71820108.0
20260727095000000,149.0,151.9,148.88,151.3,204500.0,30653185.0
20260727095500000,151.3,154.32,151.03,153.07,353632.0,54114531.0
20260727100000000,153.29,154.23,153.1,153.45,211100.0,32429786.0
20260727100500000,153.66,153.66,152.05,152.49,175400.0,26774262.0
20260727101000000,152.49,152.68,151.52,151.87,164600.0,25037654.0
20260727101500000,152.35,152.44,151.44,151.5,169700.0,25780173.0
20260727102000000,151.48,152.8,150.74,151.28,183000.0,27685989.0
20260727102500000,151.28,152.41,151.0,151.86,98500.0,14957746.0
20260727103000000,152.01,152.99,151.4,151.7,133200.0,20265113.0
20260727103500000,152.19,152.19,150.91,151.21,184300.0,27918307.0
20260727104000000,151.3,151.3,149.4,149.56,164500.0,24723509.0
20260727104500000,149.97,150.41,149.42,150.11,99000.0,14834453.0
20260727105000000,150.3,150.7,149.7,149.9,101600.0,15255510.0
20260727105500000,150.38,150.6,149.61,150.02,160600.0,24105722.0
20260727110000000,150.4,150.57,149.98,150.03,95300.0,14318467.0
20260727110500000,150.03,150.32,149.15,149.49,189100.0,28281892.0
20260727111000000,149.49,149.9,148.8,149.29,184200.0,27515743.0
20260727111500000,149.47,149.9,148.8,149.53,103500.0,15461698.0
20260727112000000,149.82,149.82,148.8,148.83,114700.0,17117689.0
20260727112500000,149.19,149.66,148.8,149.0,388000.0,57835574.0
20260727113000000,149.04,149.64,148.98,149.21,61800.0,9220687.0
20260727130500000,149.21,149.82,148.7,148.7,146700.0,21881415.0
20260727131000000,148.7,149.09,148.65,148.92,65800.0,9794408.0
20260727131500000,148.92,149.01,148.8,148.91,79000.0,11761386.0
20260727132000000,148.83,149.14,148.6,148.88,80200.0,11937206.0
20260727132500000,148.87,148.89,148.33,148.34,97100.0,14429996.0
20260727133000000,148.34,148.9,148.2,148.46,75300.0,11181963.0
20260727133500000,148.44,148.5,148.14,148.2,76300.0,11314113.0
20260727134000000,148.2,148.57,148.2,148.25,88200.0,13079001.0
20260727134500000,148.23,148.78,148.23,148.58,55800.0,8288813.0
20260727135000000,148.58,148.88,148.41,148.77,58200.0,8651702.0
20260727135500000,148.7,149.17,148.69,149.17,54400.0,8101778.0
20260727140000000,149.17,149.24,148.84,149.0,64300.0,9586723.0
20260727140500000,149.0,149.36,148.61,148.72,58200.0,8673546.0
20260727141000000,148.72,149.0,148.61,148.81,46800.0,6964651.0
20260727141500000,148.81,149.17,148.76,149.0,57900.0,8626559.0
20260727142000000,149.0,149.19,148.85,148.98,42400.0,6319953.0
20260727142500000,148.98,149.63,148.93,149.34,99100.0,14806601.0
20260727143000000,149.29,149.88,149.29,149.75,62900.0,9412446.0
20260727143500000,149.75,150.69,149.66,150.69,144100.0,21639774.0
20260727144000000,150.7,151.28,150.64,151.01,154300.0,23306161.0
20260727144500000,151.1,151.9,150.95,151.86,158700.0,24031397.0
20260727145000000,151.81,151.9,151.37,151.71,155900.0,23638587.0
20260727145500000,151.71,152.02,151.59,151.7,223000.0,33852006.0
20260727150000000,151.73,152.58,151.73,152.07,151400.0,23035731.0
20260728093500000,150.0,151.35,149.13,149.94,309300.0,46380804.0
20260728094000000,150.22,151.9,148.73,149.62,320700.0,48072586.0
20260728094500000,149.62,150.06,149.06,149.97,153300.0,22908611.0
20260728095000000,149.97,150.5,149.41,149.82,87600.0,13123297.0
20260728095500000,149.79,150.76,149.4,150.76,94400.0,14155719.0
20260728100000000,150.76,151.23,150.0,150.0,120200.0,18115373.0
20260728100500000,150.25,151.5,149.83,150.61,150900.0,22771926.0
20260728101000000,150.71,150.88,149.88,150.63,90600.0,13620811.0
20260728101500000,150.63,150.63,149.7,149.99,86500.0,12976357.0
20260728102000000,149.91,150.0,149.74,149.84,48300.0,7238044.0
20260728102500000,149.83,149.91,148.8,149.05,277500.0,41389925.0
20260728103000000,149.04,149.34,148.8,148.8,148800.0,22168324.0
20260728103500000,148.8,149.25,148.8,149.01,104400.0,15550785.0
20260728104000000,149.01,149.02,148.15,148.25,162200.0,24086862.0
20260728104500000,148.27,149.24,148.27,149.0,89900.0,13377339.0
20260728105000000,149.0,149.12,148.77,149.0,96600.0,14384294.0
20260728105500000,149.0,149.88,148.97,149.39,67500.0,10077783.0
20260728110000000,149.3,149.55,149.01,149.01,46000.0,6868113.0
20260728110500000,149.01,149.2,148.74,148.74,78100.0,11639250.0
20260728111000000,148.97,148.99,148.5,148.68,90300.0,13433248.0
20260728111500000,148.67,149.2,148.51,149.19,78600.0,11693688.0
20260728112000000,149.1,150.21,148.97,149.46,85100.0,12741383.0
20260728112500000,149.46,149.97,149.21,149.6,58300.0,8718089.0
20260728113000000,149.6,149.98,149.11,149.24,56300.0,8424392.0
20260728130500000,149.2,149.2,147.22,147.23,374500.0,55430827.0
20260728131000000,147.22,147.99,147.01,147.74,152700.0,22490152.0
20260728131500000,147.75,148.25,147.5,148.0,103800.0,15351777.0
20260728132000000,148.0,148.01,147.53,147.56,101200.0,14949826.0
20260728132500000,147.56,147.67,147.49,147.5,121800.0,17970921.0
20260728133000000,147.45,147.65,146.87,147.65,387900.0,57071701.0
20260728133500000,147.64,147.89,147.33,147.62,133200.0,19667640.0
20260728134000000,147.6,148.33,147.34,148.33,113800.0,16811797.0
20260728134500000,148.32,149.49,148.19,148.6,132900.0,19785270.0
20260728135000000,148.62,148.96,147.41,147.87,103100.0,15269013.0
20260728135500000,147.6,147.8,147.42,147.67,82700.0,12209253.0
20260728140000000,147.67,147.76,147.3,147.31,90600.0,13364127.0
20260728140500000,147.31,147.55,147.2,147.5,121800.0,17949214.0
20260728141000000,147.53,148.16,147.5,147.97,89700.0,13261062.0
20260728141500000,147.95,148.2,147.72,148.08,111400.0,16486684.0
20260728142000000,148.08,148.4,147.81,148.4,106800.0,15822111.0
20260728142500000,148.42,148.79,147.23,147.43,116300.0,17219898.0
20260728143000000,147.54,147.61,147.21,147.57,130400.0,19220732.0
20260728143500000,147.57,147.57,146.9,147.0,245500.0,36112125.0
20260728144000000,147.0,147.21,146.7,147.02,178900.0,26277936.0
20260728144500000,146.98,147.5,146.78,146.81,144900.0,21299740.0
20260728145000000,146.96,147.15,146.8,146.9,137900.0,20261158.0
20260728145500000,146.9,147.98,146.9,147.72,135900.0,20045627.0
20260728150000000,147.72,147.87,147.45,147.45,130407.0,19244577.0
20260729093500000,146.95,149.66,145.79,145.86,466300.0,68690189.0
20260729094000000,145.86,146.67,145.66,146.27,224000.0,32724429.0
20260729094500000,146.39,146.91,145.86,146.21,229600.0,33569156.0
20260729095000000,146.2,146.73,145.66,145.92,225600.0,32948435.0
20260729095500000,145.92,145.92,143.56,144.37,627200.0,90763561.0
20260729100000000,144.48,144.48,139.12,139.12,972300.0,137424135.0
20260729100500000,139.11,140.97,138.1,138.88,1043556.0,145168162.0
20260729101000000,138.88,140.99,138.53,140.99,319400.0,44508020.0
20260729101500000,141.0,142.99,140.99,142.5,213400.0,30268832.0
20260729102000000,142.03,143.4,141.94,142.59,449100.0,64009760.0
20260729102500000,142.32,142.9,142.09,142.48,112700.0,16060967.0
20260729103000000,142.49,145.59,142.49,144.52,306700.0,44315788.0
20260729103500000,144.6,144.6,143.55,144.14,148400.0,21374229.0
20260729104000000,144.14,144.18,143.1,143.25,90100.0,12929229.0
20260729104500000,143.46,143.85,142.81,143.03,102700.0,14724523.0
20260729105000000,143.2,143.8,142.98,143.37,53900.0,7719435.0
20260729105500000,143.35,144.28,142.05,142.05,232800.0,33322021.0
20260729110000000,142.14,142.17,140.68,142.0,314500.0,44474019.0
20260729110500000,142.0,142.01,141.37,141.93,83200.0,11790139.0
20260729111000000,141.89,142.14,141.18,142.14,67300.0,9530431.0
20260729111500000,142.2,142.36,141.22,142.13,129365.0,18319855.0
20260729112000000,142.07,143.29,142.07,142.67,94100.0,13426403.0
20260729112500000,142.51,142.79,141.65,141.83,92400.0,13146111.0
20260729113000000,141.75,142.73,141.68,142.49,68200.0,9702439.0
20260729130500000,142.84,146.0,142.01,145.83,342600.0,49502715.0
20260729131000000,145.9,146.8,145.25,146.12,309100.0,45124717.0
20260729131500000,146.3,148.53,146.26,148.53,320300.0,47244395.0
20260729132000000,148.51,148.81,147.79,147.79,258900.0,38422362.0
20260729132500000,147.79,148.4,147.01,147.22,210600.0,31115174.0
20260729133000000,147.03,149.91,146.5,149.53,432300.0,64297008.0
20260729133500000,148.84,149.8,148.5,149.8,236222.0,35268575.0
20260729134000000,149.7,150.8,149.7,150.69,281579.0,42317091.0
20260729134500000,150.73,151.86,150.7,151.45,357600.0,54070772.0
20260729135000000,151.45,151.56,150.15,150.19,152600.0,23043528.0
20260729135500000,150.18,150.5,149.05,149.2,166500.0,24943364.0
20260729140000000,149.73,149.73,148.8,149.42,129880.0,19378058.0
20260729140500000,149.41,150.0,149.18,149.43,89600.0,13407682.0
20260729141000000,149.19,149.43,148.61,149.07,91600.0,13653628.0
20260729141500000,149.22,149.29,148.43,149.21,109900.0,16347992.0
20260729142000000,149.28,149.98,149.02,149.62,78300.0,11704713.0
20260729142500000,149.81,149.97,148.8,148.8,100100.0,14959389.0
20260729143000000,148.55,148.8,148.0,148.61,125600.0,18642631.0
20260729143500000,148.61,149.0,148.5,148.55,81600.0,12144559.0
20260729144000000,148.68,148.72,148.2,148.21,102900.0,15286128.0
20260729144500000,148.21,148.58,148.21,148.48,59400.0,8814790.0
20260729145000000,148.41,149.0,148.4,148.99,84600.0,12589481.0
20260729145500000,148.99,149.0,148.72,148.83,108900.0,16205593.0
20260729150000000,148.83,149.0,148.82,148.99,99400.0,14807504.0
20260730093500000,148.0,152.69,147.0,152.0,538700.0,81219209.0
20260730094000000,152.0,153.51,151.66,151.79,606100.0,92523955.0
20260730094500000,151.79,151.85,150.49,151.51,266700.0,40293100.0
20260730095000000,151.51,151.51,149.1,149.26,231700.0,34778120.0
20260730095500000,149.4,150.53,149.24,150.43,148500.0,22269441.0
20260730100000000,150.5,150.5,149.63,150.06,101900.0,15289548.0
20260730100500000,150.06,151.0,149.82,150.36,139800.0,21025890.0
20260730101000000,150.37,150.37,148.67,149.59,199100.0,29770096.0
20260730101500000,149.68,149.68,148.26,148.26,99100.0,14770633.0
20260730102000000,148.28,149.08,148.26,148.84,96700.0,14379938.0
20260730102500000,148.8,149.59,148.76,149.08,70200.0,10468696.0
20260730103000000,149.08,149.09,148.69,148.75,55900.0,8324360.0
20260730103500000,148.8,149.35,148.5,148.66,94900.0,14117340.0
20260730104000000,148.74,149.11,148.08,148.47,129800.0,19269126.0
20260730104500000,148.47,148.87,147.73,148.19,187900.0,27839855.0
20260730105000000,148.19,148.81,147.72,147.83,90700.0,13433996.0
20260730105500000,147.85,148.3,147.02,147.02,134800.0,19882295.0
20260730110000000,147.0,147.28,146.88,147.27,106500.0,15657637.0
20260730110500000,147.27,147.6,146.81,147.6,88500.0,13014717.0
20260730111000000,147.6,148.03,147.3,147.57,46900.0,6922575.0
20260730111500000,147.42,147.9,147.26,147.27,33500.0,4940941.0
20260730112000000,147.27,147.58,147.09,147.09,31500.0,4640394.0
20260730112500000,147.09,147.63,146.85,147.38,69000.0,10151132.0
20260730113000000,147.38,147.64,146.87,147.41,75100.0,11046883.0
20260730130500000,147.41,147.41,145.77,146.39,279700.0,40921376.0
20260730131000000,146.39,148.32,146.27,148.3,78100.0,11480720.0
20260730131500000,148.3,148.3,147.45,147.9,54400.0,8045184.0
20260730132000000,147.9,147.93,146.52,146.98,43500.0,6399932.0
20260730132500000,146.98,148.25,146.88,148.1,72400.0,10675852.0
20260730133000000,148.1,148.28,147.44,147.82,78200.0,11573322.0
20260730133500000,147.85,149.91,147.56,148.67,246000.0,36637575.0
20260730134000000,149.03,149.03,147.01,147.06,86600.0,12814229.0
20260730134500000,147.17,147.99,147.04,147.2,101800.0,15000336.0
20260730135000000,147.2,148.76,147.18,148.17,54300.0,8048123.0
20260730135500000,148.18,148.39,147.32,147.83,43500.0,6434127.0
20260730140000000,147.83,148.43,147.5,147.61,85000.0,12561560.0
20260730140500000,147.55,148.1,147.3,148.1,64800.0,9575154.0
20260730141000000,148.12,149.0,147.8,147.86,131656.0,19563398.0
20260730141500000,147.86,148.13,147.18,147.96,85900.0,12674334.0
20260730142000000,147.8,148.06,147.26,148.06,68100.0,10056420.0
20260730142500000,148.06,148.47,147.8,147.94,87700.0,12985949.0
20260730143000000,147.93,147.96,147.33,147.49,133500.0,19700875.0
20260730143500000,147.49,148.29,147.11,147.23,112500.0,16579989.0
20260730144000000,147.58,147.65,147.15,147.59,85100.0,12536558.0
20260730144500000,147.59,147.61,147.2,147.2,130300.0,19213871.0
20260730145000000,147.11,147.55,147.0,147.23,178900.0,26312772.0
20260730145500000,147.23,147.38,147.13,147.16,112300.0,16535791.0
20260730150000000,147.18,147.2,147.0,147.0,83600.0,12292658.0
20260731093500000,149.9,150.5,148.54,149.12,383500.0,57326141.0
20260731094000000,149.12,149.12,148.19,148.83,204052.0,30336822.0
20260731094500000,148.84,150.3,148.84,150.11,307900.0,46027738.0
20260731095000000,150.14,152.5,150.0,151.86,439500.0,66539116.0
20260731095500000,151.95,154.6,151.9,153.18,722100.0,110662316.0
20260731100000000,153.17,154.27,153.06,153.17,326300.0,50132554.0
20260731100500000,153.08,153.63,152.11,152.5,362300.0,55462891.0
20260731101000000,152.5,153.54,152.11,152.13,216800.0,33118031.0
20260731101500000,152.17,152.5,151.0,151.7,160600.0,24367189.0
20260731102000000,151.59,152.5,151.28,152.49,128600.0,19514655.0
20260731102500000,152.46,153.06,152.18,152.51,129900.0,19820220.0
20260731103000000,152.51,152.7,151.81,152.01,90200.0,13738331.0
20260731103500000,152.0,152.53,151.5,152.24,108200.0,16457413.0
20260731104000000,152.25,152.78,151.85,151.88,91700.0,13970724.0
20260731104500000,151.88,153.21,151.88,153.21,297900.0,45392724.0
20260731105000000,153.14,153.79,152.6,152.65,129800.0,19900545.0
20260731105500000,152.71,152.99,152.06,152.99,56700.0,8648433.0
20260731110000000,152.9,152.95,152.32,152.77,54900.0,8385340.0
20260731110500000,152.77,152.95,152.28,152.42,50875.0,7767184.0
20260731111000000,152.42,152.5,152.26,152.33,54700.0,8336007.0
20260731111500000,152.37,152.83,152.33,152.58,57900.0,8832569.0
20260731112000000,152.58,152.76,152.28,152.49,56700.0,8648992.0
20260731112500000,152.5,152.81,152.45,152.56,66100.0,10092212.0
20260731113000000,152.57,153.22,152.57,153.11,87700.0,13411857.0
20260731130500000,153.11,154.05,152.83,153.01,312200.0,47974149.0
20260731131000000,153.15,153.39,152.6,153.39,67800.0,10377001.0
20260731131500000,153.39,153.97,153.39,153.7,90700.0,13941503.0
20260731132000000,153.68,156.0,153.68,155.01,903500.0,139827970.0
20260731132500000,155.0,155.26,154.77,154.77,134100.0,20783882.0
20260731133000000,154.9,155.42,154.65,155.37,191007.0,29616292.0
20260731133500000,155.36,155.37,153.21,153.25,113200.0,17450982.0
20260731134000000,153.46,153.84,152.7,153.19,204900.0,31363746.0
20260731134500000,153.16,153.46,152.82,152.96,140600.0,21519051.0
20260731135000000,152.9,153.27,152.84,153.09,76300.0,11678929.0
20260731135500000,153.11,153.3,152.9,152.94,67300.0,10305238.0
20260731140000000,152.94,153.25,152.87,153.25,74200.0,11351895.0
20260731140500000,153.17,153.53,153.0,153.53,89400.0,13708277.0
20260731141000000,153.53,153.53,153.0,153.36,69900.0,10721109.0
20260731141500000,153.35,153.35,152.9,153.27,116500.0,17835374.0
20260731142000000,153.26,153.26,152.84,152.97,101800.0,15570140.0
20260731142500000,152.96,153.56,152.84,153.54,115100.0,17611452.0
20260731143000000,153.54,153.75,153.47,153.57,77900.0,11963130.0
20260731143500000,153.53,153.65,153.02,153.28,78500.0,12036270.0
20260731144000000,153.29,153.41,153.11,153.3,131100.0,20100991.0
20260731144500000,153.3,153.3,152.91,153.03,119217.0,18242001.0
20260731145000000,153.03,153.03,152.82,152.89,150483.0,23008561.0
20260731145500000,152.89,152.89,152.33,152.33,214800.0,32778650.0
20260731150000000,152.32,152.6,152.29,152.6,135825.0,20713414.0
20260803093500000,152.0,152.6,151.0,151.06,555199.0,84175874.0
20260803094000000,151.0,155.61,150.88,154.72,722600.0,110951998.0
20260803094500000,154.5,154.69,153.01,153.06,435200.0,66928326.0
20260803095000000,153.06,155.67,153.06,154.54,345500.0,53494556.0
20260803095500000,154.37,154.94,153.54,153.54,156400.0,24133177.0
20260803100000000,153.52,153.52,151.3,151.6,439500.0,66940983.0
20260803100500000,151.6,152.13,151.48,151.88,136500.0,20741320.0
20260803101000000,151.88,153.0,151.88,152.99,34700.0,5290224.0
20260803101500000,152.99,153.46,152.58,153.22,56125.0,8588542.0
20260803102000000,153.22,153.35,151.13,152.37,191675.0,29073081.0
20260803102500000,152.37,152.51,152.0,152.0,36100.0,5499563.0
20260803103000000,152.1,152.5,151.53,152.21,38000.0,5780480.0
20260803103500000,152.07,152.07,151.0,151.51,244400.0,37012460.0
20260803104000000,151.51,152.44,151.27,151.29,62400.0,9460118.0
20260803104500000,151.29,151.69,151.21,151.41,42600.0,6454363.0
20260803105000000,151.41,152.01,151.15,151.2,97200.0,14712543.0
20260803105500000,151.2,151.52,151.01,151.19,73800.0,11156060.0
20260803110000000,151.19,151.9,151.06,151.64,43100.0,6528317.0
20260803110500000,151.64,152.5,151.64,152.5,35200.0,5356495.0
20260803111000000,152.37,152.37,152.0,152.15,56700.0,8627681.0
20260803111500000,152.15,152.53,152.0,152.45,34800.0,5297571.0
20260803112000000,152.44,152.51,151.8,152.47,65500.0,9966103.0
20260803112500000,152.47,152.48,151.81,151.88,27300.0,4156665.0
20260803113000000,151.88,152.45,151.83,152.16,14100.0,2143914.0
20260803130500000,152.16,152.99,152.01,152.01,52400.0,7983957.0
20260803131000000,152.0,152.0,151.26,151.97,55000.0,8339602.0
20260803131500000,151.61,151.95,151.61,151.8,36700.0,5568037.0
20260803132000000,151.8,151.8,150.41,150.75,413100.0,62313976.0
20260803132500000,150.75,150.97,150.12,150.67,128000.0,19255362.0
20260803133000000,150.69,150.98,150.32,150.98,65400.0,9850678.0
20260803133500000,150.98,151.01,150.78,150.93,23600.0,3561303.0
20260803134000000,150.97,150.97,150.7,150.87,27000.0,4073808.0
20260803134500000,150.95,150.95,150.44,150.46,47900.0,7218864.0
20260803135000000,150.46,150.59,150.01,150.34,208800.0,31350658.0
20260803135500000,150.34,150.34,150.0,150.1,73200.0,10987196.0
20260803140000000,150.13,150.29,150.0,150.0,93300.0,13997883.0
20260803140500000,149.98,150.01,149.79,149.84,97000.0,14544073.0
20260803141000000,149.94,150.32,149.82,149.84,52200.0,7828147.0
20260803141500000,149.85,150.0,149.79,149.92,104100.0,15611161.0
20260803142000000,149.92,149.97,149.78,149.81,83900.0,12573299.0
20260803142500000,149.82,150.23,149.8,150.05,35000.0,5247645.0
20260803143000000,150.05,150.17,149.79,149.8,80300.0,12038075.0
20260803143500000,149.79,149.84,149.71,149.75,75100.0,11248667.0
20260803144000000,149.71,149.81,149.52,149.72,70400.0,10538345.0
20260803144500000,149.68,149.7,149.65,149.66,78800.0,11793904.0
20260803145000000,149.66,149.77,149.65,149.77,98900.0,14802774.0
20260803145500000,149.77,149.88,149.7,149.75,115900.0,17359066.0
20260803150000000,149.75,149.76,149.65,149.65,114207.0,17092574.0
20260804093500000,149.65,151.93,149.65,151.22,673200.0,101281597.0
20260804094000000,151.57,152.26,149.31,150.39,286500.0,43263732.0
20260804094500000,150.44,151.19,149.69,150.81,125600.0,18873338.0
20260804095000000,151.0,153.61,151.0,153.27,618800.0,94389228.0
20260804095500000,153.4,153.64,152.72,153.25,436744.0,66937715.0
20260804100000000,153.35,153.66,152.8,152.8,212300.0,32557670.0
20260804100500000,152.66,153.5,152.53,153.0,92700.0,14181866.0
20260804101000000,152.81,154.72,152.66,154.23,500546.0,77010576.0
20260804101500000,154.0,154.0,152.5,153.08,116000.0,17759285.0
20260804102000000,153.07,154.49,152.82,154.44,144800.0,22278197.0
20260804102500000,154.48,154.49,153.19,153.49,78500.0,12070580.0
20260804103000000,153.49,154.0,153.32,153.93,59100.0,9090572.0
20260804103500000,153.93,153.98,153.4,153.78,40800.0,6270793.0
20260804104000000,153.57,153.99,153.57,153.95,50300.0,7738032.0
20260804104500000,153.83,153.9,153.31,153.66,25800.0,3963136.0
20260804105000000,153.68,153.8,153.44,153.6,45900.0,7049028.0
20260804105500000,153.6,153.78,153.21,153.4,51900.0,7961801.0
20260804110000000,153.4,153.96,153.4,153.87,63600.0,9780996.0
20260804110500000,153.69,155.5,153.69,154.71,667526.0,103307440.0
20260804111000000,154.79,156.9,154.79,156.84,607000.0,94618574.0
20260804111500000,156.84,156.88,155.64,156.58,174700.0,27315969.0
20260804112000000,156.58,156.66,156.08,156.17,129600.0,20267735.0
20260804112500000,156.4,157.0,156.16,156.4,230400.0,36133700.0
20260804113000000,156.4,156.7,156.1,156.19,83642.0,13070062.0
20260804130500000,156.18,156.5,155.61,156.15,136000.0,21233112.0
20260804131000000,156.15,156.28,155.73,155.76,69400.0,10819587.0
20260804131500000,156.0,156.0,155.0,155.46,98135.0,15246793.0
20260804132000000,155.46,155.46,155.0,155.09,53700.0,8333229.0
20260804132500000,155.19,155.4,155.09,155.4,42100.0,6534582.0
20260804133000000,155.4,155.9,155.4,155.9,38000.0,5916981.0
20260804133500000,155.88,156.38,155.79,155.84,68100.0,10630171.0
20260804134000000,155.81,156.0,155.46,156.0,118100.0,18393881.0
20260804134500000,155.95,156.17,155.66,155.92,45500.0,7094447.0
20260804135000000,155.86,156.0,155.8,155.94,49400.0,7703543.0
20260804135500000,155.88,155.88,155.6,155.83,32700.0,5092980.0
20260804140000000,155.83,155.83,155.53,155.65,48600.0,7565241.0
20260804140500000,155.65,155.88,155.54,155.88,142600.0,22203223.0
20260804141000000,155.84,155.86,155.64,155.77,46200.0,7195600.0
20260804141500000,155.83,156.29,155.71,155.71,152307.0,23747294.0
20260804142000000,155.77,156.5,155.6,156.49,78700.0,12279161.0
20260804142500000,156.49,156.49,155.8,156.08,72000.0,11240224.0
20260804143000000,156.08,156.35,156.08,156.25,65400.0,10218434.0
20260804143500000,156.25,156.37,156.11,156.3,110000.0,17191389.0
20260804144000000,156.28,156.5,156.18,156.34,133000.0,20797537.0
20260804144500000,156.33,156.33,155.7,155.7,127900.0,19962832.0
20260804145000000,155.7,156.5,155.7,156.48,373100.0,58256091.0
20260804145500000,156.29,156.5,156.29,156.49,168200.0,26316316.0
20260804150000000,156.48,157.96,156.48,157.15,351134.0,55137690.0
20260805093500000,157.77,158.79,156.69,158.1,395500.0,62452470.0
20260805094000000,158.05,161.07,157.31,160.81,544400.0,86608876.0
20260805094500000,160.97,161.44,160.11,160.4,330600.0,53217494.0
20260805095000000,160.39,161.0,159.85,160.7,180100.0,28883983.0
20260805095500000,160.7,162.8,160.38,162.8,264000.0,42706844.0
20260805100000000,162.88,166.19,162.87,164.82,620100.0,102280634.0
20260805100500000,164.84,166.72,164.82,166.52,483000.0,80247612.0
20260805101000000,166.52,167.78,166.0,167.53,304700.0,50915552.0
20260805101500000,167.53,167.53,164.5,165.21,250400.0,41477553.0
20260805102000000,165.02,165.09,163.96,164.84,269700.0,44384462.0
20260805102500000,164.84,166.39,164.57,166.05,134000.0,22192618.0
20260805103000000,166.05,166.76,165.88,166.23,127600.0,21218531.0
20260805103500000,166.22,168.88,166.13,168.04,468900.0,78646166.0
20260805104000000,168.55,168.8,167.15,167.4,150300.0,25301653.0
20260805104500000,167.45,169.49,167.21,169.4,320900.0,54154664.0
20260805105000000,169.45,170.0,169.13,169.7,287700.0,48840311.0
20260805105500000,169.87,170.99,169.66,170.22,418100.0,71179977.0
20260805110000000,170.22,170.69,169.65,170.01,157900.0,26876954.0
20260805110500000,170.07,170.35,170.05,170.35,76100.0,12949434.0
20260805111000000,170.35,172.02,170.13,171.65,351200.0,60197650.0
20260805111500000,171.64,171.64,171.15,171.33,79000.0,13541995.0
20260805112000000,171.5,171.55,170.51,170.69,93240.0,15948900.0
20260805112500000,170.54,171.21,170.16,170.16,197500.0,33711759.0
20260805113000000,170.16,170.77,169.82,169.89,143000.0,24350638.0
20260805130500000,169.89,171.88,169.88,171.54,240700.0,41180528.0
20260805131000000,171.59,172.8,171.42,172.8,433500.0,74569358.0
20260805131500000,172.8,172.87,172.76,172.87,922100.0,159395965.0
20260805132000000,172.87,172.87,172.87,172.87,87000.0,15039690.0
20260805132500000,172.87,172.87,172.87,172.87,69400.0,11997178.0
20260805133000000,172.87,172.87,172.87,172.87,196900.0,34038103.0
20260805133500000,172.87,172.87,172.87,172.87,218700.0,37806669.0
20260805134000000,172.87,172.87,172.87,172.87,31600.0,5462692.0
20260805134500000,172.87,172.87,172.87,172.87,132300.0,22870701.0
20260805135000000,172.87,172.87,172.87,172.87,16700.0,2886929.0
20260805135500000,172.87,172.87,172.87,172.87,22300.0,3855001.0
20260805140000000,172.87,172.87,172.87,172.87,11600.0,2005292.0
20260805140500000,172.87,172.87,172.87,172.87,28035.0,4846410.0
20260805141000000,172.87,172.87,172.87,172.87,31900.0,5514553.0
20260805141500000,172.87,172.87,172.87,172.87,10700.0,1849709.0
20260805142000000,172.87,172.87,172.87,172.87,20300.0,3509261.0
20260805142500000,172.87,172.87,172.87,172.87,17200.0,2973364.0
20260805143000000,172.87,172.87,172.87,172.87,12500.0,2160875.0
20260805143500000,172.87,172.87,172.87,172.87,14100.0,2437467.0
20260805144000000,172.87,172.87,172.87,172.87,5700.0,985359.0
20260805144500000,172.87,172.87,172.87,172.87,8100.0,1400247.0
20260805145000000,172.87,172.87,172.87,172.87,5400.0,933498.0
20260805145500000,172.87,172.87,172.87,172.87,23700.0,4097019.0
20260805150000000,172.87,172.87,172.87,172.87,21400.0,3699418.0
20260806093500000,176.1,176.8,171.53,176.59,1518300.0,265717842.0
20260806094000000,176.59,179.78,176.59,177.72,1150800.0,205319495.0
20260806094500000,178.0,179.65,177.94,178.47,536900.0,95969103.0
20260806095000000,178.48,181.99,178.21,181.99,747900.0,135020106.0
20260806095500000,181.99,184.35,181.71,182.83,1011526.0,185162777.0
20260806100000000,182.78,183.28,180.26,181.1,505200.0,91875173.0
20260806100500000,180.75,182.99,180.71,182.99,274131.0,49765310.0
20260806101000000,183.0,183.36,182.05,183.0,292900.0,53530177.0
20260806101500000,183.0,183.0,181.25,182.51,292069.0,53240804.0
20260806102000000,182.51,182.51,181.0,181.0,333600.0,60555514.0
20260806102500000,180.83,181.43,180.51,181.28,393900.0,71235624.0
20260806103000000,181.2,181.82,181.13,181.35,156200.0,28345286.0
20260806103500000,181.35,181.86,181.01,181.36,180000.0,32673657.0
20260806104000000,181.36,181.6,180.92,180.92,205900.0,37306214.0
20260806104500000,180.98,181.65,180.68,181.44,174100.0,31511731.0
20260806105000000,180.98,181.6,180.79,181.23,115700.0,20954079.0
20260806105500000,181.2,182.22,181.07,181.73,191440.0,34760588.0
20260806110000000,181.74,181.78,180.9,181.41,98868.0,17937846.0
20260806110500000,181.4,181.65,181.11,181.31,75900.0,13762130.0
20260806111000000,181.2,182.0,181.2,181.59,100000.0,18154843.0
20260806111500000,181.39,182.22,181.35,181.6,125800.0,22873758.0
20260806112000000,181.61,181.88,180.51,181.18,223300.0,40462384.0
20260806112500000,181.18,182.0,180.75,181.09,158500.0,28767760.0
20260806113000000,181.46,181.86,181.01,181.85,101203.0,18355324.0
20260806130500000,181.84,183.64,181.84,183.64,377100.0,68918797.0
20260806131000000,183.62,183.62,182.26,182.29,135800.0,24826990.0
20260806131500000,182.28,182.28,181.12,181.54,133600.0,24254478.0
20260806132000000,181.52,181.91,181.2,181.2,93600.0,17000481.0
20260806132500000,181.26,181.32,180.09,180.5,213000.0,38506212.0
20260806133000000,180.52,180.92,180.36,180.6,112300.0,20289492.0
20260806133500000,180.58,180.85,180.0,180.48,212000.0,38241111.0
20260806134000000,180.48,180.55,180.12,180.23,150400.0,27120332.0
20260806134500000,180.21,180.34,179.66,180.1,242700.0,43678492.0
20260806135000000,180.11,180.55,179.61,179.83,160700.0,28946982.0
20260806135500000,179.7,179.83,179.28,179.74,169300.0,30406782.0
20260806140000000,179.74,179.75,179.04,179.14,183600.0,32952466.0
20260806140500000,179.16,179.4,178.9,178.9,204100.0,36572408.0
20260806141000000,178.89,179.18,178.81,178.95,140200.0,25090370.0
20260806141500000,178.96,179.18,178.66,178.94,191100.0,34186303.0
20260806142000000,178.94,179.09,178.69,178.79,154800.0,27690904.0
20260806142500000,178.71,179.2,178.68,179.18,116300.0,20815336.0
20260806143000000,179.2,179.34,179.08,179.29,150600.0,26993689.0
20260806143500000,179.29,179.5,179.27,179.49,168800.0,30274313.0
20260806144000000,179.49,179.55,179.31,179.31,150100.0,26928675.0
20260806144500000,179.36,179.51,179.31,179.44,150000.0,26915204.0
20260806145000000,179.42,179.77,179.42,179.59,159251.0,28601550.0
20260806145500000,179.57,180.0,179.22,179.97,238500.0,42846451.0
20260806150000000,179.97,180.0,179.62,180.0,348000.0,62626940.0
20260807093500000,179.99,182.91,179.03,181.91,505598.0,91699571.0
20260807094000000,181.84,187.02,181.45,185.63,911900.0,168489077.0
20260807094500000,185.9,186.86,184.16,184.16,477500.0,88600608.0
20260807095000000,184.16,184.8,182.5,184.52,496602.0,91091344.0
20260807095500000,184.5,184.98,183.5,184.9,299200.0,55157530.0
20260807100000000,184.92,186.38,184.65,185.59,249100.0,46215144.0
20260807100500000,185.59,185.8,184.97,185.39,148300.0,27483834.0
20260807101000000,185.49,186.35,185.49,186.07,123600.0,22980445.0
20260807101500000,186.06,186.5,185.07,185.78,113400.0,21078678.0
20260807102000000,185.64,186.58,185.64,186.26,145700.0,27145939.0
20260807102500000,186.5,186.72,185.84,186.0,148600.0,27700047.0
20260807103000000,186.0,186.42,185.53,186.2,81100.0,15086978.0
20260807103500000,186.18,186.85,186.0,186.24,181500.0,33811989.0
20260807104000000,186.2,187.1,186.15,186.83,214200.0,40036803.0
20260807104500000,186.88,186.99,186.38,186.48,122500.0,22881820.0
20260807105000000,186.58,186.58,185.1,185.5,122779.0,22784474.0
20260807105500000,185.36,185.55,184.49,184.5,105100.0,19442199.0
20260807110000000,184.55,184.56,183.4,183.7,115521.0,21263514.0
20260807110500000,183.71,184.53,183.09,184.51,143700.0,26392277.0
20260807111000000,184.53,184.69,184.08,184.41,67800.0,12506065.0
20260807111500000,184.59,184.6,184.08,184.48,62200.0,11470123.0
20260807112000000,184.2,185.0,183.68,183.81,187400.0,34556847.0
20260807112500000,183.81,184.11,183.2,184.11,89000.0,16332301.0
20260807113000000,184.09,184.56,183.62,184.13,90500.0,16661539.0
20260807130500000,184.13,184.97,183.81,184.14,135700.0,25009451.0
20260807131000000,184.05,184.76,183.67,184.7,95429.0,17587581.0
20260807131500000,184.7,184.71,183.8,183.87,81200.0,14964072.0
20260807132000000,183.78,183.83,183.33,183.33,116300.0,21354679.0
20260807132500000,183.29,183.88,182.56,182.6,311000.0,56910581.0
20260807133000000,182.6,183.45,182.6,183.32,136300.0,24944879.0
20260807133500000,183.22,183.88,182.9,183.84,156500.0,28694481.0
20260807134000000,183.88,183.88,182.91,183.14,95900.0,17576653.0
20260807134500000,183.14,183.33,182.91,183.12,104700.0,19168850.0
20260807135000000,183.12,183.12,182.68,182.7,124700.0,22801813.0
20260807135500000,182.69,183.3,182.68,183.07,97500.0,17849137.0
20260807140000000,183.04,183.05,182.6,182.6,83800.0,15328303.0
20260807140500000,182.6,183.06,182.48,183.05,155700.0,28445131.0
20260807141000000,183.05,183.05,182.64,182.72,85700.0,15665387.0
20260807141500000,182.7,183.28,182.56,182.98,133300.0,24375971.0
20260807142000000,183.0,183.14,182.51,182.72,113800.0,20798463.0
20260807142500000,182.74,182.81,182.26,182.26,87300.0,15929834.0
20260807143000000,182.27,182.34,181.37,182.33,273284.0,49680388.0
20260807143500000,182.13,182.41,181.7,182.28,207100.0,37702406.0
20260807144000000,182.28,182.6,182.23,182.4,105300.0,19206508.0
20260807144500000,182.41,182.6,182.39,182.59,142864.0,26073306.0
20260807145000000,182.57,182.98,182.57,182.58,171800.0,31403452.0
20260807145500000,182.58,182.6,182.14,182.25,184600.0,33662838.0
20260807150000000,182.25,183.11,182.24,183.11,215400.0,39362892.0
20260810093500000,183.05,183.1,178.3,179.8,688900.0,124339612.0
20260810094000000,179.7,184.87,179.15,184.76,449300.0,81536267.0
20260810094500000,184.74,186.01,183.79,185.01,460042.0,85247052.0
20260810095000000,184.9,188.87,184.61,187.78,445100.0,83222049.0
20260810095500000,187.8,188.29,186.2,188.13,378460.0,70872092.0
20260810100000000,187.88,188.11,185.61,185.61,291960.0,54516677.0
20260810100500000,185.6,186.52,184.06,184.14,305400.0,56593871.0
20260810101000000,184.14,184.14,181.4,182.06,360100.0,65751032.0
20260810101500000,182.07,183.06,182.0,182.0,234600.0,42824471.0
20260810102000000,181.97,184.2,181.6,184.2,191500.0,35016465.0
20260810102500000,184.2,184.2,183.55,183.78,102900.0,18918616.0
20260810103000000,183.77,184.05,183.43,184.0,83800.0,15398848.0
20260810103500000,183.81,184.46,183.39,184.34,129600.0,23814966.0
20260810104000000,184.34,184.36,183.24,183.28,71300.0,13095330.0
20260810104500000,183.29,183.62,182.51,182.53,94000.0,17209484.0
20260810105000000,182.51,182.95,182.45,182.61,67100.0,12256820.0
20260810105500000,182.61,183.5,182.61,182.9,72000.0,13182827.0
20260810110000000,182.9,183.82,182.81,183.46,71700.0,13136721.0
20260810110500000,183.37,183.5,183.2,183.26,48800.0,8947503.0
20260810111000000,183.26,183.35,182.83,182.83,61700.0,11303847.0
20260810111500000,182.83,183.42,182.83,182.95,55500.0,10156222.0
20260810112000000,182.95,183.15,182.22,182.3,51300.0,9368916.0
20260810112500000,182.28,182.3,181.2,181.21,89500.0,16267589.0
20260810113000000,181.21,182.88,181.18,182.49,66400.0,12057361.0
20260810130500000,182.48,182.48,180.5,180.57,193400.0,35045849.0
20260810131000000,180.52,181.58,180.52,180.73,101200.0,18289261.0
20260810131500000,180.71,180.78,180.41,180.5,78300.0,14139048.0
20260810132000000,180.48,180.77,180.23,180.23,108300.0,19551779.0
20260810132500000,180.22,180.6,180.01,180.57,91400.0,16470879.0
20260810133000000,180.53,181.64,180.53,181.36,82300.0,14888784.0
20260810133500000,181.41,181.49,180.9,181.48,58700.0,10628742.0
20260810134000000,181.44,181.44,180.6,180.64,72800.0,13181870.0
20260810134500000,180.64,180.72,179.7,179.86,225600.0,40645181.0
20260810135000000,179.86,179.98,178.27,178.27,270600.0,48467287.0
20260810135500000,178.22,178.62,177.7,177.7,476600.0,84862620.0
20260810140000000,177.72,177.96,177.37,177.94,285969.0,50798944.0
20260810140500000,177.95,177.95,177.01,177.82,294345.0,52241491.0
20260810141000000,177.84,178.94,177.84,178.73,148200.0,26420357.0
20260810141500000,178.72,180.25,178.72,179.82,94100.0,16896240.0
20260810142000000,179.62,180.68,179.62,180.66,137300.0,24757230.0
20260810142500000,180.62,180.62,180.1,180.32,102300.0,18443974.0
20260810143000000,180.35,180.41,179.31,180.01,105400.0,18964078.0
20260810143500000,180.01,180.06,179.1,179.14,113400.0,20369937.0
20260810144000000,179.15,179.54,179.01,179.28,147600.0,26449187.0
20260810144500000,179.2,179.79,179.16,179.51,162100.0,29077236.0
20260810145000000,179.5,179.94,179.5,179.7,153300.0,27555182.0
20260810145500000,179.68,179.68,179.2,179.64,164700.0,29555451.0
20260810150000000,179.65,183.26,179.58,183.26,222010.0,40369478.0
20260811093500000,180.0,180.0,175.75,175.75,838300.0,148481596.0
20260811094000000,175.7,175.7,173.5,173.71,884500.0,154039132.0
20260811094500000,173.72,176.87,173.59,176.87,362000.0,63438586.0
20260811095000000,176.99,178.36,176.55,178.3,294300.0,52219209.0
20260811095500000,178.29,178.89,177.85,178.11,182900.0,32610194.0
20260811100000000,178.11,180.3,178.04,179.2,287300.0,51501613.0
20260811100500000,179.1,179.81,178.37,179.16,153200.0,27433203.0
20260811101000000,179.12,179.12,177.7,178.12,129100.0,23034944.0
20260811101500000,178.12,178.38,177.84,178.3,110900.0,19749813.0
20260811102000000,178.27,178.35,177.02,178.06,115800.0,20584949.0
20260811102500000,178.29,178.3,177.36,177.36,73600.0,13073436.0
20260811103000000,177.48,178.3,177.48,178.24,63000.0,11207863.0
20260811103500000,178.24,178.5,178.07,178.3,71100.0,12675908.0
20260811104000000,178.31,178.31,177.59,178.0,99200.0,17650357.0
20260811104500000,178.0,178.3,177.58,177.61,99600.0,17732157.0
20260811105000000,177.62,178.5,177.62,178.31,68000.0,12119659.0
20260811105500000,178.31,178.7,177.18,177.69,103200.0,18352734.0
20260811110000000,177.69,178.08,177.18,177.6,100700.0,17884217.0
20260811110500000,177.61,178.3,177.58,177.77,83800.0,14917369.0
20260811111000000,177.9,178.7,177.5,178.29,106400.0,18940369.0
20260811111500000,178.39,179.89,178.29,179.77,107200.0,19187922.0
20260811112000000,179.77,179.77,178.26,178.26,52100.0,9325724.0
20260811112500000,178.26,178.83,178.21,178.64,74300.0,13256056.0
20260811113000000,178.64,179.15,178.56,179.15,37500.0,6707046.0
20260811130500000,179.11,179.28,178.21,178.5,130700.0,23377747.0
20260811131000000,178.47,178.62,177.88,177.96,72040.0,12832311.0
20260811131500000,177.96,178.06,177.67,177.87,58160.0,10349378.0
20260811132000000,177.86,178.71,177.74,177.75,115100.0,20501695.0
20260811132500000,177.85,177.87,177.61,177.61,71600.0,12724776.0
20260811133000000,177.62,177.75,177.3,177.3,89700.0,15920923.0
20260811133500000,177.35,177.6,177.32,177.6,76900.0,13641458.0
20260811134000000,177.6,178.29,177.6,177.98,99000.0,17616263.0
20260811134500000,177.98,178.3,177.64,177.72,65500.0,11657770.0
20260811135000000,177.72,177.73,177.41,177.43,61600.0,10938315.0
20260811135500000,177.45,177.45,177.17,177.31,85100.0,15088240.0
20260811140000000,177.34,177.51,177.2,177.23,42300.0,7502095.0
20260811140500000,177.22,177.22,176.58,176.58,105100.0,18601302.0
20260811141000000,176.58,176.63,176.0,176.15,165600.0,29180116.0
20260811141500000,176.18,176.66,175.78,175.79,114200.0,20123834.0
20260811142000000,175.67,175.67,174.26,174.49,401952.0,70311517.0
20260811142500000,174.76,174.83,174.04,174.05,162800.0,28401114.0
20260811143000000,174.03,174.03,172.61,172.61,607500.0,105335591.0
20260811143500000,172.67,173.4,172.67,173.35,279900.0,48415296.0
20260811144000000,173.4,173.4,172.97,172.97,182600.0,31618585.0
20260811144500000,172.88,173.4,172.78,173.3,167200.0,28937027.0
20260811145000000,173.29,173.45,173.07,173.08,196200.0,33982235.0
20260811145500000,173.1,173.8,173.06,173.36,219500.0,38042187.0
20260811150000000,173.26,173.3,173.13,173.25,170300.0,29503971.0
20260812093500000,173.63,173.63,170.01,171.34,425300.0,72801376.0
20260812094000000,171.9,173.8,171.74,172.6,192400.0,33246484.0
20260812094500000,172.62,174.2,172.1,173.68,142860.0,24750039.0
20260812095000000,173.68,173.9,172.53,172.85,144800.0,25076975.0
20260812095500000,172.86,173.45,171.69,171.69,99640.0,17181292.0
20260812100000000,171.69,172.08,171.5,172.08,150000.0,25767085.0
20260812100500000,172.08,172.71,172.0,172.41,84500.0,14569798.0
20260812101000000,172.4,173.4,172.4,173.17,102600.0,17753487.0
20260812101500000,173.15,173.2,172.62,172.67,68900.0,11910603.0
20260812102000000,172.67,173.0,172.66,172.81,53600.0,9262243.0
20260812102500000,172.99,173.08,172.78,172.79,78400.0,13559605.0
20260812103000000,172.8,172.86,172.22,172.22,43900.0,7578625.0
20260812103500000,172.22,172.26,172.04,172.22,49600.0,8541099.0
20260812104000000,172.23,172.56,171.63,172.12,99500.0,17119469.0
20260812104500000,172.12,172.12,171.01,171.01,180600.0,30968919.0
20260812105000000,171.03,171.66,171.01,171.44,230600.0,39517938.0
20260812105500000,171.41,171.89,171.1,171.13,135800.0,23272458.0
20260812110000000,171.14,171.36,170.5,170.61,186400.0,31855442.0
20260812110500000,170.55,170.95,170.23,170.77,210000.0,35828975.0
20260812111000000,170.75,171.46,170.57,171.35,152600.0,26078691.0
20260812111500000,171.35,171.35,170.6,171.12,41400.0,7080473.0
20260812112000000,171.11,171.55,171.11,171.53,64000.0,10966859.0
20260812112500000,171.53,171.53,170.8,170.8,112700.0,19290069.0
20260812113000000,170.87,171.29,170.87,170.97,58900.0,10074729.0
20260812130500000,170.97,171.09,170.0,170.5,442600.0,75461191.0
20260812131000000,170.5,170.73,170.08,170.37,121900.0,20770586.0
20260812131500000,170.42,170.42,170.05,170.29,112100.0,19076824.0
20260812132000000,170.1,170.79,170.0,170.75,178000.0,30303758.0
20260812132500000,170.75,170.86,170.2,170.2,92700.0,15823452.0
20260812133000000,170.2,170.83,169.96,170.66,114900.0,19551623.0
20260812133500000,170.61,170.63,170.0,170.03,73600.0,12523238.0
20260812134000000,170.02,170.66,170.0,170.53,62200.0,10594602.0
20260812134500000,170.53,171.47,170.53,171.43,111800.0,19110081.0
20260812135000000,171.41,171.47,170.49,170.73,64300.0,10994320.0
20260812135500000,170.73,171.42,170.51,170.99,100700.0,17207429.0
20260812140000000,170.99,171.09,170.72,171.03,44500.0,7605302.0
20260812140500000,170.99,171.03,170.29,170.6,98800.0,16856582.0
20260812141000000,170.6,170.96,170.24,170.38,50000.0,8529750.0
20260812141500000,170.34,170.38,170.23,170.31,49600.0,8446769.0
20260812142000000,170.31,170.32,170.12,170.18,88300.0,15031228.0
20260812142500000,170.14,170.23,170.06,170.12,55700.0,9476191.0
20260812143000000,170.12,170.24,170.08,170.09,102900.0,17506272.0
20260812143500000,170.11,170.18,169.91,170.15,186400.0,31694919.0
20260812144000000,170.15,170.26,170.03,170.23,102200.0,17391072.0
20260812144500000,170.25,171.0,170.15,170.76,163900.0,27927285.0
20260812145000000,170.73,170.73,170.16,170.48,133300.0,22702173.0
20260812145500000,170.47,170.87,170.33,170.8,147500.0,25172253.0
20260812150000000,170.8,171.0,170.8,170.96,115400.0,19724099.0
20260813093500000,170.99,173.39,170.5,173.39,263522.0,45281035.0
20260813094000000,173.6,176.49,173.6,176.26,756194.0,132514816.0
20260813094500000,176.33,177.1,175.52,176.77,575500.0,101511965.0
20260813095000000,176.18,176.67,175.77,175.87,332900.0,58666321.0
20260813095500000,176.0,176.74,175.51,175.83,314900.0,55437890.0
20260813100000000,176.0,179.2,175.85,179.2,537500.0,95647767.0
20260813100500000,178.86,179.05,177.79,177.83,140100.0,25004491.0
20260813101000000,177.68,178.3,177.39,178.3,130604.0,23228104.0
20260813101500000,178.25,178.5,177.82,178.07,104400.0,18598196.0
20260813102000000,178.04,178.05,176.67,176.9,101201.0,17944961.0
20260813102500000,176.95,177.77,176.88,177.48,44800.0,7946544.0
20260813103000000,177.36,177.36,176.52,176.64,66800.0,11817510.0
20260813103500000,176.6,177.03,176.1,176.81,89300.0,15768502.0
20260813104000000,176.81,176.93,176.22,176.89,56500.0,9970923.0
20260813104500000,176.89,176.89,176.48,176.84,43700.0,7722149.0
20260813105000000,176.84,176.89,176.0,176.04,88700.0,15644786.0
20260813105500000,176.09,176.4,175.01,175.6,202500.0,35532257.0
20260813110000000,175.6,176.33,175.6,176.31,24100.0,4244088.0
20260813110500000,176.31,176.65,176.22,176.43,37900.0,6683860.0
20260813111000000,176.36,176.42,176.0,176.04,28300.0,4985856.0
20260813111500000,176.03,176.17,175.9,175.99,37900.0,6670738.0
20260813112000000,175.98,176.1,175.64,175.93,29200.0,5137291.0
20260813112500000,176.0,176.79,176.0,176.37,46800.0,8249640.0
20260813113000000,176.37,176.54,175.93,176.11,23300.0,4102516.0
20260813130500000,176.15,176.3,175.51,175.55,59100.0,10395183.0
20260813131000000,175.55,175.75,175.45,175.75,58500.0,10275880.0
20260813131500000,175.75,175.9,175.51,175.51,52900.0,9297854.0
20260813132000000,175.52,175.52,175.14,175.14,56300.0,9873886.0
20260813132500000,175.1,175.34,175.1,175.3,46400.0,8129861.0
20260813133000000,175.3,175.49,175.01,175.34,49600.0,8686286.0
20260813133500000,175.34,175.34,174.66,174.99,88500.0,15492315.0
20260813134000000,174.95,174.95,174.62,174.77,48000.0,8389598.0
20260813134500000,174.77,174.77,174.44,174.47,59400.0,10366457.0
20260813135000000,174.47,174.58,174.01,174.24,49500.0,8631931.0
20260813135500000,174.27,174.3,174.01,174.03,51800.0,9020971.0
20260813140000000,174.03,174.6,173.88,173.88,116700.0,20318108.0
20260813140500000,173.88,174.18,173.7,174.11,64500.0,11217201.0
20260813141000000,174.11,174.82,174.09,174.53,68700.0,11988682.0
20260813141500000,174.5,174.61,174.18,174.23,38900.0,6785081.0
20260813142000000,174.23,174.23,173.92,173.92,51400.0,8945229.0
20260813142500000,173.92,174.18,173.79,174.09,60900.0,10590940.0
20260813143000000,174.24,174.29,173.72,174.1,97900.0,17029699.0
20260813143500000,174.18,174.19,173.57,173.64,174400.0,30306600.0
20260813144000000,173.62,173.65,173.2,173.27,133700.0,23186510.0
20260813144500000,173.39,173.39,172.72,173.0,132700.0,22952683.0
20260813145000000,173.0,173.19,172.92,173.12,162800.0,28178618.0
20260813145500000,173.15,173.44,173.01,173.38,204728.0,35467384.0
20260813150000000,173.38,173.47,173.26,173.26,95400.0,16536094.0
20260814093500000,173.26,176.15,173.26,175.36,282600.0,49209930.0
20260814094000000,175.29,178.2,175.19,177.61,470100.0,83255768.0
20260814094500000,177.67,178.7,176.6,176.9,263400.0,46847636.0
20260814095000000,176.9,178.3,176.5,177.92,188700.0,33482009.0
20260814095500000,177.94,178.28,176.9,177.0,166200.0,29546870.0
20260814100000000,177.0,179.69,177.0,179.4,403440.0,72125795.0
20260814100500000,179.4,179.96,178.7,178.85,266500.0,47831343.0
20260814101000000,178.85,179.05,178.12,178.84,112500.0,20110681.0
20260814101500000,178.88,179.68,178.38,179.67,156700.0,28061138.0
20260814102000000,179.67,179.84,178.56,178.84,89300.0,16022727.0
20260814102500000,178.84,179.31,178.12,178.12,115200.0,20596208.0
20260814103000000,178.1,178.88,177.81,178.88,101600.0,18100668.0
20260814103500000,178.88,179.5,178.55,179.14,96500.0,17283599.0
20260814104000000,179.14,179.7,179.04,179.64,120700.0,21656348.0
20260814104500000,179.64,179.7,178.79,178.86,50600.0,9068498.0
20260814105000000,178.86,178.95,178.42,178.54,86000.0,15359634.0
20260814105500000,178.54,178.96,178.3,178.38,60600.0,10828816.0
20260814110000000,178.27,178.74,178.07,178.26,90000.0,16045219.0
20260814110500000,178.2,178.45,177.86,177.96,67900.0,12096922.0
20260814111000000,177.96,178.68,177.96,178.62,49500.0,8829232.0
20260814111500000,178.55,178.6,178.16,178.46,45300.0,8078138.0
20260814112000000,178.46,179.0,178.25,179.0,74800.0,13359351.0
20260814112500000,179.0,179.28,178.59,178.86,63400.0,11345401.0
20260814113000000,178.84,179.72,178.55,179.72,136500.0,24470871.0
20260814130500000,179.8,180.5,178.6,178.6,326500.0,58738085.0
20260814131000000,178.6,178.63,178.0,178.6,96300.0,17165006.0
20260814131500000,178.72,179.0,178.26,178.36,51532.0,9200515.0
20260814132000000,178.36,178.83,178.27,178.31,25700.0,4586081.0
20260814132500000,178.35,179.0,178.3,178.78,42500.0,7589813.0
20260814133000000,178.98,180.46,178.73,180.46,105700.0,18977146.0
20260814133500000,180.47,180.48,179.42,180.27,114200.0,20558662.0
20260814134000000,180.27,180.45,179.81,180.07,86000.0,15504088.0
20260814134500000,179.85,180.03,179.27,179.73,44800.0,8055654.0
20260814135000000,179.79,180.01,179.3,180.01,47700.0,8573857.0
20260814135500000,179.99,180.08,179.4,179.4,54400.0,9784523.0
20260814140000000,179.4,179.52,179.03,179.25,56300.0,10091550.0
20260814140500000,179.27,179.81,179.2,179.29,49700.0,8916085.0
20260814141000000,179.21,179.38,178.88,178.94,54200.0,9708143.0
20260814141500000,178.98,179.5,178.98,179.43,45500.0,8155897.0
20260814142000000,179.39,179.57,178.89,179.3,40800.0,7314661.0
20260814142500000,179.3,179.34,178.92,179.33,42200.0,7562242.0
20260814143000000,179.33,179.84,179.1,179.84,115200.0,20670062.0
20260814143500000,179.95,180.01,179.2,179.36,118500.0,21295525.0
20260814144000000,179.24,179.35,178.3,178.72,192000.0,34328518.0
20260814144500000,178.71,178.98,178.6,178.79,126800.0,22672930.0
20260814145000000,178.8,178.99,178.53,178.99,141300.0,25261313.0
20260814145500000,178.99,179.39,178.98,179.21,133900.0,23994783.0
20260814150000000,179.21,179.26,179.1,179.26,154900.0,27760641.0
20260817093500000,180.99,181.65,177.53,181.28,499100.0,89710592.0
20260817094000000,181.38,181.79,180.47,181.41,264500.0,47951418.0
20260817094500000,181.41,182.98,180.58,181.85,256475.0,46632747.0
20260817095000000,181.78,182.29,180.69,181.87,161600.0,29351261.0
20260817095500000,181.77,182.23,180.22,181.2,145400.0,26339171.0
20260817100000000,181.17,181.88,180.86,181.71,79900.0,14494183.0
20260817100500000,181.72,182.03,180.85,181.0,166400.0,30180629.0
20260817101000000,181.0,181.6,180.35,180.35,106900.0,19340127.0
20260817101500000,180.35,181.79,180.1,181.79,155400.0,28080027.0
20260817102000000,182.08,182.08,180.11,180.18,140300.0,25362711.0
20260817102500000,180.11,180.84,180.11,180.77,67300.0,12143503.0
20260817103000000,180.75,180.77,179.51,179.7,190300.0,34248615.0
20260817103500000,179.7,180.55,179.7,180.47,61200.0,11030066.0
20260817104000000,180.47,180.47,179.7,180.1,74800.0,13456984.0
20260817104500000,179.96,180.48,179.94,180.48,55300.0,9959833.0
20260817105000000,180.48,180.97,180.37,180.86,38100.0,6878702.0
20260817105500000,180.86,180.87,180.5,180.76,29500.0,5330506.0
20260817110000000,180.78,181.5,180.77,181.5,41500.0,7512263.0
20260817110500000,181.5,181.75,181.37,181.51,48400.0,8789329.0
20260817111000000,181.51,182.1,181.45,181.9,77525.0,14095821.0
20260817111500000,181.92,181.93,180.84,181.09,59200.0,10737357.0
20260817112000000,181.09,182.63,180.91,182.63,95800.0,17432560.0
20260817112500000,182.63,182.88,182.5,182.51,59300.0,10831071.0
20260817113000000,182.51,182.8,182.32,182.8,33200.0,6059698.0
20260817130500000,182.8,182.98,182.09,182.16,83300.0,15209344.0
20260817131000000,182.17,183.21,182.11,182.95,127700.0,23345051.0
20260817131500000,182.95,183.0,182.72,183.0,48900.0,8944405.0
20260817132000000,183.1,183.3,182.87,183.27,85300.0,15615367.0
20260817132500000,183.29,183.5,182.86,182.94,78300.0,14346313.0
20260817133000000,182.94,183.19,182.62,183.0,52200.0,9544831.0
20260817133500000,183.0,183.73,182.99,183.35,85200.0,15619007.0
20260817134000000,183.35,183.99,183.29,183.29,67400.0,12377015.0
20260817134500000,183.28,183.41,182.88,183.3,52100.0,9538035.0
20260817135000000,183.09,183.32,182.85,183.08,49300.0,9025045.0
20260817135500000,182.99,183.5,182.87,182.89,50300.0,9215314.0
20260817140000000,182.78,183.19,182.31,183.09,75600.0,13810287.0
20260817140500000,183.09,183.43,183.03,183.06,44291.0,8113911.0
20260817141000000,182.8,183.2,182.8,182.96,42900.0,7850494.0
20260817141500000,183.09,183.24,182.59,183.17,69300.0,12679029.0
20260817142000000,183.17,183.5,183.02,183.25,67700.0,12408525.0
20260817142500000,183.17,183.33,182.41,182.47,113900.0,20824831.0
20260817143000000,182.6,183.11,182.44,182.78,99000.0,18090952.0
20260817143500000,182.8,182.98,182.38,182.38,125900.0,22984757.0
20260817144000000,182.38,183.2,182.21,182.81,120600.0,22042564.0
20260817144500000,182.81,182.83,182.26,182.58,106800.0,19495698.0
20260817145000000,182.58,183.3,182.48,183.28,110800.0,20262000.0
20260817145500000,183.12,183.85,183.03,183.6,119800.0,21970125.0
20260817150000000,183.6,183.72,183.21,183.3,130800.0,23987849.0
20260818093500000,184.0,185.99,183.0,185.98,224100.0,41381628.0
20260818094000000,185.96,185.97,182.7,182.8,268300.0,49271993.0
20260818094500000,182.81,183.3,182.33,182.91,167800.0,30640098.0
20260818095000000,183.0,184.27,182.56,183.5,97400.0,17843398.0
20260818095500000,183.42,183.5,182.7,183.0,71700.0,13127413.0
20260818100000000,182.82,183.41,182.7,183.4,72532.0,13270572.0
20260818100500000,183.38,183.93,183.3,183.39,55700.0,10224338.0
20260818101000000,183.39,184.5,183.04,184.4,78800.0,14484838.0
20260818101500000,184.4,184.4,183.28,183.28,38000.0,6991469.0
20260818102000000,183.28,183.82,182.99,183.46,58600.0,10735323.0
20260818102500000,183.77,183.78,183.13,183.13,40900.0,7496382.0
20260818103000000,183.13,183.64,183.01,183.07,53400.0,9783193.0
20260818103500000,183.07,183.82,182.86,183.62,58700.0,10754185.0
20260818104000000,183.61,183.92,183.03,183.03,32300.0,5929967.0
20260818104500000,183.03,183.31,182.54,183.04,72100.0,13178187.0
20260818105000000,183.04,183.06,182.36,182.63,38200.0,6979402.0
20260818105500000,182.75,182.78,182.05,182.25,57500.0,10481038.0
20260818110000000,182.2,182.39,181.81,181.81,73600.0,13400246.0
20260818110500000,181.81,182.4,181.81,182.25,39200.0,7142046.0
20260818111000000,182.18,182.26,181.2,181.28,86100.0,15640125.0
20260818111500000,181.21,182.22,181.21,182.22,61700.0,11201686.0
20260818112000000,181.94,182.42,181.81,182.41,36700.0,6685131.0
20260818112500000,182.41,182.99,182.21,182.71,33000.0,6026905.0
20260818113000000,182.81,183.3,182.56,183.06,49700.0,9089806.0
20260818130500000,183.06,183.18,182.5,182.78,60900.0,11140079.0
20260818131000000,182.78,183.35,182.51,183.08,45100.0,8256901.0
20260818131500000,183.08,183.3,182.06,182.13,69500.0,12697803.0
20260818132000000,182.13,182.92,182.0,182.92,36400.0,6638325.0
20260818132500000,182.73,183.0,182.1,182.25,34000.0,6203674.0
20260818133000000,182.25,182.35,182.0,182.16,32700.0,5956914.0
20260818133500000,182.16,182.38,181.89,182.34,75600.0,13760351.0
20260818134000000,182.35,182.5,182.1,182.37,19200.0,3501059.0
20260818134500000,182.3,182.49,181.54,182.48,88100.0,16036536.0
20260818135000000,182.31,183.2,182.31,183.2,61500.0,11235084.0
20260818135500000,183.3,183.84,183.06,183.6,81200.0,14899371.0
20260818140000000,183.6,184.6,183.6,184.35,124400.0,22924570.0
20260818140500000,184.35,184.99,183.96,184.23,107700.0,19863435.0
20260818141000000,184.38,184.38,183.62,183.62,42700.0,7856553.0
20260818141500000,183.62,184.0,183.0,183.83,47100.0,8648626.0
20260818142000000,183.83,184.0,183.0,184.0,58300.0,10710997.0
20260818142500000,184.0,184.3,183.86,184.19,42400.0,7807320.0
20260818143000000,184.15,184.58,184.15,184.4,44800.0,8261756.0
20260818143500000,184.38,184.96,184.15,184.82,66000.0,12185780.0
20260818144000000,184.96,184.96,184.51,184.8,45400.0,8385456.0
20260818144500000,184.8,184.9,184.6,184.8,67800.0,12525204.0
20260818145000000,184.63,184.79,184.41,184.41,56600.0,10445075.0
20260818145500000,184.41,184.5,184.21,184.49,85300.0,15729125.0
20260818150000000,184.5,184.81,184.46,184.81,83000.0,15331324.0
20260819093500000,184.76,184.76,181.0,182.78,274800.0,50177914.0
20260819094000000,182.99,183.1,181.58,182.21,139100.0,25318978.0
20260819094500000,182.64,183.19,182.17,182.65,82100.0,15013029.0
20260819095000000,182.79,183.0,181.5,181.89,127500.0,23203410.0
20260819095500000,181.8,182.0,181.11,181.3,123800.0,22474863.0
20260819100000000,181.31,181.74,181.0,181.01,151500.0,27445768.0
20260819100500000,181.01,182.0,181.01,181.7,119900.0,21768206.0
20260819101000000,181.68,182.35,180.31,182.23,328300.0,59452611.0
20260819101500000,182.22,182.42,180.75,181.01,141600.0,25680612.0
20260819102000000,181.12,181.94,181.1,181.83,83700.0,15190403.0
20260819102500000,181.84,182.05,181.43,181.55,66200.0,12041923.0
20260819103000000,181.55,181.94,180.4,180.42,121600.0,22007998.0
20260819103500000,180.36,180.43,179.81,180.12,227700.0,40992901.0
20260819104000000,180.17,180.64,179.53,180.06,179500.0,32317499.0
20260819104500000,180.52,181.49,180.37,180.88,44400.0,8035776.0
20260819105000000,180.81,181.83,180.54,181.83,43900.0,7950393.0
20260819105500000,181.83,182.02,181.11,181.38,90600.0,16473698.0
20260819110000000,181.36,182.7,181.36,182.38,41700.0,7599461.0
20260819110500000,182.38,182.66,181.61,181.64,38700.0,7046243.0
20260819111000000,181.64,182.01,181.34,181.63,80900.0,14689263.0
20260819111500000,181.63,181.63,181.12,181.45,17900.0,3246639.0
20260819112000000,181.43,181.43,180.5,180.65,47400.0,8577986.0
20260819112500000,180.5,180.68,180.06,180.46,75100.0,13548183.0
20260819113000000,180.46,180.55,180.27,180.33,39700.0,7161870.0
20260819130500000,180.33,180.89,179.31,179.68,184800.0,33248872.0
20260819131000000,179.68,180.13,179.52,179.81,48300.0,8683350.0
20260819131500000,179.89,179.97,179.3,179.52,93000.0,16696152.0
20260819132000000,179.41,179.64,179.3,179.41,66800.0,11985595.0
20260819132500000,179.41,181.44,179.4,181.23,118900.0,21403080.0
20260819133000000,181.23,181.23,180.02,180.4,34600.0,6244362.0
20260819133500000,180.35,181.18,180.13,180.16,48800.0,8819208.0
20260819134000000,180.14,180.63,179.81,180.63,36100.0,6502562.0
20260819134500000,180.63,180.93,180.09,180.25,33400.0,6032767.0
20260819135000000,180.25,180.88,180.25,180.54,19800.0,3574418.0
20260819135500000,180.32,180.5,180.07,180.12,26700.0,4812682.0
20260819140000000,180.12,180.27,179.5,179.55,76200.0,13701904.0
20260819140500000,179.5,179.93,179.11,179.78,78600.0,14100659.0
20260819141000000,179.91,179.93,179.33,179.46,30200.0,5424462.0
20260819141500000,179.38,179.84,179.3,179.64,43000.0,7723139.0
20260819142000000,179.48,179.57,179.18,179.24,75300.0,13500365.0
20260819142500000,179.52,179.64,179.18,179.28,47600.0,8541031.0
20260819143000000,179.28,179.63,179.28,179.42,40500.0,7269947.0
20260819143500000,179.42,179.5,179.2,179.44,75680.0,13570988.0
20260819144000000,179.44,179.45,178.81,179.07,263320.0,47123783.0
20260819144500000,179.12,179.24,178.81,178.81,119700.0,21433250.0
20260819145000000,178.82,180.0,178.78,180.0,134200.0,24071195.0
20260819145500000,180.0,180.3,179.55,179.55,70200.0,12626750.0
20260819150000000,179.6,179.8,179.5,179.5,111558.0,20033114.0
20260820093500000,181.98,181.98,179.51,180.73,160600.0,29024182.0
20260820094000000,180.5,180.92,179.5,179.56,78800.0,14216693.0
20260820094500000,179.57,181.86,179.57,181.85,111600.0,20165979.0
20260820095000000,181.88,182.48,181.0,181.01,120800.0,21953369.0
20260820095500000,180.91,182.38,180.9,181.25,89700.0,16295049.0
20260820100000000,181.25,181.28,180.3,180.33,49100.0,8871328.0
20260820100500000,180.33,180.48,179.58,180.3,112700.0,20294732.0
20260820101000000,180.3,180.3,179.75,180.0,58500.0,10525205.0
20260820101500000,180.01,180.25,179.36,179.52,92600.0,16638377.0
20260820102000000,179.55,179.61,179.0,179.11,80600.0,14459722.0
20260820102500000,179.09,179.65,179.01,179.12,36000.0,6455171.0
20260820103000000,179.13,179.65,179.0,179.3,71500.0,12806985.0
20260820103500000,179.39,179.46,177.28,177.59,134600.0,23967408.0
20260820104000000,177.49,178.02,176.21,176.95,190400.0,33674188.0
20260820104500000,176.8,177.9,176.7,177.5,55100.0,9766745.0
20260820105000000,177.51,178.0,177.51,177.88,62300.0,11078965.0
20260820105500000,177.88,179.0,177.53,177.53,113300.0,20186434.0
20260820110000000,177.55,178.34,177.55,177.77,56200.0,10004156.0
20260820110500000,177.77,178.15,177.14,178.15,69400.0,12329793.0
20260820111000000,178.15,178.15,177.73,177.91,28000.0,4984317.0
20260820111500000,177.91,177.91,177.3,177.45,17800.0,3160442.0
20260820112000000,177.45,177.46,177.01,177.27,30800.0,5456693.0
20260820112500000,177.05,177.69,177.05,177.48,56300.0,9988010.0
20260820113000000,177.37,177.87,177.08,177.62,38800.0,6881982.0
20260820130500000,177.82,178.14,177.65,178.05,43800.0,7794239.0
20260820131000000,177.77,177.87,177.12,177.31,58400.0,10367406.0
20260820131500000,177.3,177.3,177.08,177.08,17700.0,3135245.0
20260820132000000,177.04,177.18,176.8,177.03,74200.0,13131302.0
20260820132500000,177.02,177.6,176.97,177.4,22300.0,3952070.0
20260820133000000,177.4,177.4,177.0,177.0,12200.0,2161447.0
20260820133500000,177.0,177.0,176.22,176.74,101300.0,17889434.0
20260820134000000,176.74,176.82,176.0,176.3,121600.0,21431280.0
20260820134500000,176.3,176.81,176.07,176.68,42100.0,7436137.0
20260820135000000,176.6,176.98,176.05,176.7,99500.0,17564048.0
20260820135500000,176.7,176.7,176.18,176.18,49700.0,8762408.0
20260820140000000,176.16,176.17,175.68,175.68,114800.0,20199855.0
20260820140500000,175.7,175.7,175.0,175.08,103500.0,18140124.0
20260820141000000,175.15,175.8,175.14,175.58,32400.0,5686947.0
20260820141500000,175.58,176.08,175.38,175.5,57100.0,10032053.0
20260820142000000,175.5,175.71,175.5,175.69,27100.0,4759035.0
20260820142500000,175.66,175.68,175.52,175.61,21400.0,3757504.0
20260820143000000,175.61,175.62,175.09,175.12,66100.0,11590244.0
20260820143500000,175.1,175.79,175.08,175.75,50900.0,8927364.0
20260820144000000,175.76,175.99,175.21,175.49,66700.0,11707226.0
20260820144500000,175.59,176.49,175.59,176.03,86500.0,15221070.0
20260820145000000,176.05,176.5,175.83,176.5,81600.0,14381271.0
20260820145500000,176.4,176.45,176.2,176.29,72500.0,12786845.0
20260820150000000,176.28,176.39,176.21,176.21,103000.0,18153186.0
20260821093500000,176.21,179.85,176.12,178.3,338000.0,60079849.0
20260821094000000,179.0,182.25,178.97,182.04,503400.0,91058785.0
20260821094500000,182.05,185.5,182.05,185.5,725600.0,133336315.0
20260821095000000,185.5,186.5,184.45,186.44,744800.0,138181716.0
20260821095500000,186.44,186.44,184.81,185.06,214100.0,39695790.0
20260821100000000,185.06,185.18,184.42,185.18,187000.0,34568301.0
20260821100500000,185.15,185.16,184.5,184.5,104202.0,19281957.0
20260821101000000,184.5,185.16,184.5,184.88,128800.0,23826594.0
20260821101500000,184.97,184.97,184.08,184.17,123900.0,22838816.0
20260821102000000,184.17,184.3,183.25,183.39,159700.0,29376378.0
20260821102500000,183.41,183.6,182.8,183.39,84400.0,15464825.0
20260821103000000,183.39,184.84,183.39,183.58,77200.0,14213807.0
20260821103500000,183.58,184.56,183.38,183.77,103900.0,19105509.0
20260821104000000,184.09,184.4,183.98,184.13,75900.0,13972334.0
20260821104500000,184.13,184.47,183.8,183.92,41300.0,7607099.0
20260821105000000,183.92,184.45,183.72,183.91,30600.0,5632649.0
20260821105500000,183.9,184.65,183.82,184.57,53700.0,9902964.0
20260821110000000,184.57,185.05,184.57,185.04,67300.0,12447217.0
20260821110500000,184.9,185.3,184.11,184.5,82300.0,15208811.0
20260821111000000,184.5,185.23,184.47,184.55,61500.0,11377565.0
20260821111500000,184.86,184.87,184.5,184.53,27300.0,5042728.0
20260821112000000,184.53,184.88,184.23,184.35,25900.0,4780222.0
20260821112500000,184.35,184.71,184.11,184.71,45600.0,8406503.0
20260821113000000,184.71,184.85,184.46,184.46,22900.0,4229403.0
20260821130500000,185.0,186.21,184.67,185.66,393500.0,73069798.0
20260821131000000,185.65,186.01,184.72,184.89,83900.0,15544133.0
20260821131500000,184.89,185.5,184.83,185.5,57900.0,10711361.0
20260821132000000,185.3,185.3,184.88,185.18,46700.0,8646472.0
20260821132500000,185.18,185.2,185.03,185.13,27300.0,5053908.0
20260821133000000,185.2,185.5,185.05,185.3,50600.0,9375516.0
20260821133500000,185.26,185.3,184.32,184.67,94800.0,17524933.0
20260821134000000,184.67,185.29,184.44,184.59,70600.0,13052376.0
20260821134500000,184.42,184.57,184.11,184.11,59800.0,11026717.0
20260821135000000,184.11,184.49,184.11,184.43,30500.0,5619085.0
20260821135500000,184.43,184.58,182.66,182.66,175000.0,32119036.0
20260821140000000,182.66,183.27,182.66,183.01,64500.0,11805077.0
20260821140500000,183.01,183.27,182.63,182.65,70000.0,12806889.0
20260821141000000,182.65,183.16,182.5,183.15,66500.0,12158014.0
20260821141500000,183.15,183.97,183.15,183.97,40300.0,7394840.0
20260821142000000,183.99,183.99,183.4,183.55,41800.0,7678387.0
20260821142500000,183.51,183.76,183.23,183.23,64800.0,11899812.0
20260821143000000,183.15,183.75,183.15,183.69,58800.0,10782546.0
20260821143500000,183.69,183.87,183.4,183.4,64700.0,11885424.0
20260821144000000,183.56,183.65,183.4,183.47,51700.0,9489282.0
20260821144500000,183.47,183.47,183.0,183.18,86200.0,15792964.0
20260821145000000,183.18,183.21,182.94,183.0,95000.0,17390057.0
20260821145500000,182.95,183.06,182.57,182.84,141800.0,25938014.0
20260821150000000,182.84,182.9,182.6,182.81,117600.0,21494836.0
20260824093500000,183.02,185.89,182.0,185.89,471600.0,86563124.0
20260824094000000,186.0,186.0,182.8,183.93,412400.0,76199368.0
20260824094500000,183.49,184.04,182.71,183.0,224900.0,41257311.0
20260824095000000,183.05,184.44,183.05,183.61,150900.0,27746791.0
20260824095500000,183.9,184.31,182.98,184.3,125600.0,23078707.0
20260824100000000,184.38,184.84,183.5,183.5,95900.0,17680200.0
20260824100500000,183.5,185.3,183.29,184.75,155100.0,28574893.0
20260824101000000,185.09,185.8,184.02,184.93,139100.0,25760592.0
20260824101500000,184.93,185.27,183.82,184.6,117200.0,21635130.0
20260824102000000,184.69,184.7,183.51,183.97,98600.0,18157139.0
20260824102500000,184.16,184.3,182.5,183.17,175200.0,32082563.0
20260824103000000,183.18,183.49,181.78,181.88,159900.0,29169759.0
20260824103500000,181.95,182.23,180.5,180.6,143400.0,26018218.0
20260824104000000,180.57,181.33,180.52,180.69,87300.0,15786355.0
20260824104500000,180.68,180.85,179.7,179.71,163500.0,29464342.0
20260824105000000,179.77,180.01,179.4,179.91,75900.0,13643467.0
20260824105500000,179.9,180.29,179.5,179.6,88700.0,15956021.0
20260824110000000,179.6,179.8,179.4,179.77,74900.0,13446570.0
20260824110500000,179.5,179.79,179.39,179.39,86100.0,15456220.0
20260824111000000,179.4,179.63,179.15,179.63,58300.0,10455091.0
20260824111500000,179.58,180.0,179.25,180.0,32100.0,5761520.0
20260824112000000,180.0,180.5,179.98,180.39,62800.0,11322094.0
20260824112500000,180.39,180.48,179.69,179.87,44600.0,8030140.0
20260824113000000,179.93,180.45,179.8,180.2,37000.0,6659882.0
20260824130500000,179.99,180.21,178.7,178.99,158000.0,28316389.0
20260824131000000,178.92,180.0,178.86,179.65,92700.0,16661620.0
20260824131500000,179.67,180.43,179.16,180.0,73300.0,13177217.0
20260824132000000,179.95,180.18,179.67,179.93,50300.0,9051479.0
20260824132500000,179.93,180.27,179.61,180.24,51300.0,9230788.0
20260824133000000,180.25,180.63,180.2,180.58,70500.0,12718983.0
20260824133500000,180.62,180.83,179.48,179.52,65900.0,11881406.0
20260824134000000,179.48,179.51,179.01,179.3,52200.0,9358112.0
20260824134500000,179.29,179.71,179.18,179.32,39000.0,6997954.0
20260824135000000,179.32,179.43,179.16,179.39,44000.0,7887487.0
20260824135500000,179.42,179.43,178.92,179.39,65800.0,11785532.0
20260824140000000,179.41,179.79,179.11,179.57,44800.0,8041366.0
20260824140500000,179.57,179.79,179.32,179.76,24800.0,4453539.0
20260824141000000,179.55,180.79,179.55,180.68,60300.0,10856756.0
20260824141500000,180.68,180.76,179.76,180.29,58500.0,10553882.0
20260824142000000,180.29,180.43,179.82,180.08,62200.0,11201504.0
20260824142500000,180.22,180.3,179.84,180.3,59580.0,10727281.0
20260824143000000,180.3,180.3,179.6,179.83,53100.0,9556744.0
20260824143500000,179.65,179.83,178.9,179.1,96800.0,17344294.0
20260824144000000,179.44,179.66,179.2,179.4,60300.0,10818617.0
20260824144500000,179.56,179.6,179.29,179.5,53800.0,9653727.0
20260824145000000,179.43,180.18,179.42,180.1,90600.0,16301801.0
20260824145500000,180.08,180.6,179.65,180.4,230900.0,41613799.0
20260824150000000,180.61,180.95,180.4,180.93,140100.0,25325686.0
20260825093500000,181.5,181.9,178.05,179.69,919000.0,0.0
20260825094000000,179.95,187.99,179.81,187.99,1272800.0,0.0
20260825094500000,187.31,190.8,186.83,187.23,1117100.0,0.0
20260825095000000,187.24,188.28,185.3,187.89,462600.0,0.0
20260825095500000,187.99,189.24,187.71,188.51,282900.0,0.0
20260825100000000,188.43,189.66,187.66,187.72,208600.0,0.0
20260825100500000,187.72,190.35,187.7,187.7,502100.0,0.0
20260825101000000,188.0,188.0,184.45,184.79,410900.0,0.0
20260825101500000,185.0,186.87,184.89,186.84,176600.0,0.0
20260825102000000,186.39,186.84,184.51,184.51,224800.0,0.0
20260825102500000,184.62,186.3,184.5,186.29,69700.0,0.0
20260825103000000,186.21,186.87,185.62,186.79,116500.0,0.0
20260825103500000,186.7,187.57,185.0,186.45,357300.0,0.0
20260825104000000,185.6,186.5,184.67,185.9,276800.0,0.0
20260825104500000,185.9,185.91,184.06,184.65,114900.0,0.0
20260825105000000,184.6,185.51,184.6,184.95,44600.0,0.0
20260825105500000,184.97,185.5,184.58,185.18,39700.0,0.0
20260825110000000,185.5,185.5,184.66,184.75,58600.0,0.0
20260825110500000,184.66,184.84,184.5,184.78,37300.0,0.0
20260825111000000,184.76,185.29,184.6,184.87,40100.0,0.0
20260825111500000,184.87,185.72,184.85,185.33,32100.0,0.0
20260825112000000,185.33,186.8,185.18,186.58,94100.0,0.0
20260825112500000,186.59,187.36,186.01,187.04,130000.0,0.0
20260825113000000,187.06,187.27,186.91,187.22,76600.0,0.0
20260825130500000,187.27,189.48,187.12,189.15,280100.0,0.0
20260825131000000,188.99,189.25,187.94,189.25,99600.0,0.0
20260825131500000,189.15,190.36,189.09,189.79,451500.0,0.0
20260825132000000,189.75,189.75,188.35,188.4,77400.0,0.0
20260825132500000,188.4,188.49,187.81,188.49,77300.0,0.0
20260825133000000,188.49,189.42,188.42,188.99,116200.0,0.0
20260825133500000,188.9,189.92,188.43,188.47,206500.0,0.0
20260825134000000,188.48,189.38,188.43,188.92,85200.0,0.0
20260825134500000,188.99,189.0,188.5,188.95,60600.0,0.0
20260825135000000,188.95,189.0,188.67,188.95,75600.0,0.0
20260825135500000,188.91,189.0,188.69,188.92,92500.0,0.0
20260825140000000,188.93,189.0,188.76,188.78,81400.0,0.0
20260825140500000,188.79,188.95,188.2,188.75,87300.0,0.0
20260825141000000,188.75,189.26,188.26,188.87,113800.0,0.0
20260825141500000,188.9,189.04,188.86,188.99,109400.0,0.0
20260825142000000,189.0,189.45,188.39,189.31,165000.0,0.0
20260825142500000,189.31,189.89,189.25,189.89,153900.0,0.0
20260825143000000,189.85,190.37,189.64,190.37,239100.0,0.0
20260825143500000,190.52,192.0,190.52,191.68,557300.0,0.0
20260825144000000,191.68,191.71,190.76,191.09,197800.0,0.0
20260825144500000,191.09,191.26,190.78,191.0,239800.0,0.0
20260825145000000,191.0,191.05,190.7,190.9,340500.0,0.0
20260825145500000,190.9,191.5,190.85,191.5,314800.0,0.0
20260825150000000,191.55,191.69,191.2,191.2,341400.0,0.0
