time,open,high,low,close,volume,amount
20240603100000000,15.6612053,15.77093349,15.39187247,15.47167479,7743700,120311282.0
20240603103000000,15.47167479,15.77093349,15.4616995,15.70110646,3602200,56550216.0
20240603110000000,15.70110646,15.88066168,15.69113117,15.85073581,4309800,68236320.0
20240603113000000,15.85073581,15.95048871,15.77093349,15.78090878,4102100,65223888.0
20240603133000000,15.77093349,15.81083465,15.70110646,15.77093349,2863400,45224608.0
20240603140000000,15.77093349,15.79088407,15.68115588,15.72105704,3402100,53612704.0
20240603143000000,15.72105704,15.73103233,15.58140298,15.67118059,2416700,37880960.0
20240603150000000,15.67118059,15.77093349,15.63127943,15.7609582,3045700,47963360.0
20240604100000000,15.71108175,15.71108175,15.43177363,15.55147711,5594400,87171062.0
20240604103000000,15.55147711,15.5614524,15.34199602,15.39187247,4478100,69212216.0
20240604110000000,15.39187247,15.49162537,15.37192189,15.49162537,1418300,21925280.0
20240604113000000,15.49162537,15.64125472,15.4616995,15.62130414,1998400,31196832.0
20240604133000000,15.61132885,15.62130414,15.48165008,15.49162537,1446300,22553408.0
20240604140000000,15.49162537,15.51157595,15.44174892,15.51157595,1265800,19628144.0
20240604143000000,15.51157595,15.6612053,15.49162537,15.64125472,2863100,44821088.0
20240604150000000,15.64125472,15.7609582,15.63127943,15.71108175,3322800,52387808.0
20240605100000000,15.72105704,15.83078523,15.67118059,15.72105704,5169100,81612490.0
20240605103000000,15.72105704,15.77093349,15.60135356,15.62130414,2471600,38846096.0
20240605110000000,15.62130414,15.73103233,15.60135356,15.62130414,1693600,26593136.0
20240605113000000,15.62130414,15.6612053,15.57142769,15.59137827,2025300,31668944.0
20240605133000000,15.59137827,15.65123001,15.57142769,15.62130414,1931800,30232864.0
20240605140000000,15.62130414,15.65123001,15.57142769,15.57142769,1468700,22971296.0
20240605143000000,15.57142769,15.60135356,15.49162537,15.49162537,2191800,34169264.0
20240605150000000,15.49162537,15.51157595,15.41182305,15.43177363,3225000,49939760.0
20240606100000000,15.5614524,15.8607111,15.54150182,15.71108175,9186500,144926952.0
20240606103000000,15.71108175,15.72105704,15.4616995,15.47167479,5195100,81202944.0
20240606110000000,15.47167479,15.7609582,15.45172421,15.62130414,2894300,45333200.0
20240606113000000,15.61132885,15.70110646,15.55147711,15.58140298,2008900,31452096.0
20240606133000000,15.59137827,15.75098291,15.53152653,15.60135356,4063600,63756576.0
20240606140000000,15.60135356,15.60135356,15.47167479,15.55147711,3031000,47187776.0
20240606143000000,15.55147711,15.5614524,15.41182305,15.44174892,2400100,37268576.0
20240606150000000,15.44174892,15.49162537,15.37192189,15.44174892,2718100,42055936.0
20240607100000000,15.4616995,15.51157595,15.22229254,15.24224312,5607400,86174574.0
20240607103000000,15.24224312,15.24224312,15.10258906,15.10258906,5962700,90547448.0
20240607110000000,15.10258906,15.10258906,15.00283616,15.02278674,3471800,52351136.0
20240607113000000,15.02278674,15.03276203,14.89310797,15.02278674,3589700,53807680.0
20240607133000000,15.03276203,15.05271261,14.94298442,14.99286087,2345500,35229120.0
20240607140000000,14.98288558,15.02278674,14.92303384,15.02278674,1855000,27821280.0
20240607143000000,15.02278674,15.20234196,14.98288558,15.08263848,3353800,50822080.0
20240607150000000,15.08263848,15.12253964,15.04273732,15.07266319,2660100,40204224.0
20240611100000000,14.97291029,15.14249022,14.71355275,15.11256435,5641300,84926466.0
20240611103000000,15.11256435,15.24224312,15.10258906,15.19236667,3327500,50654472.0
20240611110000000,15.19236667,15.38189718,15.15246551,15.37192189,2978100,45525440.0
20240611113000000,15.37192189,15.48165008,15.31207015,15.35197131,3759000,58077680.0
20240611133000000,15.35197131,15.35197131,15.23226783,15.27216899,1936400,29658944.0
20240611140000000,15.27216899,15.34199602,15.23226783,15.32204544,1936900,29706800.0
20240611143000000,15.32204544,15.45172421,15.29211957,15.43177363,2708500,41780640.0
20240611150000000,15.43177363,15.44174892,15.40184776,15.42179834,2301600,35589984.0
20240612100000000,16.04026632,16.63878372,15.960464,16.63878372,36661400,597538224.0
20240612103000000,16.63878372,16.84826481,16.44925321,16.48915437,15949700,265790727.0
20240612110000000,16.48915437,16.48915437,16.38940147,16.40935205,4798200,78992447.0
20240612113000000,16.40935205,16.40935205,16.24974741,16.29962386,4195000,68699442.0
20240612133000000,16.29962386,16.34950031,16.12006864,16.1599698,6388300,103877768.0
20240612140000000,16.1599698,16.16994509,16.02031574,16.04026632,4444100,71692800.0
20240612143000000,16.04026632,16.19987096,16.03029103,16.17992038,4966500,80264960.0
20240612150000000,16.17992038,16.20984625,16.11009335,16.1599698,7376400,119467136.0
20240613100000000,16.20984625,16.33952502,16.10011806,16.23977212,10283900,166889016.0
20240613103000000,16.23977212,16.44925321,16.23977212,16.31957444,9387100,153855152.0
20240613110000000,16.31957444,16.32954973,16.19987096,16.26969799,3385900,55192096.0
20240613113000000,16.26969799,16.26969799,16.14999451,16.16994509,2499900,40563488.0
20240613133000000,16.17992038,16.20984625,16.0602169,16.16994509,4311500,69676384.0
20240613140000000,16.16994509,16.32954973,16.16994509,16.30959915,4119700,67161469.0
20240613143000000,16.30959915,16.30959915,16.16994509,16.20984625,3078300,50062471.0
20240613150000000,16.20984625,16.23977212,16.17992038,16.21982154,3883100,63113016.0
20240614100000000,16.23977212,16.32954973,16.07019219,16.21982154,6957700,112865996.0
20240614103000000,16.21982154,16.4592285,16.1599698,16.3594756,10315500,169305456.0
20240614110000000,16.3594756,16.47917908,16.3594756,16.43927792,5882700,96968288.0
20240614113000000,16.43927792,16.88816597,16.43927792,16.73853662,16369000,273988672.0
20240614133000000,16.72856133,16.7584872,16.62880843,16.74851191,4942100,82708480.0
20240614140000000,16.74851191,16.93804242,16.72856133,16.83828952,7643100,129102464.0
20240614143000000,16.83828952,16.8582401,16.76846249,16.83828952,3925900,66246272.0
20240614150000000,16.83828952,16.93804242,16.82831423,16.89814126,10361700,175654016.0
20240617100000000,17.10762235,17.29715286,16.87819068,16.93804242,27509800,471953584.0
20240617103000000,16.93804242,17.83581852,16.88816597,17.73606562,27784200,486911936.0
20240617110000000,17.73606562,18.5540394,17.69616446,18.46426179,38814000,709102336.0
20240617113000000,18.46426179,18.58396527,18.21487954,18.58396527,29649800,549791232.0
20240617133000000,18.58396527,18.58396527,18.17497838,18.41438534,23471800,435135488.0
20240617140000000,18.41438534,18.58396527,18.37448418,18.58396527,12303200,228522496.0
20240617143000000,18.58396527,18.58396527,18.57398998,18.58396527,13049600,243102464.0
20240617150000000,18.58396527,18.58396527,18.57398998,18.58396527,4407000,82087936.0
20240618100000000,18.56401469,19.40193905,18.4542865,19.07275448,84700500,1602338336.0
20240618103000000,19.07275448,19.08272977,18.62386643,18.70366875,25094300,473806848.0
20240618110000000,18.70366875,18.96302629,18.66376759,18.93310042,9454800,178595714.0
20240618113000000,18.93310042,19.51166724,18.8532981,19.41191434,15206500,292705022.0
20240618133000000,19.43186492,19.43186492,19.07275448,19.17250738,12970900,250053632.0
20240618140000000,19.17250738,19.24233441,19.08272977,19.20243325,7029100,134906624.0
20240618143000000,19.20243325,19.53161782,19.18248267,19.31216144,14975200,290543360.0
20240618150000000,19.31216144,19.40193905,19.22238383,19.30218615,13387800,258962176.0
20240619100000000,19.29221086,19.57151898,18.97300158,18.99295216,45413200,876171360.0
20240619103000000,18.99295216,19.07275448,18.76352049,18.76352049,22011300,417463168.0
20240619110000000,18.76352049,18.88322397,18.68371817,18.87324868,15046400,282956160.0
20240619113000000,18.87324868,18.96302629,18.82337223,18.94307571,8523200,161373312.0
20240619133000000,18.92312513,18.98297687,18.87324868,18.91314984,6330600,120185344.0
20240619140000000,18.91314984,19.1525568,18.91314984,19.12263093,7112200,135540230.0
20240619143000000,19.12263093,19.17250738,18.953051,18.98297687,6349300,121202291.0
20240619150000000,18.98297687,19.1525568,18.98297687,19.07275448,9478500,181306754.0
20240620100000000,19.00292745,19.49171666,18.76352049,18.92312513,27767600,531427360.0
20240620103000000,18.92312513,18.953051,18.71364404,18.91314984,10148900,191542247.0
20240620110000000,18.90317455,19.0528039,18.78347107,18.78347107,5341400,101292599.0
20240620113000000,18.78347107,18.87324868,18.76352049,18.79344636,4973000,93771842.0
20240620133000000,18.78347107,18.78347107,18.62386643,18.66376759,7318900,137229632.0
20240620140000000,18.66376759,18.70366875,18.58396527,18.69369346,5977600,111706752.0
20240620143000000,18.69369346,18.74356991,18.57398998,18.61389114,6534400,122182144.0
20240620150000000,18.61389114,18.63384172,18.53408882,18.59394056,8499500,158332160.0
20240621100000000,18.10515135,18.79344636,18.07522548,18.69369346,22482900,414774688.0
20240621103000000,18.69369346,18.76352049,18.47423708,18.73359462,6551500,122365920.0
20240621110000000,18.73359462,19.16253209,18.63384172,18.96302629,19551200,372518208.0
20240621113000000,18.96302629,19.03285332,18.8532981,18.953051,5456300,103586624.0
20240621133000000,18.953051,19.11265564,18.79344636,18.99295216,6658100,126726976.0
20240621140000000,18.99295216,19.11265564,18.97300158,19.03285332,5136800,98064896.0
20240621143000000,19.03285332,19.03285332,18.92312513,18.96302629,4451400,84616448.0
20240621150000000,18.96302629,19.04282861,18.90317455,18.91314984,8435600,160226816.0
20240624100000000,19.00292745,19.82090123,18.8532981,19.69122246,48513900,945341958.0
20240624103000000,19.69122246,19.80095065,19.30218615,19.38198847,19661000,386161272.0
20240624110000000,19.38198847,19.49171666,19.1525568,19.23235912,8845700,171221249.0
20240624113000000,19.23235912,19.26228499,19.10268035,19.14258151,7958700,152843520.0
20240624133000000,19.14258151,19.36203789,19.06277919,19.09270506,10088700,193836544.0
20240624140000000,19.09270506,19.13260622,18.90317455,18.94307571,7874100,150201088.0
20240624143000000,18.94307571,19.0528039,18.92312513,18.94307571,6977900,132830336.0
20240624150000000,18.94307571,18.953051,18.79344636,18.92312513,11906500,225327872.0
20240625100000000,18.74356991,19.26228499,18.70366875,18.87324868,30393100,576994089.0
20240625103000000,18.87324868,18.88322397,18.6537923,18.6537923,9776200,183805313.0
20240625110000000,18.6537923,18.7535452,18.48421237,18.50416295,9879000,184205062.0
20240625113000000,18.50416295,18.58396527,18.40441005,18.4542865,6559200,121411904.0
20240625133000000,18.43433592,18.74356991,18.37448418,18.64381701,5987800,111546947.0
20240625140000000,18.64381701,18.64381701,18.4542865,18.48421237,4527600,84138365.0
20240625143000000,18.48421237,18.56401469,18.3545336,18.48421237,7072200,130726912.0
20240625150000000,18.48421237,18.70366875,18.46426179,18.62386643,10612600,197851898.0
20240626100000000,18.7535452,19.00292745,18.47423708,18.96302629,23433300,440271752.0
20240626103000000,18.96302629,19.03285332,18.6537923,18.77349578,10729900,202501723.0
20240626110000000,18.77349578,18.88322397,18.63384172,18.6537923,5647200,106090053.0
20240626113000000,18.6537923,18.69369346,18.51413824,18.58396527,3504500,65275652.0
20240626133000000,18.60391585,18.93310042,18.51413824,18.70366875,8184500,154041524.0
20240626140000000,18.70366875,18.8532981,18.70366875,18.83334752,3717800,70028424.0
20240626143000000,18.83334752,19.49171666,18.82337223,19.28223557,24702500,476613248.0
20240626150000000,19.28223557,19.36203789,19.1525568,19.1525568,15504300,299058944.0
20240627100000000,19.11265564,20.29971515,19.01290274,20.2498387,64768800,1277290976.0
20240627103000000,20.2498387,20.62889972,20.02040703,20.62889972,32165300,653480448.0
20240627110000000,20.62889972,20.948109,20.39946805,20.41941863,25038500,519659136.0
20240627113000000,20.41941863,20.46929508,19.89072826,20.00045645,16206900,326478592.0
20240627133000000,20.00045645,20.11018464,19.82090123,19.89072826,10242300,205117696.0
20240627140000000,19.89072826,20.0503329,19.86080239,19.91067884,7312200,146156800.0
20240627143000000,19.91067884,20.22988812,19.90070355,20.10020935,7564600,151820280.0
20240627150000000,20.10020935,20.1500858,19.86080239,19.97053058,11357100,227571208.0
20240628100000000,19.83087652,20.69872675,19.71117304,20.39946805,38816900,791178368.0
20240628103000000,20.39946805,21.00796074,20.21991283,20.92815842,28471200,591449728.0
20240628110000000,20.92815842,21.21744183,20.69872675,21.19749125,14282900,300280960.0
20240628113000000,21.19749125,21.19749125,20.62889972,20.69872675,8046800,168013056.0
20240628133000000,20.79847965,20.97803487,20.55907269,20.57902327,11257300,234214010.0
20240628140000000,20.57902327,20.86830668,20.55907269,20.61892443,8668500,179901452.0
20240628143000000,20.61892443,20.69872675,20.50919624,20.57902327,10068400,207815681.0
20240628150000000,20.57902327,20.72865262,20.56904798,20.6488503,13556100,280672497.0
20240701100000000,20.56904798,20.60894914,19.97053058,20.49922095,31428500,639320847.0
20240701103000000,20.49922095,20.49922095,20.08025877,20.17003638,9028000,183599033.0
20240701110000000,20.17003638,20.17003638,20.00045645,20.11018464,6129200,123329221.0
20240701113000000,20.11018464,20.22988812,19.92065413,20.20993754,9345300,187427131.0
20240701133000000,20.19996225,20.49922095,20.08025877,20.38949276,5994900,122158856.0
20240701140000000,20.38949276,20.55907269,20.27976457,20.50919624,5092500,104342016.0
20240701143000000,20.50919624,20.53912211,20.35956689,20.39946805,4252800,87197056.0
20240701150000000,20.39946805,20.50919624,20.33961631,20.42939392,7822000,160144256.0
20240702100000000,20.60894914,21.13763951,20.46929508,20.71867733,32088200,670059774.0
20240702103000000,20.71867733,21.01793603,20.4493445,20.97803487,14705700,306488378.0
20240702110000000,20.97803487,21.01793603,20.69872675,20.73862791,7650000,159812935.0
20240702113000000,20.73862791,20.7486032,20.59897385,20.61892443,4850600,100465791.0
20240702133000000,20.58899856,20.61892443,20.4493445,20.45931979,5802400,119383936.0
20240702140000000,20.45931979,20.61892443,20.43936921,20.46929508,4426100,91039104.0
20240702143000000,20.46929508,20.57902327,20.35956689,20.42939392,5477400,112262784.0
20240702150000000,20.42939392,20.48924566,20.33961631,20.43936921,8125200,166337664.0
20240703100000000,21.17754067,21.68628046,20.76855378,21.00796074,51219700,1093442688.0
20240703103000000,21.00796074,21.06781248,20.79847965,20.93813371,7187400,150861184.0
20240703110000000,20.93813371,20.99798545,20.80845494,20.95808429,4540000,95152256.0
20240703113000000,20.95808429,21.26731828,20.95808429,21.13763951,7666300,162296322.0
20240703133000000,21.1476148,21.1476148,20.72865262,20.75857849,8597500,179702142.0
20240703140000000,20.75857849,20.85833139,20.69872675,20.73862791,4717100,98104320.0
20240703143000000,20.73862791,20.73862791,20.62889972,20.67877617,4082200,84610176.0
20240703150000000,20.67877617,20.73862791,20.62889972,20.70870204,6978300,144652288.0
20240704100000000,20.68875146,22.2448967,20.65882559,21.96558858,50577800,1092764160.0
20240704103000000,21.96558858,21.99551445,21.67630517,21.73615691,14241500,311502208.0
20240704110000000,21.73615691,22.02544032,21.66632988,21.99551445,7482400,163723264.0
20240704113000000,21.99551445,22.03541561,21.71620633,21.75610749,4195200,92121212.0
20240704133000000,21.7461322,22.01546503,21.71620633,21.97556387,6075300,133302148.0
20240704140000000,21.97556387,21.97556387,21.65635459,21.67630517,7164400,156351613.0
20240704143000000,21.67630517,21.67630517,21.50672524,21.53665111,7482500,161889284.0
20240704150000000,21.53665111,21.69625575,21.52667582,21.59650285,12261300,265763837.0
20240705100000000,21.4468735,21.4468735,20.8483561,20.8483561,26445500,558919900.0
20240705103000000,20.8483561,20.87828197,20.63887501,20.63887501,14997200,312283652.0
20240705110000000,20.63887501,20.6488503,20.42939392,20.50919624,14919600,307356032.0
20240705113000000,20.50919624,20.87828197,20.49922095,20.77852907,4959800,102716786.0
20240705133000000,20.77852907,21.05783719,20.69872675,20.88825726,6968400,146117512.0
20240705140000000,20.88825726,21.25734299,20.88825726,21.1476148,9233800,195510526.0
20240705143000000,21.1476148,21.15759009,20.96805958,20.97803487,5778600,121986432.0
20240705150000000,20.97803487,21.11768893,20.96805958,21.05783719,7710500,162505089.0
20240708100000000,20.948109,21.67630517,20.948109,21.42692292,35020900,751429567.0
20240708103000000,21.42692292,21.7461322,21.41694763,21.61645343,12083000,261776193.0
20240708110000000,21.61645343,21.78603336,21.52667582,21.76608278,9669300,209894272.0
20240708113000000,21.76608278,22.00548974,21.69625575,21.71620633,11431300,250642944.0
20240708133000000,21.71620633,21.75610749,21.6463793,21.71620633,4106100,89328504.0
20240708140000000,21.71620633,21.92568742,21.69625575,21.76608278,5484400,119871112.0
20240708143000000,21.76608278,21.82593452,21.67630517,21.69625575,4374700,95373314.0
20240708150000000,21.69625575,21.78603336,21.58652756,21.6463793,7911700,171874942.0
20240709100000000,21.85586039,23.08282106,21.46682408,22.83343881,42995100,973550768.0
20240709103000000,22.83343881,23.1426728,22.71373533,23.02296932,16146900,371011968.0
20240709110000000,23.02296932,23.33220331,22.87333997,22.91324113,10599400,245743744.0
20240709113000000,22.91324113,23.16262338,22.91324113,23.1426728,6635100,153172224.0
20240709133000000,23.16262338,23.72123962,23.1426728,23.5416844,13984700,329242752.0
20240709140000000,23.5416844,23.81101723,23.42198092,23.81101723,15308800,364260608.0
20240709143000000,23.81101723,23.81101723,23.81101723,23.81101723,2148300,51280128.0
20240709150000000,23.81101723,23.81101723,23.81101723,23.81101723,2519900,60148992.0
20240710100000000,24.49931224,24.938225,24.17012767,24.5392134,57738100,1422818759.0
20240710103000000,24.5392134,24.7387192,24.38958405,24.62899101,13918300,342561784.0
20240710110000000,24.62899101,25.11778022,24.56913927,24.79857094,17031300,424754945.0
20240710113000000,24.79857094,25.09782964,24.48933695,25.08785435,10250400,254683648.0
20240710133000000,25.09782964,25.88587755,25.06790377,25.79609994,17953600,460026368.0
20240710140000000,25.79609994,26.05545748,25.5367424,25.55669298,10089100,261106944.0
20240710143000000,25.55669298,25.82602581,25.49684124,25.69634704,8527600,219674112.0
20240710150000000,25.69634704,26.0355069,25.59659414,25.97565516,13674300,354122496.0
20240711100000000,25.87590226,26.5342714,25.36716247,26.44449379,56259200,1457969408.0
20240711103000000,26.44449379,26.81357952,26.21506212,26.26493857,21695300,576708352.0
20240711110000000,26.26493857,26.26493857,25.29733544,25.3372366,19452100,500617600.0
20240711113000000,25.3372366,25.85595168,25.07787906,25.44696479,18835400,478327296.0
20240711133000000,25.46691537,26.40459263,25.4369895,26.17516096,11756700,305371904.0
20240711140000000,26.17516096,26.17516096,25.76617407,26.05545748,4289800,111481094.0
20240711143000000,26.05545748,26.12528451,25.8360011,26.12528451,6423700,167484160.0
20240711150000000,26.12528451,26.20508683,25.89585284,25.91580342,9775600,254593030.0
20240712100000000,25.40706363,25.47689066,24.92824971,24.96815087,41101500,1036665601.0
20240712103000000,24.96815087,25.30731073,24.8384721,25.26740957,13954100,350132997.0
20240712110000000,25.26740957,25.81605052,25.06790377,25.56666827,15992600,409501178.0
20240712113000000,25.56666827,25.7362482,25.37713776,25.5367424,5703700,145909248.0
20240712133000000,25.54671769,25.76617407,25.47689066,25.55669298,7911600,203257600.0
20240712140000000,25.55669298,25.78612465,25.55669298,25.57664356,6921600,178174208.0
20240712143000000,25.57664356,25.59659414,25.4369895,25.45694008,6180800,158090752.0
20240712150000000,25.45694008,25.59659414,25.45694008,25.5367424,11295900,289212160.0
20240715100000000,25.68637175,25.81605052,24.85842268,25.40706363,25086000,639425164.0
20240715103000000,25.40706363,25.69634704,25.15768138,25.47689066,10211000,260374134.0
20240715110000000,25.47689066,26.32479031,25.46691537,26.21506212,20394300,531774086.0
20240715113000000,26.21506212,26.27491386,25.72627291,25.90582813,8338000,216849280.0
20240715133000000,25.91580342,25.97565516,25.68637175,25.97565516,4377100,113211904.0
20240715140000000,25.97565516,26.1352598,25.79609994,26.00558103,6449000,167985280.0
20240715143000000,26.00558103,26.29486444,25.98563045,26.26493857,8139500,213280128.0
20240715150000000,26.26493857,26.3347656,26.10533393,26.29486444,14003300,368477184.0
20240716100000000,26.17516096,27.81110852,26.17516096,27.48192395,47524900,1297078144.0
20240716103000000,27.48192395,27.84103439,26.8335301,26.8335301,16925400,464554112.0
20240716110000000,26.8335301,27.50187453,26.8335301,27.31234402,6800900,185995642.0
20240716113000000,27.31234402,27.84103439,27.27244286,27.79115794,5572800,154062086.0
20240716133000000,27.78118265,28.70888462,27.58167685,28.21012012,15056900,425141120.0
20240716140000000,28.21012012,28.6290823,28.15026838,28.27994715,6589900,187602944.0
20240716143000000,28.27994715,28.80863752,28.22009541,28.50937882,7851900,225092608.0
20240716150000000,28.50937882,28.90839042,28.26997186,28.74878578,10373400,297067264.0
20240717100000000,28.06049077,28.06049077,27.14276409,27.29239344,36850200,1018466208.0
20240717103000000,27.29239344,27.51184982,27.0330359,27.50187453,14750800,401998336.0
20240717110000000,27.50187453,27.51184982,26.74375249,26.92330771,13244500,358678528.0
20240717113000000,26.92330771,27.07293706,26.52429611,26.71382662,9614700,257883520.0
20240717133000000,26.71382662,26.8335301,26.55422198,26.6340243,8115400,217108736.0
20240717140000000,26.6340243,26.88340655,26.61407372,26.65397488,7052600,189031936.0
20240717143000000,26.65397488,26.71382662,26.45446908,26.54424669,13345400,354945536.0
20240717150000000,26.54424669,26.66395017,26.26493857,26.3347656,22303100,590998784.0
20240718100000000,25.4369895,26.65397488,25.19758254,25.2374837,46681300,1199461824.0
20240718103000000,25.2374837,25.30731073,24.67886746,24.68884275,24256100,607625472.0
20240718110000000,24.68884275,25.18760725,24.6389663,25.17763196,11651500,289976064.0
20240718113000000,25.17763196,25.28736015,24.97812616,25.15768138,4720900,118874368.0
20240718133000000,25.19758254,25.4369895,24.99807674,25.12775551,7599400,192098048.0
20240718140000000,25.12775551,25.40706363,25.12775551,25.36716247,6301200,159704832.0
20240718143000000,25.36716247,25.60656943,25.25743428,25.38711305,8256800,210338816.0
20240718150000000,25.38711305,25.68637175,25.38711305,25.64647059,9116900,233780224.0
20240719100000000,24.74869449,25.36716247,24.65891688,25.24745899,30260200,756859168.0
20240719103000000,25.24745899,25.54671769,24.96815087,25.01802732,13872600,352066484.0
20240719110000000,25.01802732,25.07787906,24.81852152,24.82849681,8022800,200612362.0
20240719113000000,24.82849681,24.84844739,24.57911456,24.8384721,12244200,302766844.0
20240719133000000,24.8384721,24.97812616,24.76864507,24.84844739,5999700,149499266.0
20240719140000000,24.84844739,24.94820029,24.72874391,24.74869449,5320700,132393092.0
20240719143000000,24.74869449,24.91827442,24.7387192,24.77862036,6473600,161004288.0
20240719150000000,24.77862036,24.79857094,24.62899101,24.67886746,12242700,303027200.0
20240722100000000,24.65891688,24.938225,24.22997941,24.32973231,29663400,731033414.0
20240722103000000,24.32973231,24.84844739,24.32973231,24.70879333,12002200,295735350.0
20240722110000000,24.70879333,25.2374837,24.6389663,25.2374837,15214500,380342020.0
20240722113000000,25.2374837,25.29733544,24.91827442,25.14770609,11371400,286617088.0
20240722133000000,25.16765667,25.30731073,24.96815087,25.07787906,6771400,170670720.0
20240722140000000,25.07787906,25.15768138,24.938225,24.96815087,3570400,89704832.0
20240722143000000,24.96815087,25.14770609,24.91827442,25.09782964,3597900,90377856.0
20240722150000000,25.09782964,25.12775551,25.01802732,25.05792848,8901700,223682304.0
20240723100000000,24.88834855,25.42701421,24.71876862,24.72874391,22881000,574653766.0
20240723103000000,24.72874391,24.85842268,24.34968289,24.41950992,12651300,311060410.0
20240723110000000,24.41950992,24.68884275,24.32973231,24.41950992,5322300,130657792.0
20240723113000000,24.41950992,24.44943579,24.31975702,24.41950992,4388400,107238784.0
20240723133000000,24.41950992,25.06790377,24.41950992,24.91827442,8576600,213425924.0
20240723140000000,24.91827442,24.97812616,24.74869449,24.938225,4656300,116033148.0
20240723143000000,24.938225,24.938225,24.59906514,24.65891688,4401800,109067264.0
20240723150000000,24.65891688,24.78859565,24.58908985,24.66889217,8703600,215231872.0
20240724100000000,24.68884275,25.14770609,24.41950992,24.67886746,23482700,585156887.0
20240724103000000,24.67886746,24.7387192,24.19007825,24.27985586,10486400,256860673.0
20240724110000000,24.27985586,24.40953463,24.19007825,24.22997941,4908500,119510656.0
20240724113000000,24.22997941,24.41950992,24.05042419,24.40953463,5821700,141213696.0
20240724133000000,24.44943579,24.52923811,24.18010296,24.22000412,3665700,89587712.0
20240724140000000,24.22000412,24.24992999,24.05042419,24.19007825,4177200,101049344.0
20240724143000000,24.19007825,24.3397076,24.15017709,24.2399547,3464200,84116480.0
20240724150000000,24.2399547,24.31975702,24.13022651,24.2399547,6378700,154906496.0
20240725100000000,23.5416844,23.91077013,23.05289519,23.16262338,30409200,716551200.0
20240725103000000,23.16262338,23.23245041,22.79353765,22.86336468,18342900,422771264.0
20240725110000000,22.86336468,23.13269751,22.82346352,22.88331526,13922300,320155008.0
20240725113000000,22.88331526,23.39205505,22.8434141,23.31225273,6523200,151370373.0
20240725133000000,23.28232686,23.52173382,23.16262338,23.42198092,5175800,121096699.0
20240725140000000,23.42198092,23.63146201,23.42198092,23.46188208,5296800,124938496.0
20240725143000000,23.46188208,23.52173382,23.22247512,23.2424257,4085100,95546116.0
20240725150000000,23.2424257,23.27235157,23.17259867,23.2424257,9110500,212060662.0
20240726100000000,23.29230215,23.90079484,23.06287048,23.90079484,19786900,467253576.0
20240726103000000,23.90079484,23.90079484,23.60153614,23.6414373,8693600,206760197.0
20240726110000000,23.6414373,23.97062187,23.50178324,23.90079484,6880900,163982459.0
20240726113000000,23.90079484,24.48933695,23.90079484,24.30978173,15303400,372237312.0
20240726133000000,24.32973231,24.3397076,24.00054774,24.05042419,6319100,152982144.0
20240726140000000,24.05042419,24.46938637,24.05042419,24.21002883,7751300,188733440.0
20240726143000000,24.21002883,24.2399547,24.12025122,24.20005354,3609000,87437312.0
20240726150000000,24.20005354,24.22997941,24.13022651,24.21002883,7376100,178805504.0
20240729100000000,24.12025122,25.40706363,23.49180795,24.50928753,38832900,958151782.0
20240729103000000,24.50928753,24.64894159,24.31975702,24.60904043,12032600,295282558.0
20240729110000000,24.60904043,24.70879333,24.36963347,24.46938637,4480100,109954046.0
20240729113000000,24.46938637,24.56913927,24.32973231,24.49931224,3343700,81885048.0
20240729133000000,24.54918869,24.68884275,24.39955934,24.66889217,5044400,124154638.0
20240729140000000,24.66889217,24.87837326,24.40953463,24.40953463,7094400,175403258.0
20240729143000000,24.40953463,24.54918869,24.39955934,24.49931224,3325800,81537784.0
20240729150000000,24.49931224,24.51926282,24.37960876,24.37960876,6112100,149726600.0
20240730100000000,24.25990528,24.60904043,23.91077013,24.22000412,14732400,356927920.0
20240730103000000,24.22000412,24.52923811,24.00054774,24.00054774,6623200,161110688.0
20240730110000000,24.00054774,24.29980644,23.98059716,24.0404489,3904000,94360284.0
20240730113000000,24.05042419,24.29980644,24.01052303,24.16015238,2442900,59031104.0
20240730133000000,24.17012767,24.24992999,24.06039948,24.08035006,3174300,76849993.0
20240730140000000,24.08035006,24.18010296,24.00054774,24.10030064,2594800,62613371.0
20240730143000000,24.10030064,24.18010296,24.0404489,24.09032535,3697100,89375804.0
20240730150000000,24.09032535,24.15017709,24.02049832,24.15017709,4953900,119632203.0
20240731100000000,24.20005354,24.88834855,24.20005354,24.51926282,22832600,563965500.0
20240731103000000,24.51926282,24.75866978,24.00054774,24.72874391,11751600,286258059.0
20240731110000000,24.72874391,25.1377308,24.58908985,25.08785435,17353700,432619513.0
20240731113000000,25.08785435,25.22750841,24.89832384,25.04795319,9439400,237166080.0
20240731133000000,25.06790377,25.09782964,24.79857094,24.90829913,7638700,190854528.0
20240731140000000,24.90829913,24.94820029,24.79857094,24.87837326,5632300,140386432.0
20240731143000000,24.87837326,24.92824971,24.69881804,24.72874391,6027500,149919103.0
20240731150000000,24.72874391,24.84844739,24.71876862,24.84844739,8406800,209104128.0
20240801100000000,25.32726131,25.36716247,24.03047361,24.37960876,34995700,864019072.0
20240801103000000,24.37960876,24.54918869,24.18010296,24.21002883,8366600,204391104.0
20240801110000000,24.21002883,24.27985586,24.07037477,24.12025122,5038700,121970048.0
20240801113000000,24.12025122,24.28983115,24.09032535,24.2399547,4521200,109602944.0
20240801133000000,24.2399547,24.5392134,24.20005354,24.20005354,5232600,127739776.0
20240801140000000,24.20005354,24.39955934,24.20005354,24.39955934,3314900,80717956.0
20240801143000000,24.39955934,24.39955934,24.12025122,24.16015238,3939700,95534456.0
20240801150000000,24.16015238,24.21002883,24.09032535,24.17012767,7900500,191226880.0
20240802100000000,24.09032535,24.78859565,23.71126433,24.39955934,24515900,596031864.0
20240802103000000,24.39955934,24.39955934,23.89081955,23.97062187,8308600,201006856.0
20240802110000000,23.97062187,23.97062187,23.70128904,23.73121491,6955000,166043520.0
20240802113000000,23.73121491,23.97062187,23.69131375,23.77111607,3605300,86020992.0
20240802133000000,23.75116549,23.82099252,23.67136317,23.72123962,4794400,113975168.0
20240802140000000,23.72123962,23.83096781,23.6414373,23.7411902,6809300,161731840.0
20240802143000000,23.7411902,23.88084426,23.56163498,23.72123962,5649700,133956224.0
20240802150000000,23.72123962,23.89081955,23.66138788,23.7411902,7384000,175913223.0
20240805100000000,22.49427895,22.93319171,22.11521793,22.1451438,43998100,989468704.0
20240805103000000,22.1451438,22.2448967,21.80598394,21.97556387,23856500,525572736.0
20240805110000000,21.97556387,21.97556387,21.75610749,21.91571213,10526900,230460544.0
20240805113000000,21.91571213,22.08529206,21.83590981,21.96558858,6752700,148624896.0
20240805133000000,21.92568742,21.95561329,21.50672524,21.53665111,16040600,348594304.0
20240805140000000,21.53665111,21.63640401,21.36707118,21.36707118,17147400,368647936.0
20240805143000000,21.36707118,21.36707118,21.36707118,21.36707118,1312200,28107008.0
20240805150000000,21.36707118,21.36707118,21.36707118,21.36707118,540100,11569152.0
20240806100000000,22.19502025,22.55413069,21.945638,22.03541561,37549500,838141792.0
20240806103000000,22.03541561,22.10524264,21.77605807,21.95561329,9101000,199929984.0
20240806110000000,21.95561329,21.95561329,21.72618162,21.8458851,5193500,113447168.0
20240806113000000,21.8458851,21.93566271,21.79600865,21.85586039,2467300,54071168.0
20240806133000000,21.82593452,21.92568742,21.72618162,21.8458851,3409300,74512128.0
20240806140000000,21.8458851,21.88578626,21.70623104,21.76608278,3920500,85605632.0
20240806143000000,21.76608278,21.88578626,21.65635459,21.87581097,4882400,106600704.0
20240806150000000,21.87581097,22.0453909,21.85586039,21.97556387,7288500,160556544.0
20240807100000000,21.90573684,22.15511909,21.52667582,21.98553916,13281400,292030416.0
20240807103000000,21.98553916,22.28479786,21.91571213,22.20499554,7331300,162443136.0
20240807110000000,22.20499554,22.2448967,22.01546503,22.0453909,4040900,89650169.0
20240807113000000,22.0453909,22.23492141,22.0453909,22.13516851,2986300,66332300.0
20240807133000000,22.11521793,22.22494612,22.09526735,22.1451438,4031500,89564915.0
20240807140000000,22.1451438,22.17506967,21.97556387,21.99551445,3830400,84724738.0
20240807143000000,21.99551445,22.03541561,21.86583568,22.02544032,6888100,151342146.0
20240807150000000,22.02544032,22.03541561,21.90573684,21.99551445,4740700,104494270.0
20240808100000000,21.945638,22.2448967,21.5466264,22.02544032,12578200,276316352.0
20240808103000000,22.02544032,22.43442721,21.82593452,22.37457547,9566900,212964288.0
20240808110000000,22.37457547,22.52420482,22.02544032,22.46435308,7564700,168992480.0
20240808113000000,22.46435308,22.61398243,22.31472373,22.33467431,9354300,210700216.0
20240808133000000,22.35462489,22.42445192,22.2448967,22.30474844,2580000,57692999.0
20240808140000000,22.30474844,22.31472373,22.2448967,22.30474844,1424200,31798856.0
20240808143000000,22.30474844,22.32469902,22.21497083,22.27482257,1709300,38142770.0
20240808150000000,22.27482257,22.28479786,22.18504496,22.23492141,4271400,95170251.0
20240809100000000,22.31472373,22.79353765,22.28479786,22.79353765,16604200,375400800.0
20240809103000000,22.79353765,22.85338939,22.53418011,22.55413069,5222900,118710176.0
20240809110000000,22.55413069,22.67383417,22.45437779,22.66385888,2617700,59209114.0
20240809113000000,22.66385888,22.98306816,22.66385888,22.69378475,8695200,199211912.0
20240809133000000,22.69378475,22.69378475,22.45437779,22.56410598,3013200,68161346.0
20240809140000000,22.56410598,22.71373533,22.5441554,22.60400714,1512900,34286585.0
20240809143000000,22.59403185,22.62395772,22.51422953,22.53418011,2350700,53169852.0
20240809150000000,22.53418011,22.60400714,22.47432837,22.47432837,4256400,96118791.0
20240812100000000,22.55413069,22.8434141,22.19502025,22.76361178,11555500,260504616.0
20240812103000000,22.76361178,22.82346352,22.43442721,22.48430366,4594800,104260528.0
20240812110000000,22.48430366,22.70376004,22.42445192,22.59403185,2321200,52570624.0
20240812113000000,22.59403185,22.65388359,22.46435308,22.48430366,1377200,31126784.0
20240812133000000,22.4444025,22.59403185,22.40450134,22.42445192,2352400,53032480.0
20240812140000000,22.41447663,22.52420482,22.36460018,22.40450134,2170500,48803004.0
20240812143000000,22.40450134,22.43442721,22.32469902,22.35462489,2239200,50217035.0
20240812150000000,22.35462489,22.48430366,22.29477315,22.29477315,3298100,74020467.0
20240813100000000,22.6439083,23.12272222,22.6439083,22.77358707,15824700,362576416.0
20240813103000000,22.77358707,22.80351294,22.53418011,22.55413069,4221500,95789088.0
20240813110000000,22.55413069,22.60400714,22.47432837,22.51422953,1835300,41447360.0
20240813113000000,22.51422953,22.60400714,22.49427895,22.57408127,1340100,30302048.0
20240813133000000,22.56410598,22.72371062,22.49427895,22.60400714,2465100,55786432.0
20240813140000000,22.60400714,22.77358707,22.60400714,22.71373533,2688700,61234555.0
20240813143000000,22.71373533,22.75363649,22.58405656,22.6439083,2769000,62920061.0
20240813150000000,22.6439083,22.93319171,22.6439083,22.91324113,6493800,148755141.0
20240814100000000,22.6439083,22.72371062,22.08529206,22.61398243,22989100,515433472.0
20240814103000000,22.61398243,22.68380946,22.4444025,22.50425424,5294400,119669564.0
20240814110000000,22.50425424,22.68380946,22.48430366,22.57408127,2455100,55564553.0
20240814113000000,22.57408127,22.61398243,22.51422953,22.57408127,2631900,59505213.0
20240814133000000,22.56410598,22.65388359,22.48430366,22.61398243,3185500,72029890.0
20240814140000000,22.60400714,22.61398243,22.4444025,22.49427895,2608500,58843900.0
20240814143000000,22.49427895,22.5441554,22.4444025,22.49427895,2052400,46279616.0
20240814150000000,22.49427895,22.52420482,22.35462489,22.39452605,4501200,101210488.0
20240815100000000,22.2448967,22.55413069,22.23492141,22.31472373,7290700,163619856.0
20240815103000000,22.31472373,22.39452605,22.1451438,22.28479786,6569900,146742624.0
20240815110000000,22.28479786,22.5441554,22.23492141,22.26484728,5163600,115881920.0
20240815113000000,22.26484728,22.29477315,22.18504496,22.25487199,2086700,46509568.0
20240815133000000,22.25487199,22.3446496,22.13516851,22.1451438,2624100,58383424.0
20240815140000000,22.1451438,22.15511909,22.0453909,22.05536619,2642900,58522200.0
20240815143000000,22.05536619,22.13516851,22.03541561,22.07531677,2595700,57423877.0
20240815150000000,22.07531677,22.16509438,22.03541561,22.08529206,4437600,98214459.0
20240816100000000,22.32469902,22.71373533,22.19502025,22.4444025,12848100,289758064.0
20240816103000000,22.4444025,22.59403185,22.31472373,22.57408127,5017800,113065120.0
20240816110000000,22.57408127,22.63393301,22.46435308,22.46435308,3623200,81923936.0
20240816113000000,22.46435308,22.78356236,22.46435308,22.63393301,5167300,117442392.0
20240816133000000,22.63393301,22.79353765,22.5441554,22.6439083,2760200,62649420.0
20240816140000000,22.6439083,22.66385888,22.41447663,22.48430366,3208300,72373826.0
20240816143000000,22.48430366,22.5441554,22.41447663,22.43442721,1805800,40658676.0
20240816150000000,22.43442721,22.48430366,22.39452605,22.4444025,3332200,74938302.0
20240819100000000,22.35462489,22.82346352,22.0453909,22.81348823,12054700,271396960.0
20240819103000000,22.81348823,22.82346352,22.39452605,22.39452605,3988800,90268224.0
20240819110000000,22.39452605,22.40450134,22.23492141,22.26484728,2546800,56934912.0
20240819113000000,22.26484728,22.41447663,22.23492141,22.37457547,1781500,39814624.0
20240819133000000,22.41447663,22.41447663,22.20499554,22.22494612,2469100,55130208.0
20240819140000000,22.22494612,22.22494612,22.13516851,22.19502025,2257500,50176070.0
20240819143000000,22.19502025,22.2448967,22.15511909,22.16509438,2278600,50723259.0
20240819150000000,22.16509438,22.22494612,22.1451438,22.18504496,2692000,59857535.0
20240820100000000,21.945638,22.92321642,21.945638,22.30474844,19060100,430400064.0
20240820103000000,22.30474844,22.35462489,22.16509438,22.27482257,3583200,79929536.0
20240820110000000,22.27482257,22.59403185,22.2448967,22.35462489,3529000,79388856.0
20240820113000000,22.35462489,22.35462489,22.21497083,22.23492141,1608000,35911948.0
20240820133000000,22.23492141,22.23492141,22.0453909,22.06534148,3850300,85319036.0
20240820140000000,22.05536619,22.06534148,21.95561329,21.98553916,3778900,83367680.0
20240820143000000,21.99551445,22.08529206,21.945638,22.08529206,2274700,50122624.0
20240820150000000,22.08529206,22.08529206,21.95561329,22.00548974,2915700,64304640.0
20240821100000000,22.0453909,22.31472373,21.8458851,22.07531677,8646300,191062524.0
20240821103000000,22.07531677,22.55413069,21.89576155,22.5441554,11166300,249687520.0
20240821110000000,22.5441554,23.53170911,22.4444025,23.26237628,28681100,661852192.0
20240821113000000,23.26237628,23.52173382,23.09279635,23.3421786,11053300,258671360.0
20240821133000000,23.3421786,23.3421786,22.91324113,22.96311758,6841700,158397565.0
20240821140000000,22.96311758,22.99304345,22.86336468,22.88331526,3456300,79419910.0
20240821143000000,22.88331526,22.95314229,22.82346352,22.85338939,4134900,94861437.0
20240821150000000,22.85338939,22.87333997,22.77358707,22.83343881,6492300,148546943.0
20240822100000000,22.66385888,22.69378475,21.7461322,21.77605807,24877100,551804064.0
20240822103000000,21.77605807,22.00548974,21.63640401,21.89576155,8004000,174880835.0
20240822110000000,21.89576155,22.16509438,21.83590981,22.12519322,4179400,92248119.0
20240822113000000,22.12519322,22.3446496,22.12519322,22.23492141,4449300,99153352.0
20240822133000000,22.20499554,22.62395772,22.10524264,22.61398243,5673200,127484862.0
20240822140000000,22.61398243,22.78356236,22.39452605,22.41447663,4841800,109730624.0
20240822143000000,22.41447663,22.49427895,22.37457547,22.41447663,3627700,81563520.0
20240822150000000,22.41447663,22.53418011,22.36460018,22.50425424,6738900,151726592.0
20240823100000000,22.29477315,22.58405656,21.83590981,21.99551445,11826600,261488520.0
20240823103000000,21.99551445,22.27482257,21.86583568,22.18504496,4148800,91777648.0
20240823110000000,22.18504496,22.32469902,22.08529206,22.1451438,3242500,72233632.0
20240823113000000,22.1451438,22.2448967,21.96558858,22.15511909,3125000,69249696.0
20240823133000000,22.15511909,22.15511909,22.03541561,22.07531677,2065700,45726016.0
20240823140000000,22.07531677,22.35462489,22.06534148,22.16509438,2790200,62167041.0
20240823143000000,22.16509438,22.21497083,22.11521793,22.17506967,2124000,47164727.0
20240823150000000,22.17506967,22.23492141,22.12519322,22.15511909,4907100,109048192.0
20240826100000000,22.23492141,22.23492141,21.60647814,21.67630517,10594400,232022796.0
20240826103000000,21.67630517,21.945638,21.62642872,21.91571213,5182300,113230160.0
20240826110000000,21.91571213,22.25487199,21.79600865,22.2448967,4885300,108062816.0
20240826113000000,22.2448967,22.6439083,22.11521793,22.52420482,9395500,211380032.0
20240826133000000,22.52420482,22.53418011,22.18504496,22.25487199,4158900,93064762.0
20240826140000000,22.25487199,22.25487199,22.03541561,22.07531677,2231500,49478718.0
20240826143000000,22.07531677,22.21497083,22.07531677,22.10524264,1636800,36318853.0
20240826150000000,22.10524264,22.16509438,22.07531677,22.13516851,3445200,76398081.0
20240827100000000,22.06534148,22.12519322,21.62642872,21.69625575,9297100,203131640.0
20240827103000000,21.69625575,21.82593452,21.5466264,21.65635459,4919400,106802448.0
20240827110000000,21.65635459,21.70623104,21.53665111,21.55660169,3744400,81070176.0
20240827113000000,21.55660169,21.55660169,21.39699705,21.46682408,6170000,132736448.0
20240827133000000,21.47679937,21.51670053,21.36707118,21.40697234,5436500,116726456.0
20240827140000000,21.39699705,21.41694763,21.28726886,21.33714531,4697700,100493508.0
20240827143000000,21.33714531,21.36707118,21.17754067,21.22741712,6923200,147452740.0
20240827150000000,21.22741712,21.35709589,21.21744183,21.33714531,6604800,140893816.0
20240828100000000,21.12766422,21.57655227,21.10771364,21.13763951,10439900,223462224.0
20240828103000000,21.13763951,21.13763951,20.92815842,20.96805958,7441900,156868864.0
20240828110000000,20.96805958,21.09773835,20.85833139,20.95808429,6721700,141086688.0
20240828113000000,20.95808429,20.97803487,20.81843023,20.91818313,4014800,84021660.0
20240828133000000,20.91818313,21.01793603,20.88825726,20.90820784,1949600,40957768.0
20240828140000000,20.90820784,21.09773835,20.90820784,21.03788661,2698300,56812672.0
20240828143000000,21.03788661,21.06781248,20.91818313,20.97803487,2757700,57963450.0
20240828150000000,20.97803487,21.07778777,20.97803487,21.00796074,3462600,72939715.0
20240829100000000,20.86830668,20.86830668,20.39946805,20.52914682,10406100,214473920.0
20240829103000000,20.52914682,20.88825726,20.43936921,20.81843023,5923200,122893232.0
20240829110000000,20.81843023,21.46682408,20.81843023,21.32717002,7210800,153205280.0
20240829113000000,21.32717002,21.61645343,21.22741712,21.47679937,6836000,147012608.0
20240829133000000,21.50672524,21.93566271,21.33714531,21.88578626,8140800,176614528.0
20240829140000000,21.88578626,21.91571213,21.6463793,21.65635459,5124600,111983680.0
20240829143000000,21.65635459,21.65635459,21.51670053,21.5466264,3235200,69924672.0
20240829150000000,21.5466264,21.59650285,21.52667582,21.57655227,3679300,79508608.0
20240830100000000,21.57655227,23.73121491,21.53665111,23.73121491,40666600,937435792.0
20240830103000000,23.73121491,23.73121491,23.73121491,23.73121491,9290800,221028096.0
20240830110000000,23.73121491,23.73121491,23.73121491,23.73121491,816000,19412736.0
20240830113000000,23.73121491,23.73121491,23.73121491,23.73121491,1237900,29449728.0
20240830133000000,23.73121491,23.73121491,23.73121491,23.73121491,1027200,24437248.0
20240830140000000,23.73121491,23.73121491,23.73121491,23.73121491,378300,8999680.0
20240830143000000,23.73121491,23.73121491,23.73121491,23.73121491,275400,6551680.0
20240830150000000,23.73121491,23.73121491,23.73121491,23.73121491,943600,22448128.0
20240902100000000,23.95067129,23.98059716,22.66385888,22.90326584,42101700,975192934.0
20240902103000000,22.90326584,22.93319171,22.21497083,22.47432837,18558900,418186042.0
20240902110000000,22.47432837,22.86336468,22.31472373,22.73368591,12876600,292055425.0
20240902113000000,22.73368591,22.8434141,22.69378475,22.79353765,4312600,98457471.0
20240902133000000,22.79353765,23.12272222,22.76361178,22.99304345,9340700,215206784.0
20240902140000000,22.99304345,23.17259867,22.86336468,22.92321642,6741300,155597306.0
20240902143000000,22.92321642,22.98306816,22.79353765,22.8434141,4633600,106260738.0
20240902150000000,22.8434141,22.89329055,22.73368591,22.79353765,9184900,209938955.0
20240903100000000,22.59403185,23.10277164,22.11521793,22.36460018,22461100,506185856.0
20240903103000000,22.36460018,22.86336468,22.27482257,22.71373533,8690100,197428222.0
20240903110000000,22.71373533,22.75363649,22.55413069,22.60400714,4080300,92617794.0
20240903113000000,22.60400714,22.62395772,22.37457547,22.40450134,3453700,77809734.0
20240903133000000,22.39452605,22.71373533,22.37457547,22.56410598,3206500,72604982.0
20240903140000000,22.56410598,22.63393301,22.49427895,22.56410598,2340700,52948361.0
20240903143000000,22.56410598,22.56410598,22.41447663,22.52420482,3163300,71342975.0
20240903150000000,22.52420482,22.55413069,22.45437779,22.48430366,6906100,155753836.0
20240904100000000,21.95561329,22.21497083,21.39699705,21.58652756,23698000,516386896.0
20240904103000000,21.58652756,21.6463793,21.3471206,21.6463793,7699400,165512988.0
20240904110000000,21.6463793,21.92568742,21.53665111,21.89576155,4758300,103798848.0
20240904113000000,21.89576155,21.92568742,21.73615691,21.81595923,2747000,60132738.0
20240904133000000,21.81595923,21.92568742,21.72618162,21.87581097,1977100,43283650.0
20240904140000000,21.87581097,22.00548974,21.80598394,21.88578626,3250100,71378048.0
20240904143000000,21.88578626,21.99551445,21.8458851,21.90573684,3369600,73993920.0
20240904150000000,21.89576155,22.02544032,21.89576155,21.91571213,4628900,101844544.0
20240905100000000,22.03541561,22.11521793,21.67630517,21.90573684,8282700,181379176.0
20240905103000000,21.90573684,22.4444025,21.90573684,22.31472373,12107700,270083088.0
20240905110000000,22.31472373,22.43442721,22.08529206,22.09526735,4867200,108707328.0
20240905113000000,22.09526735,22.12519322,21.97556387,22.06534148,2516000,55591810.0
20240905133000000,22.05536619,22.06534148,21.93566271,21.93566271,1552700,34248184.0
20240905140000000,21.93566271,21.97556387,21.88578626,21.89576155,1650400,36288006.0
20240905143000000,21.89576155,21.91571213,21.82593452,21.83590981,2013000,44109564.0
20240905150000000,21.8458851,21.92568742,21.83590981,21.83590981,4245000,93049412.0
20240906100000000,21.8458851,21.92568742,21.50672524,21.65635459,7076400,153789880.0
20240906103000000,21.65635459,21.93566271,21.56657698,21.91571213,4309100,93698992.0
20240906110000000,21.91571213,21.91571213,21.57655227,21.59650285,3097500,67423456.0
20240906113000000,21.59650285,21.60647814,21.3471206,21.38702176,4703800,101212320.0
20240906133000000,21.39699705,21.5466264,21.27729357,21.30721944,3355200,71931872.0
20240906140000000,21.30721944,21.33714531,21.22741712,21.26731828,3558500,75880678.0
20240906143000000,21.26731828,21.31719473,21.23739241,21.25734299,1939300,41343551.0
20240906150000000,21.25734299,21.31719473,21.09773835,21.12766422,5536600,117503483.0
20240909100000000,20.89823255,21.33714531,20.89823255,21.03788661,9352200,197964224.0
20240909103000000,21.03788661,21.13763951,20.89823255,20.948109,3691500,77656416.0
20240909110000000,20.948109,20.948109,20.8483561,20.92815842,2369700,49615232.0
20240909113000000,20.92815842,21.02791132,20.88825726,20.91818313,1600000,33593728.0
20240909133000000,20.91818313,20.96805958,20.85833139,20.87828197,1808300,37888480.0
20240909140000000,20.87828197,20.91818313,20.79847965,20.83838081,3377400,70616864.0
20240909143000000,20.83838081,20.83838081,20.65882559,20.73862791,5024300,104441592.0
20240909150000000,20.73862791,20.92815842,20.67877617,20.92815842,3658600,76450696.0
20240910100000000,20.82840552,20.88825726,20.04035761,20.56904798,16005300,325907304.0
20240910103000000,20.56904798,20.69872675,20.36954218,20.63887501,5510800,113418208.0
20240910110000000,20.63887501,20.948109,20.60894914,20.90820784,4674300,97642368.0
20240910113000000,20.90820784,20.97803487,20.71867733,20.7486032,2395500,50081408.0
20240910133000000,20.76855378,21.19749125,20.75857849,20.92815842,4333100,91351552.0
20240910140000000,20.92815842,21.01793603,20.83838081,20.96805958,1395500,29233984.0
20240910143000000,20.96805958,21.10771364,20.88825726,20.90820784,2976600,62647488.0
20240910150000000,20.90820784,20.948109,20.81843023,20.948109,3471700,72669440.0
20240911100000000,20.83838081,20.86830668,20.59897385,20.67877617,5849800,121586548.0
20240911103000000,20.67877617,20.71867733,20.57902327,20.63887501,2924200,60475640.0
20240911110000000,20.63887501,20.75857849,20.5490974,20.55907269,2222500,45999776.0
20240911113000000,20.55907269,20.59897385,20.43936921,20.49922095,3832100,78761728.0
20240911133000000,20.50919624,20.50919624,20.35956689,20.41941863,3337600,68300480.0
20240911140000000,20.41941863,20.48924566,20.36954218,20.4493445,2012000,41194368.0
20240911143000000,20.4493445,20.47927037,20.35956689,20.42939392,2835100,58031200.0
20240911150000000,20.42939392,20.48924566,20.39946805,20.41941863,3636800,74487808.0
20240912100000000,20.63887501,20.77852907,20.25981399,20.26978928,7070500,144968836.0
20240912103000000,20.26978928,20.26978928,19.97053058,20.02040703,6644400,133775760.0
20240912110000000,20.02040703,20.10020935,19.91067884,19.96055529,3612000,72340864.0
20240912113000000,19.96055529,20.07028348,19.92065413,20.04035761,2343800,46948768.0
20240912133000000,20.0503329,20.39946805,19.97053058,20.37951747,4592400,93088896.0
20240912140000000,20.37951747,20.42939392,20.18998696,20.20993754,2760000,56267230.0
20240912143000000,20.20993754,20.22988812,20.12015993,20.16006109,2145900,43401032.0
20240912150000000,20.16006109,20.17003638,20.09023406,20.09023406,2890700,58319670.0
20240913100000000,20.11018464,20.75857849,20.0503329,20.6488503,12337000,252516356.0
20240913103000000,20.6488503,20.70870204,20.3495916,20.52914682,5883900,120970992.0
20240913110000000,20.52914682,20.55907269,20.32964102,20.35956689,2021000,41370944.0
20240913113000000,20.35956689,20.68875146,20.35956689,20.65882559,2209900,45390112.0
20240913133000000,20.6488503,20.67877617,20.33961631,20.35956689,2323100,47575840.0
20240913140000000,20.36954218,20.40944334,20.33961631,20.33961631,1587000,32408416.0
20240913143000000,20.33961631,20.36954218,20.2498387,20.26978928,2532200,51547010.0
20240913150000000,20.26978928,20.29971515,20.17003638,20.18001167,3684500,74705276.0
20240918100000000,20.03038232,20.03038232,18.80342165,18.82337223,26242100,506591632.0
20240918103000000,18.82337223,18.84332281,18.43433592,18.51413824,17717600,330477408.0
20240918110000000,18.51413824,18.78347107,18.51413824,18.6537923,8131900,152244160.0
20240918113000000,18.66376759,18.74356991,18.61389114,18.69369346,2766400,51769536.0
20240918133000000,18.66376759,19.08272977,18.66376759,18.99295216,4217400,79924728.0
20240918140000000,18.99295216,19.22238383,18.953051,19.22238383,3075000,58808328.0
20240918143000000,19.22238383,19.23235912,19.0528039,19.11265564,2905300,55745792.0
20240918150000000,19.11265564,19.19245796,19.07275448,19.11265564,3574100,68473728.0
20240919100000000,19.56154369,19.61142014,19.01290274,19.17250738,12171200,234603464.0
20240919103000000,19.17250738,19.34208731,18.90317455,19.32213673,7762400,148594016.0
20240919110000000,19.32213673,19.34208731,19.11265564,19.1525568,4709900,90693888.0
20240919113000000,19.1525568,19.1525568,19.0528039,19.08272977,2623000,50211136.0
20240919133000000,19.08272977,19.2523097,19.08272977,19.17250738,3617400,69550271.0
20240919140000000,19.17250738,19.19245796,19.07275448,19.08272977,2539200,48683461.0
20240919143000000,19.08272977,19.10268035,19.01290274,19.04282861,3023300,57724664.0
20240919150000000,19.04282861,19.08272977,19.01290274,19.06277919,3976100,75910269.0
20240920100000000,19.3520626,19.72114833,19.26228499,19.37201318,15703200,307087264.0
20240920103000000,19.37201318,19.37201318,19.14258151,19.22238383,5250100,101253760.0
20240920110000000,19.22238383,19.33211202,19.11265564,19.17250738,2340600,45080736.0
20240920113000000,19.18248267,19.28223557,19.1525568,19.26228499,1286500,24765024.0
20240920133000000,19.2523097,19.32213673,19.1525568,19.16253209,2139800,41215712.0
20240920140000000,19.16253209,19.27226028,19.12263093,19.24233441,2132700,41063777.0
20240920143000000,19.24233441,19.26228499,19.13260622,19.1525568,2417300,46473599.0
20240920150000000,19.1525568,19.2523097,19.12263093,19.18248267,3877600,74603907.0
20240923100000000,19.19245796,19.92065413,18.91314984,19.57151898,14957500,293988704.0
20240923103000000,19.57151898,19.62139543,19.47176608,19.52164253,3091900,60550144.0
20240923110000000,19.52164253,19.60144485,19.42188963,19.49171666,2577100,50385824.0
20240923113000000,19.49171666,19.68124717,19.48174137,19.59146956,2814000,55291456.0
20240923133000000,19.58149427,19.62139543,19.43186492,19.46179079,2145000,41925792.0
20240923140000000,19.46179079,19.51166724,19.41191434,19.42188963,1541200,30059008.0
20240923143000000,19.42188963,19.4518155,19.39196376,19.42188963,1270800,24741191.0
20240923150000000,19.40193905,19.46179079,19.37201318,19.39196376,3044200,59223865.0
20240924100000000,19.46179079,19.77102478,19.29221086,19.29221086,6834000,133945592.0
20240924103000000,19.29221086,19.3520626,19.22238383,19.32213673,2311600,44669528.0
20240924110000000,19.32213673,19.76104949,19.29221086,19.72114833,5983700,117649232.0
20240924113000000,19.72114833,20.32964102,19.56154369,20.18998696,11305000,226969184.0
20240924133000000,20.2498387,20.79847965,20.2498387,20.46929508,14217300,293211264.0
20240924140000000,20.46929508,20.57902327,20.40944334,20.46929508,3574100,73424000.0
20240924143000000,20.46929508,20.5490974,20.39946805,20.53912211,4023400,82637248.0
20240924150000000,20.53912211,20.78850436,20.52914682,20.73862791,8633200,179056704.0
20240925100000000,20.91818313,21.46682408,20.91818313,21.28726886,18343500,390569496.0
20240925103000000,21.28726886,21.59650285,21.17754067,21.49674995,7985000,171585508.0
20240925110000000,21.49674995,21.50672524,21.18751596,21.22741712,4310200,91963710.0
20240925113000000,21.22741712,21.23739241,20.87828197,20.89823255,5852200,123306302.0
20240925133000000,20.90820784,20.92815842,20.46929508,20.49922095,6171900,128016832.0
20240925140000000,20.49922095,20.58899856,20.42939392,20.50919624,3783300,77712512.0
20240925143000000,20.50919624,20.69872675,20.37951747,20.39946805,2640900,54343360.0
20240925150000000,20.39946805,20.47927037,20.32964102,20.33961631,4220400,86209792.0
20240926100000000,20.35956689,20.48924566,20.06030819,20.40944334,8836100,179496920.0
20240926103000000,20.40944334,20.43936921,20.2498387,20.3495916,3819500,77793776.0
20240926110000000,20.3495916,20.3495916,19.59146956,19.69122246,10631200,211808992.0
20240926113000000,19.69122246,19.74109891,19.53161782,19.54159311,7216200,142004608.0
20240926133000000,19.53161782,19.95058,19.43186492,19.91067884,10283000,203281984.0
20240926140000000,19.91067884,19.93062942,19.6513213,19.8508271,9712500,192578946.0
20240926143000000,19.8508271,20.09023406,19.70119775,20.00045645,9614900,191436542.0
20240926150000000,20.00045645,20.14011051,19.86080239,20.14011051,11221300,225204093.0
20240927100000000,20.19996225,21.13763951,20.19996225,21.09773835,27944600,577413312.0
20240927103000000,21.09773835,21.4468735,20.98801016,21.11768893,12420900,263915840.0
20240927110000000,21.11768893,21.5466264,21.00796074,21.43689821,7448500,159505152.0
20240927113000000,21.43689821,21.72618162,21.36707118,21.51670053,6476700,139847104.0
20240927133000000,21.52667582,21.99551445,21.21744183,21.22741712,10485000,227881088.0
20240927140000000,21.22741712,21.22741712,20.90820784,21.07778777,6710700,141594114.0
20240927143000000,21.07778777,21.35709589,21.02791132,21.26731828,4876300,103705854.0
20240927150000000,21.26731828,21.46682408,21.2473677,21.38702176,6688900,143258112.0
20240930100000000,21.945638,22.6439083,21.47679937,21.945638,40367900,894710562.0
20240930103000000,21.945638,22.47432837,21.90573684,22.46435308,12346000,274749374.0
20240930110000000,22.46435308,22.92321642,22.35462489,22.8434141,11600000,263015424.0
20240930113000000,22.8434141,23.03294461,22.66385888,23.02296932,9919900,227086080.0
20240930133000000,23.03294461,23.35215389,22.943167,23.30227744,13494500,313909760.0
20240930140000000,23.30227744,23.51175853,23.30227744,23.50178324,7901600,185668736.0
20240930143000000,23.50178324,23.52173382,22.943167,23.19254925,8574200,200531712.0
20240930150000000,23.19254925,23.48183266,23.09279635,23.48183266,6047300,141401088.0
20241008100000000,25.81605052,25.81605052,24.2399547,24.87837326,50492300,1263939296.0
20241008103000000,24.87837326,24.98810145,24.24992999,24.24992999,17888100,441143298.0
20241008110000000,24.24992999,24.26988057,22.943167,23.41200563,17860500,422952576.0
20241008113000000,23.41200563,24.45941108,23.3421786,24.18010296,14259200,342924672.0
20241008133000000,24.20005354,24.36963347,23.55165969,23.83096781,15304000,368128768.0
20241008140000000,23.83096781,23.98059716,23.63146201,23.89081955,9948100,236908800.0
20241008143000000,23.89081955,24.6389663,23.82099252,24.60904043,11822100,286792454.0
20241008150000000,24.60904043,25.28736015,24.60904043,25.2374837,19936300,500037888.0
20241009100000000,24.09032535,24.30978173,22.96311758,24.19007825,34308400,819130410.0
20241009103000000,24.19007825,24.19007825,23.66138788,23.80104194,15326800,367394235.0
20241009110000000,23.80104194,23.82099252,23.29230215,23.30227744,12402900,292259968.0
20241009113000000,23.30227744,23.40203034,22.71373533,23.13269751,16307900,375496832.0
20241009133000000,23.17259867,23.81101723,23.17259867,23.81101723,10035700,237070464.0
20241009140000000,23.81101723,24.30978173,23.76114078,23.88084426,13494100,324847744.0
20241009143000000,23.88084426,23.88084426,23.3421786,23.5416844,7218500,171187975.0
20241009150000000,23.5416844,23.57161027,22.86336468,22.90326584,14162800,327469817.0
20241010100000000,22.91324113,24.25990528,22.91324113,23.76114078,38917700,926345009.0
20241010103000000,23.76114078,24.01052303,23.40203034,23.90079484,11201200,266274244.0
20241010110000000,23.90079484,24.31975702,23.75116549,24.27985586,22394300,540072571.0
20241010113000000,24.27985586,24.5392134,24.1402018,24.22000412,14011700,341368448.0
20241010133000000,24.20005354,24.3397076,23.7411902,23.89081955,7761400,186596736.0
20241010140000000,23.89081955,23.92074542,23.62148672,23.69131375,4443300,105957120.0
20241010143000000,23.69131375,23.69131375,23.3421786,23.36212918,5754100,135567104.0
20241010150000000,23.36212918,23.46188208,23.00301874,23.1426728,9561300,222614272.0
20241011100000000,22.943167,22.943167,21.88578626,21.91571213,22545100,502588240.0
20241011103000000,21.91571213,21.91571213,21.5466264,21.83590981,10428700,227326842.0
20241011110000000,21.83590981,22.49427895,21.78603336,22.43442721,7344600,163305734.0
20241011113000000,22.43442721,22.49427895,22.12519322,22.21497083,5056600,113187578.0
20241011133000000,22.22494612,22.40450134,21.945638,22.3446496,5413800,120229510.0
20241011140000000,22.3446496,22.4444025,21.90573684,21.93566271,4635700,102839936.0
20241011143000000,21.93566271,22.0453909,21.70623104,21.8458851,4771600,104546944.0
20241011150000000,21.8458851,21.87581097,21.50672524,21.7461322,9365500,203521024.0
20241014100000000,21.7461322,22.73368591,21.73615691,22.1451438,21551600,483219744.0
20241014103000000,22.1451438,22.39452605,22.05536619,22.20499554,5099100,113334432.0
20241014110000000,22.20499554,22.51422953,22.13516851,22.35462489,3109100,69595904.0
20241014113000000,22.35462489,23.0429199,22.30474844,23.02296932,8549400,194629056.0
20241014133000000,23.0429199,23.6414373,22.73368591,23.59156085,16008800,373335680.0
20241014140000000,23.59156085,23.69131375,23.31225273,23.46188208,9555500,225078912.0
20241014143000000,23.46188208,23.46188208,23.19254925,23.31225273,5441200,127168128.0
20241014150000000,23.31225273,23.49180795,23.2424257,23.48183266,6046100,141748352.0
20241015100000000,23.25240099,24.05042419,22.96311758,24.05042419,24342600,579122786.0
20241015103000000,24.05042419,24.30978173,23.86089368,23.87086897,12015300,290076986.0
20241015110000000,23.87086897,23.88084426,23.48183266,23.56163498,8716600,206573252.0
20241015113000000,23.56163498,23.940696,23.5416844,23.90079484,3843400,91354820.0
20241015133000000,23.92074542,23.940696,23.63146201,23.79106665,7089900,169173500.0
20241015140000000,23.79106665,23.8409431,23.56163498,23.59156085,4151200,98741760.0
20241015143000000,23.59156085,23.63146201,23.46188208,23.51175853,5035900,118861952.0
20241015150000000,23.51175853,23.62148672,23.41200563,23.4419315,9771200,230251136.0
20241016100000000,22.943167,23.25240099,22.51422953,22.91324113,17678600,405104112.0
20241016103000000,22.91324113,22.91324113,22.26484728,22.33467431,11751300,265026112.0
20241016110000000,22.33467431,22.76361178,22.31472373,22.73368591,6160300,138884024.0
20241016113000000,22.73368591,23.06287048,22.59403185,22.73368591,4949000,113491598.0
20241016133000000,22.73368591,22.89329055,22.65388359,22.73368591,2390100,54560567.0
20241016140000000,22.73368591,22.83343881,22.62395772,22.75363649,2146000,48900099.0
20241016143000000,22.75363649,22.75363649,22.46435308,22.65388359,3162100,71531395.0
20241016150000000,22.65388359,22.79353765,22.55413069,22.68380946,4530600,103039993.0
20241017100000000,22.79353765,23.38207976,22.55413069,22.99304345,13651300,314429500.0
20241017103000000,22.99304345,23.08282106,22.79353765,23.0429199,7030000,161739104.0
20241017110000000,23.0429199,23.33220331,22.92321642,23.23245041,8876600,206189078.0
20241017113000000,23.23245041,23.30227744,22.943167,23.11274693,5434300,125910278.0
20241017133000000,23.13269751,23.28232686,22.86336468,23.16262338,8380500,194203648.0
20241017140000000,23.16262338,23.29230215,22.943167,23.0429199,4656800,107753983.0
20241017143000000,23.0429199,23.0429199,22.69378475,22.75363649,3573500,81860481.0
20241017150000000,22.75363649,22.8434141,22.60400714,22.63393301,4486600,102029824.0
20241018100000000,22.63393301,23.940696,22.5441554,23.39205505,26309600,621177817.0
20241018103000000,23.39205505,23.87086897,23.36212918,23.85091839,8728800,207007757.0
20241018110000000,23.85091839,24.19007825,23.81101723,23.96064658,13495100,324608442.0
20241018113000000,23.96064658,23.97062187,23.66138788,23.82099252,5851200,139690880.0
20241018133000000,23.82099252,24.52923811,23.82099252,24.4394605,15426600,376179584.0
20241018140000000,24.4394605,24.6389663,24.32973231,24.61901572,10599300,260315136.0
20241018143000000,24.61901572,24.8384721,24.4394605,24.82849681,9288300,229869568.0
20241018150000000,24.82849681,24.89832384,24.36963347,24.44943579,21012900,521222528.0
20241021100000000,24.87837326,25.56666827,24.87837326,25.05792848,40898100,1035123040.0
20241021103000000,25.05792848,26.46444437,25.05792848,26.20508683,23832400,619516544.0
20241021110000000,26.20508683,26.28488915,25.8360011,26.2350127,6639800,173750656.0
20241021113000000,26.2350127,26.42454321,26.06543277,26.20508683,5679300,149429760.0
20241021133000000,26.26493857,26.32479031,25.56666827,25.60656943,8479900,220540154.0
20241021140000000,25.60656943,25.68637175,25.26740957,25.26740957,7751400,198109190.0
20241021143000000,25.26740957,25.6364953,25.26740957,25.51679182,5452000,139142656.0
20241021150000000,25.51679182,25.58661885,25.30731073,25.38711305,8247700,209964800.0
20241022100000000,25.14770609,25.52676711,24.49931224,25.2374837,21285900,529695216.0
20241022103000000,25.2374837,26.0355069,25.14770609,25.50681653,12967500,333221568.0
20241022110000000,25.50681653,25.69634704,25.20755783,25.60656943,6734500,171117184.0
20241022113000000,25.60656943,26.80360423,25.60656943,26.28488915,25734800,678475776.0
20241022133000000,26.31481502,26.31481502,25.70632233,25.79609994,9757600,254085765.0
20241022140000000,25.79609994,25.82602581,25.39708834,25.67639646,8385000,215081087.0
20241022143000000,25.67639646,25.99560574,25.6364953,25.96567987,4812400,124566532.0
20241022150000000,25.96567987,25.98563045,25.66642117,25.86592697,7040100,182336000.0
20241023100000000,25.18760725,25.70632233,24.98810145,25.59659414,17463500,442476944.0
20241023103000000,25.59659414,25.89585284,25.5367424,25.66642117,6919400,178268736.0
20241023110000000,25.66642117,25.99560574,25.5367424,25.67639646,5965500,154090809.0
20241023113000000,25.67639646,25.79609994,25.47689066,25.58661885,3755600,96438659.0
20241023133000000,25.59659414,25.8360011,25.46691537,25.62652001,5062700,130112892.0
20241023140000000,25.62652001,25.68637175,25.38711305,25.45694008,4421900,113033736.0
20241023143000000,25.45694008,25.45694008,25.10780493,25.27738486,6750500,170781696.0
20241023150000000,25.27738486,25.40706363,25.04795319,25.21753312,7178400,181234688.0
20241024100000000,24.80854623,24.91827442,24.48933695,24.64894159,19597400,484950576.0
20241024103000000,24.64894159,25.02800261,24.47936166,24.97812616,6818300,169128892.0
20241024110000000,24.97812616,25.45694008,24.90829913,24.91827442,8898100,224700352.0
20241024113000000,24.91827442,25.1377308,24.85842268,25.11778022,3230100,80896190.0
20241024133000000,25.11778022,25.59659414,25.04795319,25.58661885,12096000,306911942.0
20241024140000000,25.58661885,25.71629762,25.24745899,25.3372366,8826400,225960320.0
20241024143000000,25.3372366,25.92577871,25.29733544,25.54671769,10722700,275751424.0
20241024150000000,25.54671769,25.7362482,25.5367424,25.66642117,8395800,216003328.0
20241025100000000,25.99560574,26.91333242,25.96567987,26.06543277,44702500,1184194048.0
20241025103000000,26.06543277,26.06543277,25.72627291,25.96567987,10147600,263209088.0
20241025110000000,25.96567987,26.1352598,25.74622349,26.00558103,5943300,154606592.0
20241025113000000,26.00558103,26.12528451,25.80607523,26.12528451,5751400,149677184.0
20241025133000000,26.12528451,26.18513625,25.32726131,25.39708834,12124800,311277056.0
20241025140000000,25.39708834,25.56666827,25.38711305,25.51679182,3635700,92814720.0
20241025143000000,25.51679182,25.52676711,25.0379779,25.20755783,8844700,223558656.0
20241025150000000,25.20755783,25.32726131,25.10780493,25.20755783,7126400,179878400.0
20241028100000000,25.28736015,26.69387604,25.28736015,26.25496328,38498500,1007714308.0
20241028103000000,26.25496328,26.26493857,25.77614936,25.95570458,7893200,205586945.0
20241028110000000,25.95570458,26.7337772,25.91580342,26.60409843,12441200,329066107.0
20241028113000000,26.60409843,26.79362894,25.935754,25.95570458,13636500,358846976.0
20241028133000000,25.95570458,25.97565516,25.69634704,25.79609994,8364800,216508544.0
20241028140000000,25.79609994,26.05545748,25.74622349,25.91580342,4583500,118968960.0
20241028143000000,25.91580342,26.11530922,25.87590226,25.96567987,3894300,101432320.0
20241028150000000,25.96567987,26.1352598,25.85595168,26.0355069,8168500,212734456.0
20241029100000000,26.2350127,28.0305649,26.21506212,27.75125678,52568200,1432441696.0
20241029103000000,27.75125678,27.930812,27.46197337,27.85100968,15914300,443120384.0
20241029110000000,27.85100968,28.25002128,27.6315533,28.18019425,14603600,410137984.0
20241029113000000,28.18019425,28.25999657,27.76123207,27.92083671,7825300,219614464.0
20241029133000000,27.87096026,28.18019425,27.65150388,28.10039193,15231900,426744576.0
20241029140000000,28.10039193,28.6290823,28.10039193,28.31984831,25250100,720562944.0
20241029143000000,28.31984831,28.47945295,28.08044135,28.11036722,8635300,245168896.0
20241029150000000,28.11036722,28.27994715,27.90088613,28.02058961,11906300,334947840.0
20241030100000000,27.54177569,29.20764912,27.3322946,28.70888462,43962700,1250966848.0
20241030103000000,28.70888462,29.21762441,28.56923056,28.80863752,21288400,617525632.0
20241030110000000,28.80863752,29.37722905,28.64903288,28.95826687,11941300,347194368.0
20241030113000000,28.95826687,29.30740202,28.63905759,28.77871165,9327700,271559424.0
20241030133000000,28.7288352,28.78868694,28.19016954,28.5293294,11959100,341360640.0
20241030140000000,28.5293294,28.55925527,28.37970005,28.40962592,5703300,162798848.0
20241030143000000,28.40962592,28.5293294,28.12034251,28.34977418,7656800,216562432.0
20241030150000000,28.34977418,28.6290823,28.21012012,28.6290823,11525600,328740860.0
20241031100000000,28.65900817,28.7288352,27.72133091,28.55925527,30571400,863563168.0
20241031103000000,28.55925527,29.6266113,28.41960121,29.03806919,20381100,591951296.0
20241031110000000,29.03806919,30.25505457,28.928341,29.90591942,21085700,626460288.0
20241031113000000,29.90591942,30.00567232,29.55678427,29.68646304,9708200,290476544.0
20241031133000000,29.71638891,31.08300364,29.70641362,31.0231519,16897900,513043968.0
20241031140000000,31.0231519,31.49199053,30.70394262,31.18275654,27160000,850316800.0
20241031143000000,31.18275654,31.49199053,31.11292951,31.49199053,26104600,823185152.0
20241031150000000,31.49199053,31.49199053,30.77376965,31.40221292,12734000,398936576.0
20241101100000000,31.0231519,33.52694969,30.49446153,30.49446153,73079500,2356529088.0
20241101103000000,30.49446153,32.46956895,30.25505457,32.08053264,34837900,1092493568.0
20241101110000000,32.08053264,33.44714737,31.920928,32.2201867,20292800,665556992.0
20241101113000000,32.2201867,32.90848171,31.920928,32.88853113,10664100,345232128.0
20241101133000000,32.918457,33.10798751,31.21268241,31.26255886,15561000,501910528.0
20241101140000000,31.26255886,31.83115039,31.26255886,31.6216693,11349800,357822976.0
20241101143000000,31.6216693,31.96082916,31.47203995,31.5219164,9539300,302510592.0
20241101150000000,31.5219164,31.5219164,30.74384378,31.4221635,24565900,767165952.0
20241104100000000,31.23263299,32.99825932,31.2226577,32.2201867,55066200,1780674947.0
20241104103000000,32.2201867,32.30996431,30.50443682,30.94334958,36211800,1135175293.0
20241104110000000,30.94334958,31.1229048,30.5243874,30.63411559,14663900,452045312.0
20241104113000000,30.63411559,31.00320132,30.50443682,30.98325074,9359000,287646720.0
20241104133000000,30.98325074,31.07302835,30.43460979,30.69396733,14525600,446255616.0
20241104140000000,30.69396733,30.71391791,30.1253758,30.28498044,12045300,367021056.0
20241104143000000,30.28498044,30.94334958,30.1253758,30.80369552,10062600,307581952.0
20241104150000000,30.80369552,31.91095271,30.6241403,31.91095271,19202100,602758144.0
20241105100000000,33.4172215,34.30502231,32.7189512,33.79628252,80253200,2707179264.0
20241105103000000,33.79628252,35.10304551,33.79628252,34.77386094,58712200,2053292544.0
20241105110000000,34.77386094,35.10304551,34.46462695,35.10304551,24572200,859784704.0
20241105113000000,35.10304551,35.10304551,35.10304551,35.10304551,1358000,47788544.0
20241105133000000,35.10304551,35.10304551,35.10304551,35.10304551,1578500,55546880.0
20241105140000000,35.10304551,35.10304551,35.10304551,35.10304551,571000,20092928.0
20241105143000000,35.10304551,35.10304551,35.10304551,35.10304551,839800,29552640.0
20241105150000000,35.10304551,35.10304551,35.10304551,35.10304551,2300700,80959488.0
20241106100000000,36.35993205,37.24773286,34.6142563,35.36240305,99647300,3595213696.0
20241106103000000,35.36240305,35.67163704,35.00329261,35.25267486,22379300,791709696.0
20241106110000000,35.25267486,35.25267486,34.62423159,34.7140092,18779000,657606144.0
20241106113000000,34.7140092,34.72398449,33.4172215,34.48457753,31674200,1079583232.0
20241106133000000,34.86363855,36.33998147,34.8137621,35.3125266,26532900,946364412.0
20241106140000000,35.3125266,35.45218066,34.99331732,35.14294667,9132900,322354180.0
20241106143000000,35.14294667,35.76141465,35.0132679,35.15292196,7361700,261296640.0
20241106150000000,35.15292196,35.16289725,33.84615897,34.26512115,14417200,497478144.0
20241107100000000,33.28754273,33.97583774,32.16033496,33.66660375,63468400,2103061248.0
20241107103000000,33.66660375,33.83618368,33.1179628,33.22769099,14645300,491352066.0
20241107110000000,33.22769099,33.34739447,32.40971721,32.5194454,26396700,865800958.0
20241107113000000,32.5194454,32.56932185,32.0206809,32.18028554,16786100,542984192.0
20241107133000000,32.15035967,33.02818519,31.71144691,32.5194454,23688600,765695744.0
20241107140000000,32.5194454,33.23766628,32.46956895,32.96833345,11573300,381572096.0
20241107143000000,32.96833345,33.20774041,32.7189512,32.93840758,8526200,281323008.0
20241107150000000,32.93840758,33.36734505,32.918457,33.26759215,12701400,422638080.0
20241108100000000,33.4172215,34.5145034,33.4172215,33.92596129,43410500,1479240761.0
20241108103000000,33.92596129,33.99578832,32.55934656,32.59924772,34147500,1135528583.0
20241108110000000,32.59924772,32.90848171,32.1204338,32.27006315,28262600,918704640.0
20241108113000000,32.27006315,32.47954424,31.86107626,31.96082916,17826300,573950720.0
20241108133000000,31.96082916,32.16033496,31.04310248,31.43213879,30369500,959540736.0
20241108140000000,31.43213879,31.49199053,30.95332487,30.97327545,21052000,658478080.0
20241108143000000,30.97327545,31.13288009,30.34483218,30.55431327,29023300,894798336.0
20241108150000000,30.55431327,30.77376965,30.17525225,30.65406617,20778900,635074560.0
20241111100000000,30.5243874,31.5219164,30.4246345,31.07302835,55103900,1715550336.0
20241111103000000,31.07302835,31.37228705,30.68399204,30.75381907,18699900,581815680.0
20241111110000000,30.75381907,32.46956895,30.34483218,32.32991489,34042500,1071591936.0
20241111113000000,32.32991489,32.32991489,31.37228705,31.77129865,14817000,472533760.0
20241111133000000,31.78127394,31.97080445,30.80369552,31.06305306,25811100,812043008.0
20241111140000000,31.06305306,31.08300364,30.63411559,30.76379436,10923200,338039296.0
20241111143000000,30.76379436,30.98325074,30.63411559,30.98325074,9599800,296224256.0
20241111150000000,30.98325074,31.1229048,30.77376965,31.01317661,13327700,413400576.0
20241112100000000,31.07302835,31.39223763,30.16527696,30.99322603,39386700,1216149626.0
20241112103000000,30.99322603,31.0231519,30.6241403,30.83362139,11609700,358701964.0
20241112110000000,30.83362139,30.97327545,30.46453566,30.67401675,11325100,347690234.0
20241112113000000,30.67401675,31.59174343,30.57426385,31.47203995,16101800,501595392.0
20241112133000000,31.47203995,31.60171872,29.25752557,29.54680898,51168100,1545309952.0
20241112140000000,29.54680898,29.92587,29.4271055,29.61663601,17792100,528125440.0
20241112143000000,29.61663601,29.79619123,29.45703137,29.56675956,11677500,346983424.0
20241112150000000,29.56675956,29.70641362,29.29742673,29.6266113,15306700,452203008.0
20241113100000000,29.11787151,29.57673485,28.99816803,29.13782209,26590900,779841214.0
20241113103000000,29.13782209,29.24755028,28.73881049,28.83856339,18388400,534050498.0
20241113110000000,28.83856339,29.23757499,28.60913172,29.19767383,13780400,398527748.0
20241113113000000,29.19767383,29.86601826,29.08794564,29.49693253,16808300,497211644.0
20241113133000000,29.57673485,30.07549935,29.57673485,29.70641362,13188600,394015232.0
20241113140000000,29.70641362,30.16527696,29.54680898,30.11540051,13635200,409327616.0
20241113143000000,30.11540051,30.36478276,29.92587,30.04557348,12997300,393056000.0
20241113150000000,30.04557348,30.08547464,29.89594413,29.94582058,11131900,334623744.0
20241114100000000,29.63658659,30.67401675,29.63658659,30.59421443,36699300,1112724704.0
20241114103000000,30.59421443,31.04310248,30.39470863,30.7238932,29620200,913264512.0
20241114110000000,30.7238932,31.49199053,30.54433798,31.25258357,34023400,1063642112.0
20241114113000000,31.25258357,31.920928,31.18275654,31.55184227,25528400,810072832.0
20241114133000000,31.54186698,31.57179285,30.923399,30.97327545,16393500,512901638.0
20241114140000000,30.97327545,31.24260828,30.79372023,31.13288009,11733700,364820986.0
20241114143000000,31.13288009,31.15283067,30.65406617,30.88349784,11566300,358001152.0
20241114150000000,30.88349784,30.95332487,30.5243874,30.56428856,14443100,444762112.0
20241115100000000,30.47451095,31.17278125,30.27500515,30.94334958,44726700,1377730528.0
20241115103000000,30.94334958,31.6216693,30.923399,31.33238589,32223900,1012200832.0
20241115110000000,31.33238589,31.60171872,31.16280596,31.43213879,13233500,416339968.0
20241115113000000,31.43213879,31.46206466,30.83362139,31.13288009,11320000,352994812.0
20241115133000000,31.15283067,31.4221635,31.09297893,31.20270712,7493700,234551296.0
20241115140000000,31.20270712,31.20270712,30.17525225,30.20517812,16124300,495731456.0
20241115143000000,30.20517812,30.51441211,30.17525225,30.2251287,10367300,314878464.0
20241115150000000,30.2251287,30.36478276,29.95579587,30.0256229,12194600,368280064.0
20241118100000000,28.93831629,29.30740202,27.06296177,27.46197337,68177400,1909500448.0
20241118103000000,27.46197337,28.49940353,27.44202279,28.18019425,11824300,333009152.0
20241118110000000,28.18019425,28.27994715,27.96073787,28.17021896,5316300,149867264.0
20241118113000000,28.17021896,28.58918114,27.930812,28.45950237,6379200,180470784.0
20241118133000000,28.46947766,28.46947766,27.96073787,28.04054019,5718900,161272576.0
20241118140000000,28.04054019,28.08044135,27.58167685,27.69140504,8990800,250783232.0
20241118143000000,27.69140504,27.69140504,27.17268996,27.32231931,15071700,413602816.0
20241118150000000,27.32231931,27.46197337,27.02306061,27.19264054,20393900,554599424.0
20241119100000000,27.0330359,27.930812,27.0330359,27.6315533,28779800,795961900.0
20241119103000000,27.6315533,27.72133091,27.37219576,27.4320475,13408100,369557763.0
20241119110000000,27.4320475,27.46197337,27.22256641,27.40212163,7670400,210207231.0
20241119113000000,27.40212163,27.51184982,27.10286293,27.22256641,5896400,160914562.0
20241119133000000,27.24251699,27.24251699,27.0330359,27.16271467,5550200,150818688.0
20241119140000000,27.16271467,27.2325417,26.89338184,27.21259112,6892800,186818944.0
20241119143000000,27.21259112,28.01061432,27.09288764,27.88093555,12906800,356779136.0
20241119150000000,27.88093555,28.00063903,27.4320475,27.8310591,15000100,416755456.0
20241120100000000,27.75125678,27.77120736,27.20261583,27.27244286,15925800,438549448.0
20241120103000000,27.27244286,27.44202279,26.96320887,27.09288764,17079900,466001088.0
20241120110000000,27.09288764,27.18266525,26.98315945,27.05298648,11017900,298837696.0
20241120113000000,27.05298648,27.27244286,26.98315945,27.26246757,9280500,251947263.0
20241120133000000,27.29239344,27.57170156,27.0330359,27.46197337,15998800,438481914.0
20241120140000000,27.46197337,27.59165214,27.16271467,27.42207221,9119700,249705850.0
20241120143000000,27.42207221,27.47194866,27.25249228,27.36222047,7104100,194773894.0
20241120150000000,27.36222047,27.55175098,27.36222047,27.40212163,12770900,351651072.0
20241121100000000,27.32231931,27.32231931,26.58414785,26.71382662,36498800,980210712.0
20241121103000000,26.71382662,27.01308532,26.54424669,26.61407372,16757800,448457224.0
20241121110000000,26.61407372,27.02306061,26.61407372,26.80360423,11569400,311386621.0
20241121113000000,26.80360423,26.82355481,26.59412314,26.7337772,6951400,185958527.0
20241121133000000,26.69387604,26.96320887,26.50434553,26.71382662,14978900,400364156.0
20241121140000000,26.71382662,26.92330771,26.57417256,26.69387604,8957100,240073216.0
20241121143000000,26.69387604,26.72380191,26.46444437,26.71382662,8395600,223816188.0
20241121150000000,26.71382662,26.8335301,26.67392546,26.7337772,9220700,247336714.0
20241122100000000,26.79362894,27.17268996,26.54424669,26.56419727,24489000,659650147.0
20241122103000000,26.56419727,26.79362894,26.47441966,26.48439495,10456000,278822141.0
20241122110000000,26.48439495,26.57417256,26.34474089,26.40459263,11512600,305090112.0
20241122113000000,26.40459263,26.40459263,26.12528451,26.1352598,10749100,283088640.0
20241122133000000,26.08538335,26.08538335,25.80607523,25.96567987,15167200,394254592.0
20241122140000000,25.96567987,26.12528451,25.77614936,25.97565516,8788900,228412544.0
20241122143000000,25.97565516,25.98563045,25.74622349,25.90582813,8386900,217454848.0
20241122150000000,25.90582813,25.90582813,25.4369895,25.4369895,13283100,340508160.0
20241125100000000,25.30731073,25.37713776,24.4394605,24.55916398,27575600,687837024.0
20241125103000000,24.55916398,25.24745899,24.55916398,25.01802732,11053000,276026872.0
20241125110000000,25.01802732,25.16765667,24.90829913,24.95817558,5231200,131115074.0
20241125113000000,24.95817558,25.05792848,24.84844739,24.91827442,3515900,88023942.0
20241125133000000,24.90829913,25.09782964,24.8384721,25.01802732,4711400,118058746.0
20241125140000000,25.01802732,25.02800261,24.70879333,24.71876862,5123000,127517702.0
20241125143000000,24.71876862,24.85842268,24.59906514,24.69881804,9797200,242522752.0
20241125150000000,24.69881804,24.96815087,24.62899101,24.96815087,10377000,258320633.0
20241126100000000,24.82849681,25.20755783,24.80854623,25.00805203,15143500,379721352.0
20241126103000000,25.00805203,25.1377308,24.76864507,24.80854623,7079400,176890016.0
20241126110000000,24.80854623,24.94820029,24.7387192,24.77862036,4334500,107945408.0
20241126113000000,24.77862036,24.86839797,24.65891688,24.68884275,7778600,192943224.0
20241126133000000,24.70879333,24.89832384,24.66889217,24.72874391,4823800,119836739.0
20241126140000000,24.72874391,24.82849681,24.52923811,24.61901572,6207700,153385157.0
20241126143000000,24.61901572,24.72874391,24.56913927,24.68884275,4444500,109847300.0
20241126150000000,24.68884275,24.72874391,24.49931224,24.55916398,7233900,178137468.0
20241127100000000,24.58908985,24.6389663,23.88084426,24.10030064,21253400,515382784.0
20241127103000000,24.10030064,24.39955934,23.91077013,24.38958405,8887300,214764920.0
20241127110000000,24.38958405,26.17516096,24.27985586,25.99560574,41706800,1062563272.0
20241127113000000,25.99560574,26.76370307,25.90582813,26.06543277,32028500,843907200.0
20241127133000000,26.07540806,26.4345185,25.935754,25.99560574,12883200,337366016.0
20241127140000000,25.99560574,26.27491386,25.87590226,26.08538335,7724700,202025984.0
20241127143000000,26.08538335,26.3347656,26.0355069,26.3347656,9648200,253353984.0
20241127150000000,26.3347656,26.44449379,26.27491386,26.42454321,16098700,425878784.0
20241128100000000,26.20508683,26.20508683,25.44696479,25.51679182,37091000,955673532.0
20241128103000000,25.51679182,25.80607523,25.38711305,25.79609994,11995500,307563016.0
20241128110000000,25.79609994,25.91580342,25.74622349,25.86592697,8311400,215321212.0
20241128113000000,25.86592697,25.92577871,25.5367424,25.62652001,7597500,195539331.0
20241128133000000,25.64647059,25.74622349,25.52676711,25.69634704,5239300,134662015.0
20241128140000000,25.69634704,25.86592697,25.61654472,25.61654472,4319900,111564668.0
20241128143000000,25.61654472,25.67639646,25.56666827,25.57664356,4643400,119254274.0
20241128150000000,25.57664356,25.60656943,25.35718718,25.41703892,11864800,302816128.0
20241129100000000,25.60656943,25.90582813,25.18760725,25.79609994,20978800,537118528.0
20241129103000000,25.79609994,25.80607523,25.44696479,25.49684124,10371300,266128262.0
20241129110000000,25.49684124,25.61654472,25.32726131,25.61654472,7315900,186582840.0
20241129113000000,25.61654472,26.21506212,25.56666827,26.06543277,16164600,420508226.0
20241129133000000,26.06543277,26.22503741,25.7362482,25.79609994,16147000,419955333.0
20241129140000000,25.79609994,25.8360011,25.6364953,25.64647059,9677200,249506036.0
20241129143000000,25.64647059,25.78612465,25.48686595,25.60656943,11263000,288989832.0
20241129150000000,25.60656943,25.66642117,25.5367424,25.57664356,11465500,293999872.0
20241202100000000,25.94572929,27.19264054,25.82602581,26.87343126,59476900,1590943072.0
20241202103000000,26.87343126,27.18266525,26.7337772,27.09288764,15832800,427567232.0
20241202110000000,27.09288764,27.18266525,26.74375249,26.88340655,10380500,280620800.0
20241202113000000,26.88340655,26.97318416,26.64399959,26.80360423,7316300,196470787.0
20241202133000000,26.82355481,26.86345597,26.44449379,26.58414785,8558200,228115197.0
20241202140000000,26.58414785,26.72380191,26.55422198,26.60409843,5042800,134540800.0
20241202143000000,26.60409843,26.62404901,26.38464205,26.38464205,7076400,188161536.0
20241202150000000,26.38464205,26.6340243,26.35471618,26.59412314,10547400,280763392.0
20241203100000000,26.61407372,26.96320887,26.2350127,26.65397488,36314500,971351810.0
20241203103000000,26.65397488,26.88340655,26.60409843,26.60409843,16425700,439663870.0
20241203110000000,26.60409843,26.61407372,26.25496328,26.47441966,15417000,408647930.0
20241203113000000,26.47441966,26.78365365,26.42454321,26.61407372,5912200,157829638.0
20241203133000000,26.64399959,26.67392546,26.35471618,26.36469147,6316900,167643264.0
20241203140000000,26.36469147,26.40459263,26.24498799,26.31481502,6139200,161870080.0
20241203143000000,26.31481502,26.61407372,26.31481502,26.46444437,5824300,154751744.0
20241203150000000,26.46444437,26.75372778,26.44449379,26.67392546,11769100,314356742.0
20241204100000000,26.4345185,26.51432082,25.84597639,25.87590226,25653600,673336128.0
20241204103000000,25.87590226,26.22503741,25.86592697,26.11530922,8478800,221405308.0
20241204110000000,26.11530922,26.29486444,26.06543277,26.18513625,5550700,145647550.0
20241204113000000,26.18513625,26.48439495,26.14523509,26.3347656,5370400,141775554.0
20241204133000000,26.3347656,26.68390075,26.21506212,26.41456792,7623700,202247044.0
20241204140000000,26.41456792,26.4345185,26.2350127,26.37466676,5413500,142838137.0
20241204143000000,26.37466676,26.39461734,25.95570458,26.06543277,6451300,169005067.0
20241204150000000,26.06543277,26.10533393,25.84597639,26.02553161,10121000,263500544.0
20241205100000000,25.94572929,26.71382662,25.85595168,26.16518567,16451900,434707872.0
20241205103000000,26.16518567,26.16518567,25.78612465,25.86592697,10881000,282701504.0
20241205110000000,25.86592697,26.57417256,25.81605052,26.56419727,13208000,348700474.0
20241205113000000,26.56419727,26.60409843,26.21506212,26.29486444,5243800,138733765.0
20241205133000000,26.29486444,26.30483973,26.1352598,26.17516096,3916100,102893953.0
20241205140000000,26.17516096,26.32479031,26.12528451,26.26493857,4909300,128891784.0
20241205143000000,26.26493857,26.26493857,26.05545748,26.14523509,4790100,125487612.0
20241205150000000,26.14523509,26.21506212,26.06543277,26.19511154,5477200,143603960.0
20241206100000000,26.0355069,27.08291235,25.90582813,26.59412314,40078500,1068984524.0
20241206103000000,26.59412314,27.21259112,26.5342714,26.87343126,26216300,707876612.0
20241206110000000,26.87343126,27.1327888,26.81357952,27.06296177,8957300,242293504.0
20241206113000000,27.06296177,27.21259112,27.04301119,27.21259112,9928100,270069376.0
20241206133000000,27.20261583,27.41209692,27.19264054,27.29239344,10895600,297940736.0
20241206140000000,27.29239344,27.32231931,26.96320887,27.22256641,6554300,178400000.0
20241206143000000,27.22256641,27.24251699,27.12281351,27.2325417,5919100,161242624.0
20241206150000000,27.2325417,27.28241815,27.18266525,27.28241815,13701600,374108672.0
20241209100000000,27.35224518,27.41209692,26.68390075,26.82355481,29289100,792899167.0
20241209103000000,26.82355481,27.31234402,26.72380191,27.21259112,12921400,349120961.0
20241209110000000,27.21259112,27.22256641,26.89338184,26.92330771,5805500,157274885.0
20241209113000000,26.92330771,26.92330771,26.71382662,26.7337772,8280600,222628987.0
20241209133000000,26.71382662,26.7337772,26.58414785,26.60409843,8883800,237393280.0
20241209140000000,26.60409843,26.62404901,26.41456792,26.57417256,8001600,212808320.0
20241209143000000,26.57417256,27.01308532,26.52429611,26.8335301,7368000,198076154.0
20241209150000000,26.8335301,27.00311003,26.81357952,26.84350539,6775200,182693128.0
20241210100000000,27.7313062,28.0305649,27.14276409,27.65150388,44813500,1241773252.0
20241210103000000,27.65150388,28.18019425,27.62157801,28.18019425,20165700,564850812.0
20241210110000000,28.18019425,28.5293294,28.0305649,28.17021896,18779000,533158016.0
20241210113000000,28.17021896,28.36972476,27.89091084,28.29989773,9687800,273692928.0
20241210133000000,28.26997186,29.17772325,28.26997186,28.45950237,20582600,592770816.0
20241210140000000,28.45950237,28.77871165,28.24004599,28.68893404,8961300,255622656.0
20241210143000000,28.68893404,28.75876107,28.47945295,28.54927998,9868100,283166720.0
20241210150000000,28.54927998,28.55925527,28.1303178,28.3298236,15393200,436669696.0
20241211100000000,28.08044135,28.71885991,28.00063903,28.36972476,26286700,749261326.0
20241211103000000,28.36972476,28.58918114,28.14029309,28.5293294,12487100,354915650.0
20241211110000000,28.5293294,29.37722905,28.45950237,29.30740202,22515300,653127040.0
20241211113000000,29.30740202,29.3273526,28.74878578,29.01811861,13775400,400900224.0
20241211133000000,29.06799506,29.06799506,28.70888462,28.79866223,7189100,207783942.0
20241211140000000,28.79866223,28.83856339,28.64903288,28.74878578,5937300,171092986.0
20241211143000000,28.76873636,28.97821745,28.69890933,28.91836571,5989300,173019392.0
20241211150000000,28.91836571,28.96824216,28.81861281,28.96824216,10134000,293585664.0
20241212100000000,28.928341,29.31737731,28.45950237,28.45950237,26348400,761956336.0
20241212103000000,28.45950237,28.70888462,28.2300707,28.28992244,11824600,337074496.0
20241212110000000,28.28992244,28.51935411,28.16024367,28.24004599,6629400,188035584.0
20241212113000000,28.24004599,28.66898346,28.2300707,28.59915643,5231400,149254142.0
20241212133000000,28.61910701,28.70888462,28.44952708,28.66898346,5143000,147458684.0
20241212140000000,28.66898346,28.79866223,28.49940353,28.61910701,4243800,122004478.0
20241212143000000,28.61910701,28.79866223,28.61910701,28.77871165,4430700,127618308.0
20241212150000000,28.77871165,28.87846455,28.73881049,28.80863752,7028900,203016324.0
20241213100000000,28.3298236,28.6290823,28.0305649,28.14029309,17196800,488856576.0
20241213103000000,28.14029309,28.19016954,27.85100968,27.94078729,15600900,437981152.0
20241213110000000,27.94078729,28.1303178,27.87096026,27.87096026,5619400,157790082.0
20241213113000000,27.87096026,27.99066374,27.74128149,27.84103439,6632100,185202046.0
20241213133000000,27.81110852,27.8310591,27.6315533,27.79115794,8790400,244179968.0
20241213140000000,27.79115794,28.08044135,27.7313062,27.96073787,6400400,179089020.0
20241213143000000,27.96073787,28.05051548,27.75125678,27.77120736,5656100,158201476.0
20241213150000000,27.77120736,27.82108381,27.5318004,27.61160272,12226700,338534784.0
20241216100000000,27.70138033,27.97071316,26.94325829,27.27244286,22364700,614475495.0
20241216103000000,27.27244286,27.7313062,27.24251699,27.42207221,7681500,211684346.0
20241216110000000,27.42207221,27.5318004,27.16271467,27.17268996,5055900,138352687.0
20241216113000000,27.17268996,27.22256641,27.05298648,27.15273938,3944400,107298507.0
20241216133000000,27.17268996,27.24251699,27.01308532,27.06296177,3524000,95727424.0
20241216140000000,27.06296177,27.12281351,26.933283,27.05298648,4908200,132866688.0
20241216143000000,27.05298648,27.10286293,26.85348068,26.86345597,5685300,153395584.0
20241216150000000,26.86345597,26.97318416,26.78365365,26.97318416,7429400,200016256.0
20241217100000000,26.96320887,28.25999657,26.94325829,28.20014483,32959700,918252544.0
20241217103000000,28.20014483,28.37970005,27.8310591,27.99066374,14261600,401756416.0
20241217110000000,27.99066374,28.02058961,27.70138033,27.74128149,6790900,189232768.0
20241217113000000,27.74128149,27.92083671,27.72133091,27.76123207,3278400,91406206.0
20241217133000000,27.77120736,27.88093555,27.55175098,27.88093555,4993500,138461826.0
20241217140000000,27.88093555,27.930812,27.56172627,27.60162743,4703700,130852992.0
20241217143000000,27.60162743,27.62157801,27.44202279,27.46197337,4320100,119296768.0
20241217150000000,27.46197337,27.58167685,27.35224518,27.45199808,7811500,215006336.0
20241218100000000,27.55175098,28.00063903,27.22256641,27.80113323,18636900,515385376.0
20241218103000000,27.80113323,27.8310591,27.45199808,27.64152859,6561300,181592888.0
20241218110000000,27.64152859,27.79115794,27.3322946,27.34226989,6921300,190685952.0
20241218113000000,27.34226989,27.6315533,27.22256641,27.51184982,5415800,148810752.0
20241218133000000,27.52182511,27.86098497,27.4320475,27.74128149,6686700,185836298.0
20241218140000000,27.75125678,27.81110852,27.49189924,27.50187453,3569400,98952448.0
20241218143000000,27.50187453,27.60162743,27.47194866,27.49189924,2596700,71651834.0
20241218150000000,27.49189924,27.51184982,27.40212163,27.49189924,4559900,125559428.0
20241219100000000,26.94325829,27.7313062,26.87343126,27.55175098,15450300,423049072.0
20241219103000000,27.55175098,28.3298236,27.5318004,28.12034251,20392300,572737600.0
20241219110000000,28.12034251,28.25999657,28.01061432,28.19016954,6620500,186925120.0
20241219113000000,28.19016954,28.3298236,28.08044135,28.3298236,6353600,179650944.0
20241219133000000,28.37970005,29.81614181,28.37970005,29.38720434,39896400,1171673472.0
20241219140000000,29.38720434,29.5268584,29.28745144,29.40715492,9977500,294312192.0
20241219143000000,29.40715492,29.44705608,29.25752557,29.4271055,6699100,197172480.0
20241219150000000,29.4271055,29.43708079,29.26750086,29.34730318,9615800,282770176.0
20241220100000000,29.15777267,29.6266113,29.1278468,29.36725376,20409800,601639416.0
20241220103000000,29.36725376,29.7263642,29.3273526,29.57673485,10388900,307191879.0
20241220110000000,29.57673485,29.96577116,29.56675956,29.86601826,12813000,383346305.0
20241220113000000,29.86601826,30.4246345,29.76626536,30.1253758,11700900,353029248.0
20241220133000000,30.20517812,30.20517812,29.75629007,29.80616652,8693900,260820472.0
20241220140000000,29.80616652,29.88596884,29.63658659,29.74631478,6710900,200101000.0
20241220143000000,29.74631478,29.74631478,29.5268584,29.66651246,7882900,233938311.0
20241220150000000,29.66651246,29.71638891,29.59668543,29.67648775,8831200,262486514.0
20241223100000000,29.69643833,29.84606768,28.95826687,29.04804448,21963900,644898245.0
20241223103000000,29.04804448,29.37722905,28.79866223,29.36725376,11271000,328160383.0
20241223110000000,29.36725376,29.47698195,29.0280939,29.19767383,4721900,138400003.0
20241223113000000,29.19767383,29.3273526,29.07797035,29.14779738,3227700,94545160.0
20241223133000000,29.15777267,29.40715492,29.08794564,29.40715492,3819100,111889524.0
20241223140000000,29.40715492,29.58671014,29.13782209,29.13782209,4196600,123429389.0
20241223143000000,29.13782209,29.15777267,28.928341,29.15777267,4882800,142107393.0
20241223150000000,29.15777267,29.20764912,28.84853868,28.84853868,7084100,205863930.0
20241224100000000,28.928341,29.8261171,28.60913172,29.21762441,22398400,658281090.0
20241224103000000,29.21762441,29.38720434,29.03806919,29.28745144,7090800,207617352.0
20241224110000000,29.28745144,29.89594413,29.2275997,29.89594413,16512400,489309374.0
20241224113000000,29.89594413,30.0256229,29.67648775,30.01564761,11670200,349394048.0
20241224133000000,30.0256229,30.39470863,29.80616652,30.04557348,18221000,549749632.0
20241224140000000,30.04557348,30.1253758,29.92587,29.92587,5068600,152565760.0
20241224143000000,29.92587,30.04557348,29.76626536,30.0256229,5063300,151819264.0
20241224150000000,30.0256229,30.34483218,29.99569703,30.33485689,12982600,392937728.0
20241225100000000,30.37475805,31.37228705,30.05554877,30.923399,33683600,1042741454.0
20241225103000000,30.923399,31.1229048,30.58423914,30.84359668,11569000,358275707.0
20241225110000000,30.84359668,30.84359668,30.14532638,30.17525225,11270000,344240640.0
20241225113000000,30.17525225,30.7238932,29.85604297,30.7238932,11001800,332705016.0
20241225133000000,30.73386849,30.75381907,30.08547464,30.44458508,6532200,198784776.0
20241225140000000,30.44458508,30.57426385,30.3248816,30.4246345,4733900,144466176.0
20241225143000000,30.4246345,30.4246345,29.96577116,30.07549935,4854800,146918912.0
20241225150000000,30.07549935,30.36478276,29.92587,30.23510399,8506200,256656384.0
20241226100000000,30.49446153,30.85357197,30.17525225,30.38473334,18899600,579424304.0
20241226103000000,30.38473334,30.48448624,30.18522754,30.30493102,9955200,302485058.0
20241226110000000,30.30493102,30.60418972,30.25505457,30.39470863,6026500,183818181.0
20241226113000000,30.39470863,30.923399,30.39470863,30.78374494,9744000,300067577.0
20241226133000000,30.79372023,30.97327545,30.65406617,30.84359668,9753000,301676032.0
20241226140000000,30.84359668,31.4221635,30.76379436,31.13288009,14435300,450639488.0
20241226143000000,31.13288009,31.37228705,30.96330016,31.25258357,8628300,269851776.0
20241226150000000,31.25258357,31.58176814,31.2226577,31.58176814,17643800,556056320.0
20241227100000000,31.61169401,31.8211751,31.2226577,31.56181756,18541000,585970198.0
20241227103000000,31.56181756,31.89100213,31.54186698,31.60171872,8543100,271593599.0
20241227110000000,31.60171872,31.6216693,31.27253415,31.43213879,9220500,290206387.0
20241227113000000,31.43213879,31.85110097,31.37228705,31.56181756,5681000,180376718.0
20241227133000000,31.56181756,31.58176814,31.28250944,31.40221292,6975500,219444210.0
20241227140000000,31.40221292,31.41218821,30.54433798,30.65406617,13977900,434516616.0
20241227143000000,30.65406617,30.80369552,30.10542522,30.61416501,17485100,533179648.0
20241227150000000,30.61416501,31.04310248,30.57426385,30.63411559,10354900,319594496.0
20241230100000000,30.35480747,30.88349784,30.05554877,30.5243874,17261300,526916896.0
20241230103000000,30.5243874,31.15283067,30.38473334,30.89347313,7432700,228805320.0
20241230110000000,30.89347313,31.10295422,30.59421443,30.75381907,4913900,151993091.0
20241230113000000,30.75381907,30.89347313,30.54433798,30.6241403,3211300,98898430.0
20241230133000000,30.6241403,30.77376965,30.37475805,30.73386849,4032000,123450559.0
20241230140000000,30.73386849,30.90344842,30.60418972,30.7238932,4613800,142292990.0
20241230143000000,30.7238932,30.923399,30.69396733,30.87352255,5410100,167114498.0
20241230150000000,30.87352255,30.923399,30.70394262,30.81367081,7092300,218858880.0
20241231100000000,30.78374494,30.85357197,29.64656188,29.77624065,22415400,677137904.0
20241231103000000,29.77624065,29.94582058,29.60666072,29.88596884,12912300,384737346.0
20241231110000000,29.88596884,29.92587,29.5268584,29.68646304,7936500,236088190.0
20241231113000000,29.68646304,29.78621594,29.57673485,29.60666072,6014200,178708992.0
20241231133000000,29.65653717,29.77624065,29.3273526,29.37722905,8961400,264436096.0
20241231140000000,29.37722905,29.57673485,29.19767383,29.41713021,8379700,246655488.0
20241231143000000,29.41713021,29.41713021,29.16774796,29.16774796,6399200,187710208.0
20241231150000000,29.16774796,29.51688311,29.1278468,29.1278468,9788500,287499264.0
20250102100000000,29.1278468,30.41465921,28.87846455,30.04557348,32737100,981762939.0
20250102103000000,30.04557348,30.14532638,29.7263642,30.07549935,11905600,357596353.0
20250102110000000,30.07549935,30.28498044,29.92587,30.09544993,6651200,200648070.0
20250102113000000,30.09544993,30.09544993,29.59668543,29.59668543,7430300,221893246.0
20250102133000000,29.5268584,29.71638891,29.37722905,29.50690782,7157200,211754752.0
20250102140000000,29.50690782,29.60666072,29.10789622,29.37722905,6732100,197618432.0
20250102143000000,29.37722905,29.85604297,29.07797035,29.75629007,13555900,400056838.0
20250102150000000,29.75629007,29.88596884,29.29742673,29.71638891,17166200,509090038.0
20250103100000000,29.48695724,30.29495573,28.40962592,28.99816803,35162300,1035026368.0
20250103103000000,28.99816803,29.23757499,28.73881049,28.86848926,8569800,249368832.0
20250103110000000,28.86848926,29.51688311,28.86848926,29.26750086,6959900,204364162.0
20250103113000000,29.26750086,29.46700666,29.2275997,29.2275997,3221100,94691588.0
20250103133000000,29.17772325,29.36725376,29.10789622,29.24755028,3357300,98461555.0
20250103140000000,29.24755028,29.4271055,28.87846455,28.99816803,4933800,143895303.0
20250103143000000,28.99816803,29.0280939,28.46947766,28.46947766,10785800,310355712.0
20250103150000000,28.46947766,28.46947766,27.91086142,28.22009541,19546200,552101376.0
20250106100000000,28.54927998,29.27747615,28.43955179,28.66898346,26842400,778071163.0
20250106103000000,28.66898346,29.1278468,28.59915643,28.73881049,8928700,257970565.0
20250106110000000,28.73881049,28.84853868,28.20014483,28.28992244,6116500,174241856.0
20250106113000000,28.28992244,28.44952708,28.18019425,28.22009541,4130100,116962688.0
20250106133000000,28.20014483,28.40962592,28.0305649,28.2300707,3779900,106954880.0
20250106140000000,28.2300707,28.43955179,28.1303178,28.40962592,3661800,103863424.0
20250106143000000,28.40962592,28.74878578,28.37970005,28.63905759,5532400,158323584.0
20250106150000000,28.63905759,29.19767383,28.5293294,29.00814332,15389800,446761472.0
20250107100000000,29.14779738,30.50443682,29.14779738,30.18522754,36907300,1113460150.0
20250107103000000,30.18522754,30.48448624,29.98572174,30.06552406,11706600,355323251.0
20250107110000000,30.06552406,30.21515341,29.85604297,29.92587,5816700,175025280.0
20250107113000000,29.92587,30.20517812,29.85604297,30.01564761,3510100,105636864.0
20250107133000000,30.06552406,30.75381907,30.06552406,30.35480747,11599600,353644160.0
20250107140000000,30.35480747,30.7238932,30.20517812,30.48448624,9693200,296760832.0
20250107143000000,30.48448624,31.3224106,30.46453566,31.26255886,14702900,455860992.0
20250107150000000,31.26255886,31.3224106,30.923399,31.09297893,13026500,406065664.0
20250108100000000,30.81367081,31.03312719,30.50443682,30.84359668,23622200,727394433.0
20250108103000000,30.84359668,31.06305306,30.6241403,30.86354726,10068800,311563447.0
20250108110000000,30.86354726,30.88349784,30.01564761,30.06552406,13657200,415244296.0
20250108113000000,30.06552406,30.17525225,29.6266113,29.70641362,9647400,288983296.0
20250108133000000,29.7263642,30.25505457,29.66651246,30.13535109,7988200,240104576.0
20250108140000000,30.13535109,30.99322603,30.13535109,30.923399,9610600,294484480.0
20250108143000000,30.923399,31.14285538,30.61416501,30.70394262,8397400,260728832.0
20250108150000000,30.70394262,30.83362139,30.61416501,30.7238932,5789100,178415872.0
20250109100000000,30.90344842,31.48201524,30.81367081,30.88349784,24671800,769979008.0
20250109103000000,30.88349784,31.10295422,30.45456037,30.74384378,10674600,329585984.0
20250109110000000,30.74384378,30.93337429,30.71391791,30.80369552,5870300,181388032.0
20250109113000000,30.80369552,31.34236118,30.68399204,30.88349784,9114400,283588992.0
20250109133000000,30.923399,31.31243531,30.85357197,31.2226577,8557900,267332344.0
20250109140000000,31.2226577,31.2226577,30.78374494,30.83362139,4923200,153165312.0
20250109143000000,30.83362139,31.03312719,30.74384378,30.85357197,4649700,143973504.0
20250109150000000,30.85357197,30.99322603,30.67401675,30.7238932,8696600,268253952.0
20250110100000000,30.923399,31.13288009,30.28498044,30.30493102,18437400,568190640.0
20250110103000000,30.30493102,30.61416501,30.14532638,30.39470863,7468100,227087672.0
20250110110000000,30.39470863,30.67401675,30.24507928,30.3248816,4736900,144494602.0
20250110113000000,30.3248816,30.36478276,29.92587,29.93584529,7150000,215665662.0
20250110133000000,29.92587,30.67401675,29.91589471,30.45456037,6351400,192596096.0
20250110140000000,30.45456037,30.48448624,30.17525225,30.28498044,3149400,95776894.0
20250110143000000,30.28498044,30.35480747,30.00567232,30.07549935,3060900,92635650.0
20250110150000000,30.07549935,30.20517812,29.83609239,29.83609239,8082800,243001344.0
20250113100000000,29.65653717,30.3248816,29.5268584,29.99569703,17580500,527962032.0
20250113103000000,29.99569703,30.13535109,29.28745144,29.63658659,8792900,261207008.0
20250113110000000,29.63658659,30.07549935,29.6266113,29.63658659,3705300,110945094.0
20250113113000000,29.63658659,29.76626536,29.45703137,29.46700666,2012000,59770685.0
20250113133000000,29.47698195,29.47698195,29.24755028,29.24755028,3549900,104536957.0
20250113140000000,29.24755028,29.54680898,29.18769854,29.5268584,3611600,106033536.0
20250113143000000,29.5268584,29.6266113,29.17772325,29.21762441,3334900,98031360.0
20250113150000000,29.21762441,29.37722905,29.04804448,29.36725376,6133100,179613952.0
20250114100000000,29.08794564,29.60666072,28.53930469,29.5268584,18619600,541105448.0
20250114103000000,29.5268584,29.8261171,29.29742673,29.76626536,7556000,223959360.0
20250114110000000,29.76626536,30.18522754,29.59668543,30.17525225,6585400,197505472.0
20250114113000000,30.17525225,30.4246345,29.98572174,30.01564761,8008300,242905920.0
20250114133000000,30.0256229,30.76379436,29.90591942,30.57426385,9188700,279655040.0
20250114140000000,30.57426385,30.75381907,30.45456037,30.61416501,5154600,158023680.0
20250114143000000,30.61416501,31.05307777,30.61416501,30.74384378,10814200,334188672.0
20250114150000000,30.74384378,30.85357197,30.58423914,30.85357197,7664000,236343168.0
20250115100000000,30.58423914,30.80369552,29.95579587,30.2251287,18052400,548582320.0
20250115103000000,30.2251287,30.31490631,29.81614181,30.1253758,8011700,241319291.0
20250115110000000,30.1253758,30.34483218,30.0256229,30.05554877,3574200,107949388.0
20250115113000000,30.05554877,30.26502986,29.92587,29.94582058,4184600,126172409.0
20250115133000000,29.97574645,30.14532638,29.87599355,29.93584529,4016700,120714432.0
20250115140000000,29.93584529,30.11540051,29.87599355,30.0256229,2655500,79796223.0
20250115143000000,30.0256229,30.14532638,29.83609239,29.87599355,4083000,122462081.0
20250115150000000,29.87599355,29.95579587,29.81614181,29.94582058,5470800,163895680.0
20250116100000000,30.27500515,30.27500515,29.56675956,29.58671014,17828500,534161192.0
20250116103000000,29.58671014,29.84606768,29.46700666,29.78621594,7683400,227908572.0
20250116110000000,29.78621594,29.83609239,29.47698195,29.5268584,3461700,102743425.0
20250116113000000,29.5268584,29.57673485,29.31737731,29.31737731,4074600,120256259.0
20250116133000000,29.3273526,29.37722905,29.11787151,29.19767383,5170800,151504192.0
20250116140000000,29.19767383,29.50690782,29.18769854,29.33732789,3431800,100874112.0
20250116143000000,29.33732789,29.59668543,29.33732789,29.43708079,3278000,96879484.0
20250116150000000,29.43708079,29.44705608,29.26750086,29.37722905,4537600,133495684.0
20250117100000000,28.93831629,29.84606768,28.93831629,29.25752557,12016800,354570968.0
20250117103000000,29.25752557,29.84606768,29.17772325,29.65653717,6433400,190781280.0
20250117110000000,29.65653717,29.77624065,29.5268584,29.55678427,2535400,75354690.0
20250117113000000,29.55678427,30.00567232,29.46700666,29.92587,5403400,161290426.0
20250117133000000,30.00567232,30.27500515,29.74631478,30.16527696,10991900,331205952.0
20250117140000000,30.16527696,30.65406617,30.16527696,30.30493102,9480100,288743808.0
20250117143000000,30.30493102,30.37475805,30.1253758,30.16527696,4556400,138225664.0
20250117150000000,30.16527696,30.2251287,30.06552406,30.20517812,6922200,209318784.0
20250120100000000,30.67401675,31.60171872,30.67401675,31.59174343,32235300,1009942237.0
20250120103000000,31.59174343,31.920928,31.34236118,31.5219164,14648000,464529665.0
20250120110000000,31.5219164,32.04063148,31.49199053,31.49199053,9615000,306442236.0
20250120113000000,31.49199053,31.58176814,31.35233647,31.56181756,3857900,121614598.0
20250120133000000,31.56181756,31.56181756,31.16280596,31.26255886,4783700,150162432.0
20250120140000000,31.26255886,31.28250944,31.07302835,31.10295422,4288700,133961856.0
20250120143000000,31.10295422,31.15283067,30.96330016,31.07302835,4559100,141886976.0
20250120150000000,31.07302835,31.11292951,30.95332487,31.08300364,6030300,187675648.0
20250121100000000,31.60171872,31.90097742,31.08300364,31.34236118,19959400,629938786.0
20250121103000000,31.34236118,31.89100213,31.24260828,31.86107626,11588900,367239613.0
20250121110000000,31.86107626,31.98077974,31.68152104,31.920928,10160600,324597121.0
20250121113000000,31.920928,32.5194454,31.83115039,32.29998902,14628800,472488704.0
20250121133000000,32.29998902,32.57929714,31.90097742,32.01070561,9727100,314012800.0
20250121140000000,32.01070561,32.1204338,31.6216693,31.73139749,5514700,176034304.0
20250121143000000,31.73139749,31.97080445,31.68152104,31.81119981,3553400,113363452.0
20250121150000000,31.81119981,31.99075503,31.69149633,31.97080445,6505200,207989000.0
20250122100000000,31.53189169,31.97080445,31.46206466,31.6216693,13644300,433285968.0
20250122103000000,31.6216693,31.88102684,31.5219164,31.55184227,6594400,209707104.0
20250122110000000,31.55184227,32.93840758,31.5219164,32.90848171,18614400,605251584.0
20250122113000000,32.90848171,33.10798751,32.59924772,33.00823461,16911800,558139392.0
20250122133000000,33.30749331,34.14541767,33.24764157,33.67657904,29800900,1007606144.0
20250122140000000,33.67657904,34.48457753,33.6167273,34.05564006,16699700,570803968.0
20250122143000000,34.05564006,34.14541767,33.84615897,33.99578832,7114200,242204160.0
20250122150000000,33.99578832,34.07559064,33.82620839,33.915986,11556500,393092352.0
20250123100000000,34.50452811,34.69405862,33.79628252,34.24517057,38966000,1335453400.0
20250123103000000,34.24517057,34.24517057,33.55687556,33.82620839,11145200,378035976.0
20250123110000000,33.82620839,34.1154918,33.7164802,33.80625781,5695400,193555072.0
20250123113000000,33.80625781,33.93593658,33.68655433,33.92596129,4331900,146774272.0
20250123133000000,33.85613426,34.06561535,33.57682614,33.57682614,4951300,167838720.0
20250123140000000,33.57682614,33.76635665,33.43717208,33.48704853,7181500,241656064.0
20250123143000000,33.48704853,33.90601071,33.4172215,33.57682614,5965200,200778240.0
20250123150000000,33.57682614,33.89603542,33.5169744,33.58680143,8571800,289240320.0
20250124100000000,33.52694969,34.0157389,33.52694969,33.57682614,12798400,433451960.0
20250124103000000,33.57682614,33.90601071,33.38729563,33.47707324,8224900,277101125.0
20250124110000000,33.47707324,34.0157389,33.47707324,33.8162331,5138300,174353398.0
20250124113000000,33.8162331,34.25514586,33.67657904,34.07559064,7345100,250625479.0
20250124133000000,34.06561535,34.40477521,33.95588716,34.25514586,8445200,289569792.0
20250124140000000,34.25514586,34.30502231,33.915986,34.07559064,5274000,180233856.0
20250124143000000,34.07559064,34.4147505,34.07559064,34.34492347,7694000,264529152.0
20250124150000000,34.34492347,34.78383623,34.2152447,34.7140092,15102500,523554176.0
20250127100000000,35.2127737,35.24269957,33.3174686,33.37732034,23002300,792238656.0
20250127103000000,33.37732034,33.8162331,33.18778983,33.42719679,12338400,413992384.0
20250127110000000,33.42719679,33.95588716,33.35736976,33.915986,5688400,191740676.0
20250127113000000,33.915986,34.18531883,33.7164802,34.08556593,3549000,120771068.0
20250127133000000,34.08556593,34.08556593,33.50699911,33.50699911,2697700,91120256.0
20250127140000000,33.50699911,33.66660375,33.43717208,33.56685085,2764800,92948480.0
20250127143000000,33.56685085,33.86610955,33.48704853,33.67657904,4152900,140105984.0
20250127150000000,33.67657904,33.75638136,33.4172215,33.4172215,7747100,261014400.0
20250205100000000,32.89850642,33.05811106,31.39223763,31.53189169,35930400,1155142336.0
20250205103000000,31.53189169,31.97080445,30.81367081,30.93337429,20014500,626098432.0
20250205110000000,30.93337429,31.17278125,30.58423914,30.94334958,10661700,330000512.0
20250205113000000,30.94334958,31.11292951,30.77376965,30.90344842,7207700,223683072.0
20250205133000000,30.8236461,30.88349784,30.15530167,30.50443682,19139600,583899904.0
20250205140000000,30.50443682,30.51441211,30.2251287,30.3248816,5820100,177151232.0
20250205143000000,30.3248816,30.41465921,30.15530167,30.25505457,5877400,178468608.0
20250205150000000,30.25505457,30.41465921,30.10542522,30.27500515,10699300,324217600.0
20250206100000000,30.11540051,31.23263299,29.73633949,29.95579587,29091700,886309504.0
20250206103000000,29.95579587,30.6241403,29.90591942,30.36478276,10149800,307990776.0
20250206110000000,30.36478276,30.88349784,30.36478276,30.87352255,8687100,267213064.0
20250206113000000,30.87352255,33.17781454,30.7238932,32.918457,31383100,1009930368.0
20250206133000000,32.93840758,33.30749331,32.29998902,32.68902533,29139500,958774784.0
20250206140000000,32.68902533,32.83865468,32.30996431,32.77880294,6628200,216178176.0
20250206143000000,32.77880294,32.78877823,32.18028554,32.33989018,4803100,156024576.0
20250206150000000,32.33989018,32.44961837,32.20023612,32.26008786,6726300,217748480.0
20250207100000000,32.39974192,32.80872881,32.03065619,32.30996431,26926000,872952222.0
20250207103000000,32.30996431,32.89850642,32.05060677,32.29001373,12649200,411709449.0
20250207110000000,32.29001373,32.7189512,32.14038438,32.64912417,6206800,201766777.0
20250207113000000,32.64912417,32.89850642,32.58927243,32.66907475,7276700,238874752.0
20250207133000000,32.63914888,32.63914888,32.17031025,32.17031025,9703700,314124928.0
20250207140000000,32.17031025,32.17031025,31.6216693,31.67154575,13111400,418950400.0
20250207143000000,31.67154575,31.78127394,31.20270712,31.49199053,10976800,346540800.0
20250207150000000,31.49199053,31.90097742,31.49199053,31.89100213,7317000,232790272.0
20250210100000000,31.74137278,32.60922301,31.64161988,32.44961837,24247400,784413666.0
20250210103000000,32.44961837,32.8187041,32.23016199,32.25011257,10708400,349445059.0
20250210110000000,32.25011257,32.25011257,32.04063148,32.14038438,5681100,182962043.0
20250210113000000,32.14038438,32.39974192,32.0206809,32.37979134,3055400,98606980.0
20250210133000000,32.38976663,33.10798751,32.38976663,32.93840758,14649500,481789052.0
20250210140000000,32.93840758,33.06808635,32.68902533,32.73890178,5189500,170941696.0
20250210143000000,32.73890178,33.1179628,32.73890178,32.918457,8110200,267900544.0
20250210150000000,32.918457,32.97830874,32.82867939,32.918457,7240200,238898176.0
20250211100000000,32.79875352,33.08803693,32.03065619,32.16033496,24468700,796561031.0
20250211103000000,32.16033496,32.63914888,32.14038438,32.54937127,6366700,206826425.0
20250211110000000,32.54937127,32.57929714,32.26008786,32.28003844,4847200,157391935.0
20250211113000000,32.28003844,32.50947011,32.19026083,32.47954424,2636500,85547770.0
20250211133000000,32.43964308,32.76882765,32.39974192,32.58927243,4904300,160365831.0
20250211140000000,32.58927243,32.97830874,32.57929714,32.88853113,4930400,162121344.0
20250211143000000,32.88853113,33.59677672,32.68902533,33.59677672,8903400,295448064.0
20250211150000000,33.59677672,33.68655433,33.09801222,33.29751802,15400300,515806208.0
20250212100000000,33.24764157,34.1154918,33.2177157,34.10551651,20609500,699086176.0
20250212103000000,34.10551651,34.84368797,34.07559064,34.36487405,15504800,535777728.0
20250212110000000,34.36487405,34.68408333,34.2152447,34.5145034,5545100,191555840.0
20250212113000000,34.5145034,34.75391036,34.27509644,34.29504702,5621100,194824576.0
20250212133000000,34.28507173,34.32497289,33.93593658,34.08556593,6335900,216647296.0
20250212140000000,34.2152447,34.2152447,33.97583774,33.99578832,3923000,134031488.0
20250212143000000,33.99578832,34.13544238,33.96586245,34.06561535,2788400,95199488.0
20250212150000000,34.06561535,34.39479992,33.98581303,34.25514586,5009200,171841915.0
20250213100000000,33.915986,34.47460224,33.37732034,33.47707324,15695300,530787152.0
20250213103000000,33.47707324,33.55687556,32.64912417,32.66907475,13585800,449737632.0
20250213110000000,32.66907475,32.7189512,32.44961837,32.67905004,7269600,237350208.0
20250213113000000,32.67905004,32.72892649,32.30996431,32.32991489,6688300,218196864.0
20250213133000000,32.32991489,32.6191983,32.30996431,32.52942069,4206700,136889216.0
20250213140000000,32.52942069,32.95835816,32.5194454,32.68902533,4172600,137090816.0
20250213143000000,32.68902533,33.0182099,32.6191983,32.66907475,4382000,144401792.0
20250213150000000,32.66907475,32.73890178,32.5194454,32.52942069,5341300,174435072.0
20250214100000000,32.4196925,33.00823461,32.4196925,32.84862997,7990300,262697664.0
20250214103000000,32.84862997,32.86858055,32.42966779,32.62917359,4034300,131826832.0
20250214110000000,32.62917359,32.90848171,32.54937127,32.6191983,4348400,142646752.0
20250214113000000,32.6191983,32.66907475,32.40971721,32.53939598,4060400,132386879.0
20250214133000000,32.49949482,32.50947011,31.45208937,31.51194111,24228600,772955649.0
20250214140000000,31.51194111,31.89100213,31.49199053,31.76132336,5811700,184491136.0
20250214143000000,31.76132336,31.80122452,31.55184227,31.7214222,4033500,128063744.0
20250214150000000,31.7214222,31.98077974,31.70147162,31.81119981,5855200,186849408.0
20250217100000000,31.43213879,32.35984076,31.43213879,32.34986547,17510700,561184608.0
20250217103000000,32.34986547,32.76882765,32.17031025,32.49949482,10361800,337144832.0
20250217110000000,32.49949482,32.83865468,32.4196925,32.64912417,6480500,211903552.0
20250217113000000,32.64912417,32.80872881,32.44961837,32.6191983,3618400,118513024.0
20250217133000000,32.6191983,32.76882765,32.3199396,32.66907475,4868700,158818176.0
20250217140000000,32.66907475,32.7189512,32.33989018,32.36981605,3791200,123495936.0
20250217143000000,32.36981605,32.69900062,32.32991489,32.6191983,2702000,88101632.0
20250217150000000,32.6191983,32.72892649,32.59924772,32.7189512,5656900,185408768.0
20250218100000000,32.57929714,32.94838287,32.03065619,32.80872881,11856700,386158448.0
20250218103000000,32.80872881,32.8187041,32.26008786,32.43964308,5976900,194718848.0
20250218110000000,32.43964308,32.5194454,32.25011257,32.4196925,2658300,86234682.0
20250218113000000,32.4196925,32.75885236,32.35984076,32.70897591,3113900,101719875.0
20250218133000000,32.70897591,32.74887707,32.3199396,32.40971721,3327400,108407553.0
20250218140000000,32.40971721,32.42966779,31.98077974,32.01070561,6010700,193838274.0
20250218143000000,32.01070561,32.17031025,31.8211751,31.96082916,4666400,149708288.0
20250218150000000,31.96082916,32.06058206,31.75134807,31.920928,4712300,150770944.0
20250219100000000,31.8211751,32.15035967,31.7214222,32.09050793,6825000,218734808.0
20250219103000000,32.09050793,32.26008786,31.91095271,31.97080445,6337100,203923296.0
20250219110000000,31.97080445,32.19026083,31.88102684,32.04063148,3993200,128116640.0
20250219113000000,32.04063148,32.05060677,31.68152104,31.71144691,4716800,150495998.0
20250219133000000,31.71144691,31.920928,31.53189169,31.84112568,6910100,219871930.0
20250219140000000,31.84112568,32.0206809,31.79124923,31.91095271,3072500,98200260.0
20250219143000000,31.920928,32.0206809,31.88102684,32.01070561,3200700,102530240.0
20250219150000000,32.01070561,32.15035967,31.920928,32.13040909,6494000,208855808.0
20250220100000000,31.8211751,32.5194454,31.63164459,32.47954424,19315700,622268612.0
20250220103000000,32.47954424,33.13791338,32.37979134,32.75885236,13670600,449831740.0
20250220110000000,32.75885236,32.79875352,32.55934656,32.66907475,3424500,112184772.0
20250220113000000,32.66907475,32.7189512,32.35984076,32.45959366,2558500,83303037.0
20250220133000000,32.45959366,33.1179628,32.4196925,32.98828403,8452000,278876031.0
20250220140000000,32.97830874,33.13791338,32.83865468,32.95835816,4028200,133349888.0
20250220143000000,32.95835816,33.07806164,32.88853113,33.03816048,3392600,112206592.0
20250220150000000,33.03816048,33.07806164,32.918457,32.95835816,5734300,189608320.0
20250221100000000,32.99825932,33.46709795,32.60922301,32.85860526,14892900,493061600.0
20250221103000000,32.85860526,32.97830874,32.66907475,32.86858055,6460000,212461439.0
20250221110000000,32.86858055,32.86858055,32.52942069,32.77880294,7819600,256191747.0
20250221113000000,32.77880294,32.82867939,32.52942069,32.76882765,4983900,163204599.0
20250221133000000,32.78877823,33.46709795,32.78877823,33.13791338,11295600,375876103.0
20250221140000000,33.13791338,33.36734505,32.918457,32.94838287,5833300,193728910.0
20250221143000000,32.94838287,33.18778983,32.94838287,33.00823461,4856800,160911994.0
20250221150000000,33.00823461,33.06808635,32.86858055,32.97830874,7018900,231935104.0
20250224100000000,32.99825932,33.48704853,31.91095271,33.06808635,24498000,802361456.0
20250224103000000,33.06808635,33.14788867,32.73890178,32.97830874,6668000,220225216.0
20250224110000000,32.97830874,33.32744389,32.95835816,32.95835816,6551900,217559232.0
20250224113000000,32.95835816,33.00823461,32.64912417,32.79875352,6241800,205398271.0
20250224133000000,32.80872881,33.5169744,32.6191983,33.35736976,8020900,265989505.0
20250224140000000,33.35736976,35.10304551,33.3174686,34.38482463,36718100,1259312768.0
20250224143000000,34.38482463,34.8137621,34.08556593,34.48457753,8585800,295772672.0
20250224150000000,34.48457753,34.63420688,34.22521999,34.22521999,6952100,240528896.0
20250225100000000,33.93593658,34.52447869,33.52694969,34.03568948,18983600,645901722.0
20250225103000000,34.03568948,34.89356442,33.82620839,34.79381152,18700700,648876294.0
20250225110000000,34.79381152,35.27262544,34.69405862,35.27262544,15777900,553486720.0
20250225113000000,35.27262544,35.66166175,35.1130208,35.5120324,11988100,425482112.0
20250225133000000,35.52200769,35.72151349,35.04319377,35.42225479,9524600,338065664.0
20250225140000000,35.42225479,35.5120324,34.8137621,35.0132679,6538300,230203648.0
20250225143000000,35.0132679,35.15292196,34.88358913,34.98334203,3610000,126647552.0
20250225150000000,34.98334203,35.0132679,34.62423159,34.78383623,6874300,239773444.0
20250226100000000,34.913515,35.05316906,34.15539296,34.77386094,12072300,419891616.0
20250226103000000,34.77386094,35.04319377,34.34492347,34.92349029,5826300,202395904.0
20250226110000000,34.92349029,35.3125266,34.62423159,34.92349029,6334300,222464199.0
20250226113000000,34.92349029,34.92349029,34.49455282,34.56437985,4304400,149831035.0
20250226133000000,34.56437985,34.84368797,34.5145034,34.63420688,4677400,162528638.0
20250226140000000,34.63420688,34.80378681,34.49455282,34.74393507,4408200,152983420.0
20250226143000000,34.74393507,34.75391036,34.5145034,34.64418217,3397700,118012925.0
20250226150000000,34.64418217,34.8137621,34.62423159,34.7140092,4916200,171080839.0
20250227100000000,34.73395978,35.04319377,34.20526941,34.28507173,11317200,392687424.0
20250227103000000,34.28507173,34.32497289,33.64665317,34.06561535,11676300,396364643.0
20250227110000000,34.06561535,34.12546709,33.6167273,33.88606013,4904700,166129085.0
20250227113000000,33.88606013,33.88606013,33.42719679,33.49702382,4494600,151258944.0
20250227133000000,33.50699911,33.60675201,33.24764157,33.26759215,5918700,198411392.0
20250227140000000,33.26759215,33.6167273,33.1179628,33.42719679,5924700,197707648.0
20250227143000000,33.42719679,33.66660375,33.16783925,33.6167273,6414400,214753024.0
20250227150000000,33.6167273,34.1154918,33.40724621,33.79628252,6770700,229122044.0
20250228100000000,33.49702382,33.49702382,32.52942069,32.86858055,12173400,400818784.0
20250228103000000,32.86858055,32.99825932,32.47954424,32.84862997,6571300,215424448.0
20250228110000000,32.84862997,32.84862997,32.36981605,32.36981605,5899700,192687556.0
20250228113000000,32.36981605,32.62917359,32.3199396,32.56932185,4134700,134468735.0
20250228133000000,32.55934656,32.66907475,32.15035967,32.29001373,4564900,147919933.0
20250228140000000,32.29001373,32.45959366,32.23016199,32.34986547,3527900,114347904.0
20250228143000000,32.34986547,32.37979134,31.99075503,32.0206809,4859000,156528384.0
20250228150000000,32.0206809,32.1204338,31.920928,31.98077974,7282500,233426944.0
20250303100000000,31.920928,31.920928,30.40468392,30.63411559,21515800,666088520.0
20250303103000000,30.63411559,31.17278125,30.6241403,31.09297893,10961800,338742348.0
20250303110000000,31.09297893,31.41218821,30.16527696,30.34483218,16189600,497505980.0
20250303113000000,30.34483218,30.45456037,29.13782209,29.86601826,28046000,835339136.0
20250303133000000,29.85604297,30.27500515,29.67648775,29.8261171,10208500,306623744.0
20250303140000000,29.8261171,29.95579587,29.21762441,29.55678427,11418100,338143488.0
20250303143000000,29.55678427,29.92587,29.41713021,29.67648775,6274400,186307328.0
20250303150000000,29.67648775,29.87599355,29.4271055,29.7263642,7286000,216738048.0
20250304100000000,29.00814332,29.64656188,28.45950237,29.48695724,17884300,520166128.0
20250304103000000,29.48695724,29.8261171,29.47698195,29.71638891,5771800,171551520.0
20250304110000000,29.71638891,29.84606768,29.69643833,29.7263642,3196800,95397376.0
20250304113000000,29.7263642,29.87599355,29.64656188,29.80616652,2821000,84125888.0
20250304133000000,29.8261171,30.01564761,29.7263642,29.83609239,4997600,149799488.0
20250304140000000,29.83609239,30.18522754,29.81614181,30.06552406,4636000,139602496.0
20250304143000000,30.06552406,30.18522754,29.94582058,30.07549935,3813800,114968064.0
20250304150000000,30.07549935,30.14532638,30.03559819,30.03559819,5040500,152056448.0
20250305100000000,30.04557348,30.86354726,30.03559819,30.53436269,12911300,394941512.0
20250305103000000,30.53436269,30.923399,30.3248816,30.76379436,6171800,189375136.0
20250305110000000,30.76379436,30.88349784,30.64409088,30.7238932,3786100,116749628.0
20250305113000000,30.7238932,30.78374494,30.60418972,30.69396733,2928200,90062793.0
20250305133000000,30.70394262,30.79372023,30.60418972,30.67401675,3721000,114542131.0
20250305140000000,30.67401675,30.8236461,30.65406617,30.77376965,2602700,80267840.0
20250305143000000,30.77376965,30.88349784,30.73386849,30.84359668,3337700,103127812.0
20250305150000000,30.84359668,30.923399,30.8236461,30.90344842,4185300,129587972.0
20250306100000000,30.90344842,31.28250944,30.87352255,31.28250944,10093100,314184144.0
20250306103000000,31.28250944,31.36231176,30.923399,31.18275654,7530900,235235360.0
20250306110000000,31.18275654,31.30246002,30.99322603,31.05307777,4789600,149530565.0
20250306113000000,31.05307777,31.16280596,30.96330016,31.1229048,3495100,108765043.0
20250306133000000,31.04310248,31.16280596,30.27500515,30.30493102,13135500,404605448.0
20250306140000000,30.30493102,30.3248816,29.67648775,29.76626536,21519700,646293760.0
20250306143000000,29.76626536,30.25505457,29.73633949,29.94582058,11793000,354321920.0
20250306150000000,29.94582058,30.16527696,29.92587,30.0256229,11717200,352822016.0
20250307100000000,29.80616652,30.60418972,29.6266113,30.18522754,18355800,556468954.0
20250307103000000,30.18522754,30.36478276,29.87599355,29.93584529,6637300,200445056.0
20250307110000000,29.93584529,30.08547464,29.84606768,30.01564761,7540900,226441798.0
20250307113000000,30.01564761,30.04557348,29.8261171,29.97574645,2675400,80227136.0
20250307133000000,29.92587,30.0256229,29.77624065,29.78621594,4313300,129272568.0
20250307140000000,29.78621594,29.87599355,29.71638891,29.78621594,3389000,101124616.0
20250307143000000,29.78621594,29.80616652,29.48695724,29.53683369,6281600,186430336.0
20250307150000000,29.53683369,29.78621594,29.4271055,29.74631478,4241700,125891712.0
20250310100000000,29.44705608,29.68646304,29.00814332,29.10789622,15039800,439774936.0
20250310103000000,29.10789622,29.59668543,29.10789622,29.54680898,4860000,143130624.0
20250310110000000,29.54680898,29.79619123,29.34730318,29.36725376,4192900,124640124.0
20250310113000000,29.36725376,29.54680898,29.29742673,29.4271055,1802100,53166468.0
20250310133000000,29.43708079,30.28498044,29.39717963,30.11540051,12312100,370371139.0
20250310140000000,30.11540051,30.16527696,29.97574645,30.10542522,3996200,120505344.0
20250310143000000,30.10542522,30.17525225,30.04557348,30.07549935,2478000,74810624.0
20250310150000000,30.07549935,30.27500515,30.07549935,30.21515341,6364400,192670464.0
20250311100000000,30.05554877,31.91095271,30.05554877,31.66157046,40328000,1266773312.0
20250311103000000,31.66157046,32.26008786,31.66157046,31.79124923,17165000,549482624.0
20250311110000000,31.79124923,31.920928,31.6216693,31.69149633,5626100,179127168.0
20250311113000000,31.69149633,31.79124923,31.4221635,31.43213879,4271000,135012480.0
20250311133000000,31.43213879,31.50196582,31.14285538,31.27253415,5171700,162201856.0
20250311140000000,31.27253415,31.44211408,31.14285538,31.39223763,3565400,111849728.0
20250311143000000,31.39223763,31.70147162,31.21268241,31.59174343,5105400,160686080.0
20250311150000000,31.59174343,32.01070561,31.54186698,31.91095271,9053000,289289728.0
20250312100000000,31.87105155,32.39974192,31.53189169,31.90097742,16445800,525436224.0
20250312103000000,31.90097742,32.00073032,31.51194111,31.54186698,7657900,243606974.0
20250312110000000,31.54186698,31.81119981,31.54186698,31.69149633,2679300,85178310.0
20250312113000000,31.69149633,31.73139749,31.47203995,31.67154575,2922800,92512764.0
20250312133000000,31.67154575,32.29998902,31.6216693,32.14038438,9336900,299422716.0
20250312140000000,32.14038438,32.36981605,31.97080445,32.17031025,4829700,155698180.0
20250312143000000,32.17031025,32.2201867,31.920928,31.96082916,3186000,102422528.0
20250312150000000,31.96082916,32.03065619,31.84112568,31.95085387,5370800,171968389.0
20250313100000000,31.94087858,33.14788867,31.64161988,31.74137278,23257700,760288480.0
20250313103000000,31.74137278,32.29998902,31.6216693,31.97080445,9388400,300113600.0
20250313110000000,31.97080445,32.1204338,31.87105155,32.05060677,3644500,116816768.0
20250313113000000,32.05060677,32.07055735,31.68152104,31.69149633,2972300,94799872.0
20250313133000000,31.69149633,31.90097742,31.59174343,31.74137278,4560600,145051008.0
20250313140000000,31.74137278,31.90097742,31.66157046,31.8211751,3454300,109994880.0
20250313143000000,31.8211751,31.8211751,31.54186698,31.70147162,3445100,109456128.0
20250313150000000,31.70147162,31.8211751,31.64161988,31.8211751,4363700,138778368.0
20250314100000000,31.75134807,32.39974192,31.65159517,31.88102684,12239700,392933128.0
20250314103000000,31.88102684,32.65909946,31.88102684,32.55934656,11844200,384819008.0
20250314110000000,32.55934656,32.57929714,32.09050793,32.18028554,5516600,178791160.0
20250314113000000,32.18028554,33.0182099,32.18028554,32.89850642,9076600,296827720.0
20250314133000000,32.96833345,33.18778983,32.85860526,33.02818519,10010400,331267328.0
20250314140000000,33.02818519,33.2177157,33.0182099,33.1179628,6630100,220389120.0
20250314143000000,33.1179628,33.13791338,32.84862997,33.09801222,5657800,187484928.0
20250314150000000,33.09801222,33.55687556,33.07806164,33.42719679,13380100,447614336.0
20250317100000000,33.85613426,34.1154918,33.49702382,33.80625781,23565100,798999360.0
20250317103000000,33.80625781,33.90601071,33.44714737,33.90601071,10189000,344078776.0
20250317110000000,33.90601071,34.1154918,33.8162331,34.0157389,8687500,295903616.0
20250317113000000,34.0157389,34.3149976,33.89603542,34.06561535,7381300,252282763.0
20250317133000000,34.06561535,34.50452811,33.96586245,34.0157389,8930000,306643326.0
20250317140000000,34.0157389,34.23519528,33.90601071,34.02571419,5360400,182872449.0
20250317143000000,34.02571419,34.46462695,34.0157389,34.38482463,6976100,239817470.0
20250317150000000,34.38482463,34.44467637,34.2152447,34.4147505,8261000,284647424.0
20250318100000000,34.4147505,36.43973437,34.33494818,36.30008031,33625400,1188205360.0
20250318103000000,36.30008031,37.47716453,36.24022857,36.35993205,33116400,1222678784.0
20250318110000000,36.35993205,36.99835061,36.3100556,36.83874597,12270600,451632384.0
20250318113000000,36.83874597,37.13800467,36.5095614,36.78886952,8452900,312469760.0
20250318133000000,36.76891894,37.0083259,36.51953669,36.91854829,7492600,276553984.0
20250318140000000,36.91854829,37.01830119,36.74896836,36.78886952,7168000,265444608.0
20250318143000000,36.78886952,36.91854829,36.68911662,36.85869655,5716600,211041536.0
20250318150000000,36.85869655,36.98837532,36.76891894,36.98837532,10192300,376782336.0
20250319100000000,36.61928959,36.83874597,35.1130208,35.29257602,30506900,1098472811.0
20250319103000000,35.29257602,36.2103027,35.23272428,35.84121697,13027400,467010821.0
20250319110000000,35.84121697,36.0107969,35.70156291,35.86116755,4499200,161684983.0
20250319113000000,35.86116755,36.0107969,35.67163704,35.88111813,2884500,103658244.0
20250319133000000,35.911044,35.911044,35.60181001,35.60181001,4320900,154731137.0
20250319140000000,35.60181001,35.86116755,35.47213124,35.63173588,3784900,135288070.0
20250319143000000,35.63173588,35.69158762,35.4122795,35.45218066,4263200,151795194.0
20250319150000000,35.45218066,35.7115382,35.33247718,35.7115382,7613400,270722048.0
20250320100000000,35.62176059,35.62176059,34.80378681,35.20279841,10103500,356266176.0
20250320103000000,35.17287254,35.33247718,34.913515,34.97336674,6389200,224817851.0
20250320110000000,34.97336674,35.07311964,34.74393507,34.89356442,6251700,218760383.0
20250320113000000,34.88358913,35.1130208,34.86363855,35.09307022,2661900,93362757.0
20250320133000000,35.10304551,35.10304551,34.63420688,34.67410804,4788600,167144897.0
20250320140000000,34.66413275,34.68408333,34.37484934,34.45465166,7398600,255901632.0
20250320143000000,34.4147505,34.60428101,34.30502231,34.43470108,4952300,170903424.0
20250320150000000,34.44467637,34.64418217,34.29504702,34.35489876,5645200,194660992.0
20250321100000000,34.35489876,34.66413275,33.915986,34.27509644,13144200,452354624.0
20250321103000000,34.26512115,34.46462695,33.77633194,33.89603542,5976800,204142138.0
20250321110000000,33.90601071,34.39479992,33.89603542,34.12546709,3786600,129693186.0
20250321113000000,34.1154918,34.16536825,33.8162331,33.85613426,3987300,135938496.0
20250321133000000,33.84615897,34.32497289,33.72645549,34.08556593,4246300,145193412.0
20250321140000000,34.08556593,34.17534354,33.76635665,33.88606013,4497200,152912000.0
20250321143000000,33.88606013,34.09554122,33.77633194,34.08556593,4290700,145890300.0
20250321150000000,34.03568948,34.15539296,33.82620839,34.04566477,5152400,175507716.0
20250324100000000,34.2152447,34.62423159,33.38729563,33.57682614,14231900,483853472.0
20250324103000000,33.52694969,33.74640607,33.24764157,33.55687556,7883700,264639576.0
20250324110000000,33.53692498,33.64665317,33.36734505,33.40724621,4237000,142229316.0
20250324113000000,33.40724621,33.52694969,33.02818519,33.16783925,6251100,208202820.0
20250324133000000,33.18778983,33.4172215,32.98828403,33.28754273,3862400,128521472.0
20250324140000000,33.28754273,33.3174686,32.95835816,33.08803693,3090300,102566272.0
20250324143000000,33.08803693,33.24764157,32.73890178,33.22769099,4624100,152599808.0
20250324150000000,33.22769099,33.63667788,33.13791338,33.46709795,5480100,183523452.0
20250325100000000,33.77633194,33.85613426,32.94838287,33.0182099,9328200,311591360.0
20250325103000000,33.03816048,33.22769099,32.58927243,33.0182099,6904500,227621504.0
20250325110000000,33.0182099,33.09801222,32.60922301,32.65909946,2949700,96898819.0
20250325113000000,32.66907475,32.73890178,32.36981605,32.46956895,4976500,162157309.0
20250325133000000,32.47954424,32.72892649,32.3199396,32.65909946,2913500,95133437.0
20250325140000000,32.62917359,32.69900062,32.29998902,32.36981605,2959300,96316355.0
20250325143000000,32.36981605,32.37979134,32.08053264,32.17031025,3294700,106454400.0
20250325150000000,32.19026083,32.3199396,32.1204338,32.27006315,3965500,127974400.0
20250326100000000,32.59924772,33.2177157,32.52942069,33.10798751,10391000,342907776.0
20250326103000000,33.1179628,33.14788867,32.57929714,32.76882765,3717900,122539392.0
20250326110000000,32.76882765,33.12793809,32.7189512,33.05811106,3581100,118552056.0
20250326113000000,33.05811106,33.16783925,32.92843229,32.99825932,2241900,74296195.0
20250326133000000,33.00823461,33.00823461,32.79875352,32.8187041,2007900,66183751.0
20250326140000000,32.8187041,32.83865468,32.59924772,32.59924772,1912500,62660418.0
20250326143000000,32.59924772,32.77880294,32.57929714,32.60922301,2156200,70621315.0
20250326150000000,32.63914888,32.66907475,32.47954424,32.50947011,3552000,115937337.0
20250327100000000,32.2201867,32.60922301,31.94087858,32.40971721,6968700,225065360.0
20250327103000000,32.40971721,32.58927243,32.29001373,32.43964308,3059000,99391472.0
20250327110000000,32.44961837,32.80872881,32.3199396,32.6191983,3694700,120789952.0
20250327113000000,32.63914888,32.63914888,32.38976663,32.56932185,1873300,61043840.0
20250327133000000,32.56932185,32.57929714,32.4196925,32.44961837,1077700,35099780.0
20250327140000000,32.44961837,32.52942069,32.34986547,32.35984076,1549000,50382844.0
20250327143000000,32.35984076,32.43964308,32.26008786,32.35984076,1657800,53751420.0
20250327150000000,32.35984076,32.42966779,32.2201867,32.32991489,3482700,112811583.0
20250328100000000,32.1204338,33.40724621,32.1204338,33.3174686,14146500,467940224.0
20250328103000000,33.26759215,33.70650491,33.10798751,33.47707324,7213500,241340480.0
20250328110000000,33.48704853,33.53692498,33.03816048,33.27756744,6408200,213692859.0
20250328113000000,33.26759215,33.37732034,33.13791338,33.17781454,3046500,101571591.0
20250328133000000,33.17781454,33.3174686,32.99825932,33.08803693,2356900,78358006.0
20250328140000000,33.08803693,33.38729563,32.99825932,33.25761686,2508700,83393028.0
20250328143000000,33.26759215,33.30749331,33.06808635,33.23766628,2079800,69213962.0
20250328150000000,33.23766628,33.37732034,33.13791338,33.13791338,6991300,232964341.0
20250331100000000,33.0182099,33.8162331,33.0182099,33.38729563,10943800,367377024.0
20250331103000000,33.37732034,33.37732034,32.65909946,32.68902533,5501600,182302976.0
20250331110000000,32.66907475,32.89850642,32.4196925,32.7189512,4382100,143326080.0
20250331113000000,32.70897591,32.79875352,32.52942069,32.58927243,2063100,67618752.0
20250331133000000,32.58927243,33.16783925,32.57929714,32.95835816,4034600,133223360.0
20250331140000000,32.95835816,32.97830874,32.7189512,32.74887707,1654100,54417664.0
20250331143000000,32.74887707,32.86858055,32.6191983,32.62917359,3591300,117818304.0
20250331150000000,32.62917359,32.66907475,32.37979134,32.65909946,6453100,210411712.0
20250401100000000,32.75885236,32.93840758,32.01070561,32.7189512,9355500,304660544.0
20250401103000000,32.70897591,32.88853113,32.56932185,32.7189512,3823800,125446912.0
20250401110000000,32.7189512,33.4172215,32.67905004,33.25761686,6607300,219405248.0
20250401113000000,33.25761686,33.36734505,32.918457,32.95835816,4303100,142818936.0
20250401133000000,32.95835816,32.98828403,32.65909946,32.84862997,3407500,112149896.0
20250401140000000,32.84862997,32.92843229,32.63914888,32.63914888,2388900,78506884.0
20250401143000000,32.63914888,32.70897591,32.53939598,32.60922301,2314200,75653632.0
20250401150000000,32.60922301,32.66907475,32.55934656,32.66907475,2346600,76701440.0
20250402100000000,32.65909946,32.99825932,32.53939598,32.93840758,5086800,166660800.0
20250402103000000,32.95835816,33.47707324,32.80872881,33.25761686,6276400,208699840.0
20250402110000000,33.29751802,33.37732034,33.05811106,33.10798751,3646200,121428864.0
20250402113000000,33.09801222,33.19776512,33.0182099,33.04813577,2125800,70529286.0
20250402133000000,33.03816048,33.03816048,32.82867939,32.88853113,2328000,76872384.0
20250402140000000,32.88853113,32.89850642,32.76882765,32.82867939,1621100,53330036.0
20250402143000000,32.8187041,32.89850642,32.74887707,32.80872881,1417200,46630923.0
20250402150000000,32.82867939,32.90848171,32.77880294,32.87855584,3396800,111874107.0
20250403100000000,31.8211751,31.8211751,30.10542522,30.20517812,36972800,1135514368.0
20250403103000000,30.21515341,30.23510399,29.58671014,29.59668543,28534100,850256640.0
20250403110000000,29.59668543,29.59668543,29.58671014,29.58671014,6279100,186250496.0
20250403113000000,29.58671014,29.59668543,29.58671014,29.58671014,1710500,50735360.0
20250403133000000,29.58671014,29.58671014,29.58671014,29.58671014,1140600,33830400.0
20250403140000000,29.58671014,29.58671014,29.58671014,29.58671014,681300,20207360.0
20250403143000000,29.58671014,29.58671014,29.58671014,29.58671014,816500,24217344.0
20250403150000000,29.58671014,29.58671014,29.58671014,29.58671014,1703200,50516992.0
20250407100000000,26.62404901,26.62404901,26.62404901,26.62404901,3223900,86045888.0
20250407103000000,26.62404901,26.62404901,26.62404901,26.62404901,308300,8228528.0
20250407110000000,26.62404901,26.62404901,26.62404901,26.62404901,253000,6752576.0
20250407113000000,26.62404901,26.62404901,26.62404901,26.62404901,169800,4531960.0
20250407133000000,26.62404901,26.62404901,26.62404901,26.62404901,157200,4195664.0
20250407140000000,26.62404901,26.62404901,26.62404901,26.62404901,69200,1846952.0
20250407143000000,26.62404901,26.62404901,26.62404901,26.62404901,98200,2620960.0
20250407150000000,26.62404901,26.62404901,26.62404901,26.62404901,101300,2703696.0
20250408100000000,23.96064658,24.0404489,23.96064658,23.96064658,33890500,814080636.0
20250408103000000,23.96064658,23.96064658,23.96064658,23.96064658,1821500,43752394.0
20250408110000000,23.96064658,23.96064658,23.96064658,23.96064658,1033200,24817466.0
20250408113000000,23.96064658,23.96064658,23.96064658,23.96064658,409800,9843398.0
20250408133000000,23.96064658,23.96064658,23.96064658,23.96064658,1611500,38708218.0
20250408140000000,23.96064658,23.96064658,23.96064658,23.96064658,1421100,34134840.0
20250408143000000,23.96064658,23.96064658,23.96064658,23.96064658,653400,15694660.0
20250408150000000,23.96064658,23.96064658,23.96064658,23.96064658,1052500,25281086.0
20250409100000000,21.56657698,21.82593452,21.56657698,21.62642872,48803000,1055719485.0
20250409103000000,21.62642872,22.75363649,21.62642872,22.45437779,40931800,910946115.0
20250409110000000,22.45437779,22.51422953,21.80598394,22.36460018,18779300,415653248.0
20250409113000000,22.3446496,22.43442721,21.63640401,21.89576155,21715400,475269368.0
20250409133000000,21.92568742,21.98553916,21.56657698,21.57655227,27052400,587157000.0
20250409140000000,21.58652756,22.77358707,21.56657698,22.48430366,22666600,505142528.0
20250409143000000,22.48430366,22.57408127,22.17506967,22.38455076,19740000,442521344.0
20250409150000000,22.39452605,23.47185737,22.37457547,23.10277164,18435900,423019520.0
20250410100000000,25.32726131,25.32726131,24.0404489,24.65891688,78856700,1933117696.0
20250410103000000,24.65891688,24.71876862,24.40953463,24.62899101,14336200,353200384.0
20250410110000000,24.61901572,24.62899101,24.07037477,24.08035006,13191600,321143296.0
20250410113000000,24.09032535,24.09032535,23.55165969,23.67136317,14293700,341770496.0
20250410133000000,23.72123962,24.18010296,23.49180795,23.92074542,13583600,324268288.0
20250410140000000,23.91077013,23.91077013,23.60153614,23.62148672,7761400,184832512.0
20250410143000000,23.60153614,23.90079484,23.60153614,23.71126433,8625100,205343488.0
20250410150000000,23.70128904,23.73121491,23.51175853,23.62148672,13887200,328564992.0
20250411100000000,22.943167,23.89081955,22.943167,23.58158556,38873500,914188295.0
20250411103000000,23.58158556,24.10030064,23.3421786,24.01052303,15436800,365934329.0
20250411110000000,23.96064658,24.02049832,23.81101723,23.90079484,10324100,247611392.0
20250411113000000,23.89081955,24.35965818,23.8409431,24.31975702,12294300,297601920.0
20250411133000000,24.39955934,24.70879333,24.25990528,24.44943579,14513900,356444544.0
20250411140000000,24.45941108,25.17763196,24.4394605,24.94820029,19214600,478633216.0
20250411143000000,25.02800261,25.67639646,24.97812616,24.97812616,16314500,415064832.0
20250411150000000,24.98810145,25.09782964,24.88834855,24.938225,11346100,283944448.0
20250414100000000,25.92577871,25.97565516,24.95817558,25.08785435,58308100,1488024192.0
20250414103000000,25.1377308,25.52676711,25.0379779,25.16765667,11730000,297382656.0
20250414110000000,25.17763196,25.30731073,25.07787906,25.24745899,6293600,158940544.0
20250414113000000,25.24745899,25.34721189,25.10780493,25.14770609,5493100,138749952.0
20250414133000000,25.14770609,25.14770609,24.56913927,24.67886746,14690000,365236224.0
20250414140000000,24.67886746,24.8384721,24.6389663,24.76864507,5275400,130828800.0
20250414143000000,24.75866978,24.76864507,24.61901572,24.65891688,5227600,129314816.0
20250414150000000,24.64894159,24.82849681,24.64894159,24.80854623,7889600,196012288.0
20250415100000000,24.66889217,24.79857094,23.97062187,23.99057245,23568300,574473086.0
20250415103000000,24.01052303,24.25990528,24.01052303,24.18010296,5303100,128534332.0
20250415110000000,24.18010296,24.32973231,24.03047361,24.13022651,6574200,159369093.0
20250415113000000,24.12025122,24.25990528,23.97062187,24.03047361,4965000,119748289.0
20250415133000000,24.03047361,24.03047361,23.79106665,23.92074542,7371800,176472192.0
20250415140000000,23.940696,24.30978173,23.940696,24.20005354,6098700,147608582.0
20250415143000000,24.22000412,24.27985586,24.13022651,24.19007825,3845700,93312629.0
20250415150000000,24.21002883,24.41950992,24.20005354,24.30978173,7859800,191426444.0
20250416100000000,24.07037477,24.07037477,23.52173382,23.62148672,16892600,401518880.0
20250416103000000,23.60153614,23.66138788,23.3421786,23.39205505,10469200,246775142.0
20250416110000000,23.38207976,23.48183266,23.33220331,23.39205505,5884200,137980986.0
20250416113000000,23.38207976,23.39205505,22.943167,22.96311758,9293500,215656704.0
20250416133000000,22.943167,23.26237628,22.78356236,22.99304345,10245400,236443200.0
20250416140000000,22.99304345,23.02296932,22.67383417,22.7436612,10933300,250104064.0
20250416143000000,22.75363649,23.0429199,22.7436612,22.88331526,5467200,125585408.0
20250416150000000,22.88331526,23.0429199,22.76361178,23.00301874,8352800,191983360.0
20250417100000000,23.13269751,23.65141259,22.943167,23.50178324,21129900,494618528.0
20250417103000000,23.52173382,23.6414373,23.45190679,23.57161027,5952500,140512732.0
20250417110000000,23.58158556,23.78109136,23.57161027,23.6414373,5793200,137469503.0
20250417113000000,23.6414373,23.68133846,23.46188208,23.55165969,2652100,62582155.0
20250417133000000,23.56163498,23.57161027,23.33220331,23.36212918,4468700,104860338.0
20250417140000000,23.36212918,23.36212918,23.10277164,23.12272222,5561800,129482248.0
20250417143000000,23.13269751,23.28232686,23.12272222,23.19254925,3385200,78670336.0
20250417150000000,23.19254925,23.19254925,22.98306816,23.00301874,7673300,177377408.0
20250418100000000,22.96311758,23.37210447,22.96311758,23.02296932,12928400,300969920.0
20250418103000000,23.02296932,23.16262338,22.80351294,22.92321642,7064500,162735360.0
20250418110000000,22.92321642,23.1426728,22.88331526,22.99304345,3544600,81779333.0
20250418113000000,23.00301874,23.00301874,22.89329055,22.92321642,1713700,39411827.0
20250418133000000,22.89329055,23.23245041,22.85338939,23.10277164,5064900,117137984.0
20250418140000000,23.11274693,23.47185737,23.05289519,23.41200563,8706900,203191240.0
20250418143000000,23.42198092,23.46188208,23.29230215,23.37210447,6034000,141456320.0
20250418150000000,23.35215389,23.39205505,23.25240099,23.33220331,5499100,128554753.0
20250421100000000,23.42198092,23.43195621,22.75363649,23.09279635,18670600,430257536.0
20250421103000000,23.08282106,23.33220331,23.01299403,23.33220331,6171900,143554624.0
20250421110000000,23.33220331,23.39205505,23.16262338,23.38207976,4651400,108584900.0
20250421113000000,23.39205505,23.46188208,23.31225273,23.32222802,3939300,92349312.0
20250421133000000,23.33220331,23.80104194,23.22247512,23.69131375,7372800,174077244.0
20250421140000000,23.68133846,24.03047361,23.68133846,23.96064658,11416400,272986560.0
20250421143000000,23.95067129,23.95067129,23.72123962,23.83096781,4288200,102398464.0
20250421150000000,23.83096781,23.93072071,23.80104194,23.88084426,6053700,144840832.0
20250422100000000,23.8409431,23.8409431,23.4419315,23.55165969,14625300,346297728.0
20250422103000000,23.5416844,23.63146201,23.37210447,23.48183266,6215200,146322176.0
20250422110000000,23.47185737,23.52173382,23.36212918,23.40203034,3731700,87627588.0
20250422113000000,23.40203034,23.42198092,23.30227744,23.3421786,3249200,76101114.0
20250422133000000,23.35215389,23.4419315,23.30227744,23.38207976,2964000,69418758.0
20250422140000000,23.38207976,23.45190679,23.3421786,23.36212918,2255400,52882368.0
20250422143000000,23.36212918,23.42198092,23.32222802,23.35215389,2953000,69163134.0
20250422150000000,23.36212918,23.37210447,23.22247512,23.2424257,7774100,181375934.0
20250423100000000,24.81852152,24.81852152,23.95067129,24.28983115,34866600,848852856.0
20250423103000000,24.29980644,24.38958405,24.03047361,24.13022651,7911900,191886214.0
20250423110000000,24.13022651,24.20005354,24.01052303,24.10030064,4063200,98257148.0
20250423113000000,24.11027593,24.44943579,24.06039948,24.44943579,8455400,206199556.0
20250423133000000,24.4394605,24.81852152,24.4394605,24.6389663,13307000,329065858.0
20250423140000000,24.62899101,24.67886746,24.46938637,24.48933695,4772800,117616256.0
20250423143000000,24.47936166,24.50928753,24.34968289,24.44943579,4468700,109424771.0
20250423150000000,24.44943579,24.59906514,24.4394605,24.49931224,8090600,198978941.0
20250424100000000,24.51926282,24.89832384,24.51926282,24.64894159,16313200,403908448.0
20250424103000000,24.64894159,24.78859565,24.5392134,24.57911456,5354600,132189216.0
20250424110000000,24.57911456,24.59906514,24.20005354,24.31975702,8971500,219056128.0
20250424113000000,24.29980644,24.31975702,24.10030064,24.26988057,5027800,121917954.0
20250424133000000,24.25990528,24.35965818,24.19007825,24.35965818,2978200,72442105.0
20250424140000000,24.35965818,24.58908985,24.32973231,24.44943579,4956400,121569162.0
20250424143000000,24.4394605,24.47936166,24.31975702,24.32973231,3338700,81586423.0
20250424150000000,24.32973231,24.38958405,24.27985586,24.36963347,6516600,158999679.0
20250425100000000,24.38958405,25.56666827,24.3397076,25.36716247,27883400,702132416.0
20250425103000000,25.38711305,25.67639646,25.28736015,25.41703892,12652800,323721920.0
20250425110000000,25.40706363,25.57664356,25.26740957,25.42701421,4033300,102788736.0
20250425113000000,25.42701421,25.72627291,25.37713776,25.58661885,6023800,154539520.0
20250425133000000,25.58661885,25.58661885,25.32726131,25.32726131,5747200,146711930.0
20250425140000000,25.32726131,25.37713776,25.24745899,25.25743428,3574900,90740742.0
20250425143000000,25.24745899,25.31728602,25.18760725,25.28736015,3771000,95462150.0
20250425150000000,25.28736015,25.28736015,25.19758254,25.21753312,6427300,162564475.0
20250428100000000,24.94820029,25.41703892,24.94820029,25.06790377,12909300,325984288.0
20250428103000000,25.06790377,25.09782964,24.90829913,25.07787906,5361300,134342912.0
20250428110000000,25.07787906,25.16765667,24.97812616,25.05792848,3235000,81276576.0
20250428113000000,25.0379779,25.06790377,24.95817558,25.04795319,2216200,55576056.0
20250428133000000,25.05792848,25.10780493,24.95817558,25.02800261,1933900,48512900.0
20250428140000000,25.02800261,25.04795319,24.88834855,24.938225,3360200,84016385.0
20250428143000000,24.938225,24.97812616,24.82849681,24.85842268,2167500,54068997.0
20250428150000000,24.85842268,24.97812616,24.81852152,24.938225,4013900,100221622.0
20250429100000000,24.77862036,24.99807674,24.41950992,24.99807674,11084500,274220160.0
20250429103000000,25.02800261,25.25743428,24.97812616,25.0379779,6533700,164572512.0
20250429110000000,25.0379779,25.06790377,24.88834855,24.89832384,2857200,71568640.0
20250429113000000,24.89832384,25.02800261,24.87837326,25.00805203,1890900,47275676.0
20250429133000000,25.01802732,25.01802732,24.85842268,24.90829913,2126200,53125756.0
20250429140000000,24.90829913,24.98810145,24.84844739,24.89832384,2691200,67189888.0
20250429143000000,24.88834855,24.96815087,24.84844739,24.84844739,2773300,69230723.0
20250429150000000,24.85842268,24.86839797,24.7387192,24.82849681,5480900,136202751.0
20250430100000000,25.01802732,25.48686595,25.01802732,25.35718718,15160900,384092416.0
20250430103000000,25.35718718,25.42701421,25.27738486,25.35718718,4244700,107896032.0
20250430110000000,25.36716247,25.77614936,25.32726131,25.62652001,9707500,249127779.0
20250430113000000,25.62652001,25.91580342,25.62652001,25.82602581,5896400,152725885.0
20250430133000000,25.82602581,25.90582813,25.72627291,25.77614936,4608200,119258432.0
20250430140000000,25.77614936,26.21506212,25.76617407,26.10533393,7093000,184814592.0
20250430143000000,26.11530922,26.1352598,25.78612465,25.79609994,3794700,98614784.0
20250430150000000,25.78612465,25.8360011,25.7362482,25.81605052,5875300,151970560.0
20250506100000000,25.91580342,26.64399959,25.75619878,26.6340243,17664600,464206336.0
20250506103000000,26.64399959,26.64399959,26.39461734,26.39461734,8113500,215846268.0
20250506110000000,26.40459263,26.61407372,26.38464205,26.54424669,3430800,91121608.0
20250506113000000,26.54424669,26.58414785,26.48439495,26.56419727,1867900,49702649.0
20250506133000000,26.56419727,26.75372778,26.50434553,26.74375249,4362500,116358083.0
20250506140000000,26.74375249,26.81357952,26.60409843,26.66395017,3369000,90148736.0
20250506143000000,26.67392546,27.26246757,26.66395017,27.20261583,10392400,281055872.0
20250506150000000,27.18266525,27.24251699,27.08291235,27.2325417,9162500,249589504.0
20250507100000000,27.74128149,27.74128149,26.40459263,26.69387604,34341800,928280320.0
20250507103000000,26.69387604,26.74375249,26.42454321,26.45446908,9556600,254514816.0
20250507110000000,26.45446908,26.56419727,26.3347656,26.47441966,6750000,178833024.0
20250507113000000,26.45446908,26.5342714,26.35471618,26.4345185,4202700,111305344.0
20250507133000000,26.44449379,26.51432082,26.24498799,26.32479031,5741900,151790592.0
20250507140000000,26.32479031,26.39461734,26.28488915,26.31481502,3892600,102770048.0
20250507143000000,26.31481502,26.36469147,26.15521038,26.35471618,6906200,181819392.0
20250507150000000,26.34474089,26.7337772,26.32479031,26.64399959,10053900,267796476.0
20250508100000000,26.54424669,27.1327888,26.47441966,27.04301119,16269300,439037824.0
20250508103000000,27.0330359,27.59165214,27.02306061,27.24251699,14800100,406231424.0
20250508110000000,27.2325417,27.86098497,27.17268996,27.86098497,10780100,297362816.0
20250508113000000,27.89091084,27.95076258,27.72133091,27.76123207,7074500,197514752.0
20250508133000000,27.78118265,27.85100968,27.68142975,27.74128149,4429000,123223552.0
20250508140000000,27.75125678,27.81110852,27.67145446,27.78118265,3746000,104187392.0
20250508143000000,27.78118265,28.15026838,27.7313062,27.96073787,8093500,227158016.0
20250508150000000,27.97071316,28.07046606,27.67145446,27.72133091,7855000,218891904.0
20250509100000000,27.72133091,27.72133091,27.02306061,27.17268996,14793200,403183680.0
20250509103000000,27.17268996,27.17268996,26.79362894,26.8335301,10357600,279901883.0
20250509110000000,26.82355481,26.8335301,26.66395017,26.66395017,6912400,185241861.0
20250509113000000,26.66395017,26.86345597,26.60409843,26.77367836,3252800,87194174.0
20250509133000000,26.77367836,27.18266525,26.76370307,27.11283822,3669300,99308226.0
20250509140000000,27.11283822,27.32231931,27.06296177,27.30236873,3089800,84198912.0
20250509143000000,27.30236873,27.30236873,27.10286293,27.10286293,2261800,61602424.0
20250509150000000,27.11283822,27.20261583,26.99313474,27.00311003,4591000,124573960.0
20250512100000000,28.48942824,28.48942824,27.81110852,28.20014483,33547100,943153796.0
20250512103000000,28.21012012,28.3298236,28.05051548,28.07046606,7304200,206227068.0
20250512110000000,28.07046606,28.26997186,27.99066374,28.15026838,6176900,174164871.0
20250512113000000,28.16024367,28.17021896,27.95076258,27.97071316,4327700,121613689.0
20250512133000000,27.98068845,28.44952708,27.94078729,28.26997186,9092900,257511168.0
20250512140000000,28.25999657,28.33979889,28.16024367,28.24004599,4205500,119084923.0
20250512143000000,28.2300707,28.66898346,28.2300707,28.64903288,12429500,355085957.0
20250512150000000,28.64903288,28.64903288,28.47945295,28.63905759,10874000,311601664.0
20250513100000000,29.3273526,29.3273526,28.40962592,28.63905759,41268700,1192558852.0
20250513103000000,28.63905759,28.63905759,28.27994715,28.50937882,12764300,363791996.0
20250513110000000,28.49940353,28.81861281,28.40962592,28.6290823,4803000,137584644.0
20250513113000000,28.61910701,28.61910701,28.34977418,28.40962592,3483500,99358332.0
20250513133000000,28.38967534,28.66898346,28.35974947,28.44952708,2512700,71814144.0
20250513140000000,28.44952708,28.58918114,28.40962592,28.47945295,2501500,71463424.0
20250513143000000,28.48942824,28.48942824,28.37970005,28.38967534,3217600,91659008.0
20250513150000000,28.37970005,28.4295765,28.30987302,28.41960121,6240100,177470464.0
20250514100000000,28.4295765,29.45703137,28.4295765,28.81861281,26679900,778790137.0
20250514103000000,28.81861281,28.90839042,28.63905759,28.66898346,6343100,182855559.0
20250514110000000,28.67895875,28.70888462,28.37970005,28.39965063,5421300,154989184.0
20250514113000000,28.38967534,28.61910701,28.35974947,28.44952708,3142700,89635456.0
20250514133000000,28.45950237,28.58918114,28.20014483,28.22009541,5854800,166608640.0
20250514140000000,28.22009541,28.60913172,28.16024367,28.26997186,7109000,201991936.0
20250514143000000,28.26997186,28.26997186,27.94078729,28.01061432,7061600,198572672.0
20250514150000000,28.01061432,28.38967534,28.01061432,28.37970005,5541400,156967680.0
20250515100000000,28.10039193,28.38967534,27.66147917,28.1303178,16273100,455739008.0
20250515103000000,28.1303178,28.15026838,27.90088613,28.00063903,4822200,135592070.0
20250515110000000,27.99066374,28.22009541,27.94078729,28.10039193,2814000,79300669.0
20250515113000000,28.08044135,28.11036722,27.98068845,28.04054019,1799700,50605315.0
20250515133000000,28.05051548,28.05051548,27.74128149,27.8310591,3825600,106831673.0
20250515140000000,27.82108381,27.82108381,27.6315533,27.7313062,4415800,122740360.0
20250515143000000,27.7313062,27.8310591,27.69140504,27.71135562,3317500,92264947.0
20250515150000000,27.70138033,27.70138033,27.5318004,27.5318004,7148300,197811078.0
20250516100000000,27.3322946,28.08044135,27.22256641,27.91086142,11002200,306459872.0
20250516103000000,27.89091084,27.94078729,27.62157801,27.7313062,4963300,138398592.0
20250516110000000,27.72133091,27.80113323,27.66147917,27.71135562,2059500,57245088.0
20250516113000000,27.72133091,27.77120736,27.61160272,27.72133091,2489000,69027974.0
20250516133000000,27.72133091,27.85100968,27.64152859,27.74128149,3085900,85841665.0
20250516140000000,27.7313062,27.75125678,27.66147917,27.70138033,2102200,58375413.0
20250516143000000,27.69140504,27.70138033,27.50187453,27.66147917,4045500,111892678.0
20250516150000000,27.66147917,27.72133091,27.61160272,27.67145446,4081200,113244222.0
20250519100000000,27.86098497,27.86098497,27.21259112,27.59165214,11150000,307076064.0
20250519103000000,27.56172627,27.81110852,27.47194866,27.78118265,4915500,136242752.0
20250519110000000,27.77120736,27.92083671,27.71135562,27.79115794,2943700,82081696.0
20250519113000000,27.81110852,27.87096026,27.67145446,27.67145446,1586900,44179328.0
20250519133000000,27.67145446,27.930812,27.64152859,27.76123207,3257700,90886656.0
20250519140000000,27.77120736,27.86098497,27.68142975,27.75125678,1788900,49776131.0
20250519143000000,27.75125678,27.85100968,27.7313062,27.78118265,1984100,55260733.0
20250519150000000,27.79115794,27.8310591,27.68142975,27.7313062,4320900,120211583.0
20250520100000000,27.65150388,28.12034251,27.42207221,28.07046606,13518600,378087520.0
20250520103000000,28.07046606,28.56923056,27.94078729,28.47945295,11869000,337238240.0
20250520110000000,28.48942824,28.928341,28.48942824,28.61910701,11755300,338817536.0
20250520113000000,28.6290823,28.68893404,28.49940353,28.58918114,2977400,85340352.0
20250520133000000,28.59915643,28.78868694,28.55925527,28.63905759,5138000,147634688.0
20250520140000000,28.63905759,28.7288352,28.5293294,28.64903288,3446700,98883072.0
20250520143000000,28.65900817,28.67895875,28.51935411,28.5293294,3105400,89029753.0
20250520150000000,28.5293294,28.61910701,28.51935411,28.55925527,4769100,136540543.0
20250521100000000,28.45950237,28.57920585,28.21012012,28.30987302,10563800,300485696.0
20250521103000000,28.30987302,28.3298236,28.1303178,28.18019425,6149400,173903136.0
20250521110000000,28.20014483,28.40962592,28.09041664,28.27994715,2749800,77758876.0
20250521113000000,28.27994715,28.55925527,28.22009541,28.44952708,2453500,69891460.0
20250521133000000,28.44952708,29.51688311,28.43955179,29.47698195,15510000,451208256.0
20250521140000000,29.47698195,29.57673485,29.18769854,29.27747615,10810100,318327360.0
20250521143000000,29.27747615,29.28745144,29.07797035,29.1278468,3972100,116066048.0
20250521150000000,29.1278468,29.50690782,29.11787151,29.40715492,10853700,319505920.0
20250522100000000,29.30740202,30.0256229,29.17772325,29.67648775,19364400,575417080.0
20250522103000000,29.67648775,29.67648775,29.3273526,29.45703137,6113400,180634252.0
20250522110000000,29.45703137,29.55678427,29.18769854,29.28745144,4283500,126063993.0
20250522113000000,29.31737731,29.61663601,29.25752557,29.51688311,6893400,203583739.0
20250522133000000,29.49693253,29.49693253,29.17772325,29.17772325,3451000,101394056.0
20250522140000000,29.18769854,29.20764912,29.00814332,29.09792093,4798300,140110848.0
20250522143000000,29.10789622,29.10789622,28.86848926,29.05801977,6100900,177325568.0
20250522150000000,29.07797035,29.11787151,28.96824216,29.04804448,5058500,147292800.0
20250523100000000,29.0280939,29.0280939,28.47945295,28.70888462,12588200,362465312.0
20250523103000000,28.69890933,29.20764912,28.54927998,28.87846455,6189000,178949092.0
20250523110000000,28.87846455,28.928341,28.63905759,28.80863752,4310900,124109823.0
20250523113000000,28.79866223,28.81861281,28.6290823,28.64903288,2717600,78185084.0
20250523133000000,28.64903288,28.64903288,28.45950237,28.54927998,4120400,117912067.0
20250523140000000,28.54927998,28.54927998,28.43955179,28.44952708,2579000,73634496.0
20250523143000000,28.43955179,28.44952708,28.21012012,28.2300707,7720100,219009086.0
20250523150000000,28.22009541,28.44952708,28.08044135,28.4295765,9073700,257305983.0
20250526100000000,27.7313062,28.30987302,27.48192395,28.1303178,15189700,424235360.0
20250526103000000,28.14029309,28.49940353,28.14029309,28.46947766,5051700,143782498.0
20250526110000000,28.46947766,28.49940353,28.26997186,28.26997186,2943300,83793338.0
20250526113000000,28.27994715,28.45950237,28.10039193,28.14029309,2590500,73401032.0
20250526133000000,28.14029309,28.24004599,28.0305649,28.2300707,2393300,67452732.0
20250526140000000,28.22009541,28.4295765,28.18019425,28.37970005,1871700,53083520.0
20250526143000000,28.36972476,28.38967534,28.14029309,28.20014483,2675700,75715452.0
20250526150000000,28.21012012,28.33979889,28.20014483,28.25999657,4009700,113630717.0
20250527100000000,28.26,28.38,27.94,28.15,7648200,215257360.0
20250527103000000,28.14,28.26,27.98,28.02,3721300,104530224.0
20250527110000000,28.02,28.15,27.97,28.01,2349400,65879968.0
20250527113000000,28.01,28.05,27.86,27.87,3253000,90907680.0
20250527133000000,27.9,28.32,27.9,27.96,4342100,122001346.0
20250527140000000,27.98,28.0,27.84,27.94,2698800,75314294.0
20250527143000000,27.95,28.14,27.82,28.06,3911500,109532098.0
20250527150000000,28.06,28.2,27.97,28.18,4114000,115633922.0
20250528100000000,28.17,28.84,28.15,28.6,13326400,380777088.0
20250528103000000,28.6,28.6,28.27,28.31,4581200,130079840.0
20250528110000000,28.3,28.38,28.24,28.34,2719800,76994022.0
20250528113000000,28.34,28.48,28.26,28.29,1550200,43907007.0
20250528133000000,28.3,28.3,28.09,28.11,3001800,84569978.0
20250528140000000,28.12,28.14,27.91,27.95,2949900,82570241.0
20250528143000000,27.95,28.17,27.9,28.01,2438200,68316224.0
20250528150000000,28.0,28.03,27.9,27.92,3502900,97867648.0
20250529100000000,28.3,29.06,28.3,29.05,23189600,666091832.0
20250529103000000,29.04,29.08,28.82,28.92,8252700,238967238.0
20250529110000000,28.91,29.01,28.87,28.91,4016100,116308105.0
20250529113000000,28.92,28.93,28.6,28.71,3329200,95661937.0
20250529133000000,28.71,28.74,28.43,28.48,4426200,126295304.0
20250529140000000,28.47,28.52,28.38,28.39,3171200,90213120.0
20250529143000000,28.39,28.7,28.3,28.62,4108400,117028864.0
20250529150000000,28.62,28.9,28.55,28.7,8558800,245914616.0
20250530100000000,28.4,28.46,27.7,27.8,16428500,458944128.0
20250530103000000,27.82,27.99,27.6,27.64,6715700,186322044.0
20250530110000000,27.64,27.65,27.39,27.43,5674500,156219652.0
20250530113000000,27.43,27.78,27.38,27.75,3448100,94903356.0
20250530133000000,27.77,28.26,27.71,28.07,4881000,136622084.0
20250530140000000,28.06,28.32,28.06,28.16,3319200,93733952.0
20250530143000000,28.15,28.22,28.09,28.17,1436300,40427776.0
20250530150000000,28.17,28.27,28.05,28.16,3666100,103299200.0
20250603100000000,27.75,28.29,27.68,28.21,10880000,305351072.0
20250603103000000,28.2,28.62,28.13,28.43,8782300,249953624.0
20250603110000000,28.44,28.5,28.37,28.46,2676500,76096782.0
20250603113000000,28.47,28.76,28.46,28.68,4786300,137020730.0
20250603133000000,28.68,28.68,28.46,28.49,2988800,85403449.0
20250603140000000,28.49,28.6,28.45,28.55,2649800,75556741.0
20250603143000000,28.55,28.62,28.54,28.59,1779000,50840836.0
20250603150000000,28.58,28.59,28.42,28.45,3337700,95056770.0
20250604100000000,28.6,29.28,28.6,28.96,14756800,428258240.0
20250604103000000,28.98,29.28,28.96,29.22,6693200,194868486.0
20250604110000000,29.22,29.23,29.0,29.1,3443200,100312122.0
20250604113000000,29.09,29.54,29.08,29.37,8514600,249747388.0
20250604133000000,29.38,30.33,29.25,30.07,23318400,699041988.0
20250604140000000,30.07,30.13,29.96,29.99,4790100,143858688.0
20250604143000000,29.99,30.01,29.92,29.99,3698700,110879232.0
20250604150000000,29.99,30.0,29.81,29.9,6196100,185067648.0
20250605100000000,30.28,30.35,29.58,30.24,16921500,507703296.0
20250605103000000,30.22,30.3,30.08,30.23,5107800,154337149.0
20250605110000000,30.24,30.57,30.15,30.55,7459900,226347523.0
20250605113000000,30.55,30.96,30.36,30.92,7905900,242472448.0
20250605133000000,30.91,31.24,30.63,31.12,11980800,371304320.0
20250605140000000,31.12,31.41,31.06,31.12,11128900,347447552.0
20250605143000000,31.16,31.25,30.9,30.95,6927300,215206400.0
20250605150000000,30.98,31.26,30.95,31.1,7982300,248529152.0
20250606100000000,30.95,31.27,30.7,30.9,9363100,289713024.0
20250606103000000,30.9,31.01,30.71,30.77,5158700,158951104.0
20250606110000000,30.79,31.27,30.7,31.09,4029000,124871238.0
20250606113000000,31.1,31.19,30.95,31.07,2596300,80685374.0
20250606133000000,31.05,31.3,31.01,31.1,6308000,196905918.0
20250606140000000,31.11,31.2,31.09,31.14,2587200,80560004.0
20250606143000000,31.14,31.2,31.08,31.18,3103500,96638590.0
20250606150000000,31.17,31.17,31.08,31.14,4587000,142805248.0
20250609100000000,31.33,31.86,31.05,31.68,21076900,664981312.0
20250609103000000,31.69,31.88,31.6,31.66,6467600,205241350.0
20250609110000000,31.68,32.0,31.68,32.0,5728300,182522234.0
20250609113000000,32.02,32.15,31.86,32.07,5117400,163796032.0
20250609133000000,32.02,32.21,31.95,31.98,7062200,226795648.0
20250609140000000,31.98,31.98,31.7,31.74,4829300,153825542.0
20250609143000000,31.75,31.8,31.6,31.78,3882400,123094654.0
20250609150000000,31.78,31.81,31.68,31.8,5158600,163806968.0
20250610100000000,31.85,31.99,31.17,31.57,14475600,457038432.0
20250610103000000,31.57,31.9,31.52,31.59,4705700,149160416.0
20250610110000000,31.59,32.05,31.43,31.88,6087500,193317447.0
20250610113000000,31.9,32.1,31.78,31.8,3595700,114764925.0
20250610133000000,31.8,31.88,31.0,31.05,8612900,270286716.0
20250610140000000,31.05,31.49,31.03,31.25,5781600,180981376.0
20250610143000000,31.24,31.38,31.18,31.37,3992400,124802816.0
20250610150000000,31.37,31.37,31.21,31.23,5955400,186169088.0
20250611100000000,31.3,32.25,31.1,31.85,17259400,547371840.0
20250611103000000,31.85,31.97,31.74,31.86,4445200,141641984.0
20250611110000000,31.86,31.86,31.31,31.31,4300500,135445184.0
20250611113000000,31.32,31.78,31.3,31.66,2319800,73059335.0
20250611133000000,31.63,31.86,31.38,31.41,3545200,111994623.0
20250611140000000,31.45,31.75,31.39,31.58,2897600,91272562.0
20250611143000000,31.57,31.61,31.4,31.46,2185500,68833155.0
20250611150000000,31.46,31.5,31.32,31.35,5533100,173651845.0
20250612100000000,31.27,31.89,31.15,31.87,11286500,355338496.0
20250612103000000,31.89,32.25,31.74,31.83,9862400,315350969.0
20250612110000000,31.83,32.06,31.71,32.02,4329000,137904078.0
20250612113000000,32.04,32.07,31.75,31.95,2929100,93431295.0
20250612133000000,31.96,32.35,31.96,32.15,8571100,275625978.0
20250612140000000,32.15,32.17,31.99,32.04,3825800,122700416.0
20250612143000000,32.02,32.11,31.87,31.94,3868500,123681154.0
20250612150000000,31.94,32.01,31.76,31.97,6574500,209959158.0
20250613100000000,32.15,32.55,31.5,31.88,15553000,498903808.0
20250613103000000,31.88,32.12,31.88,31.91,5725900,183126721.0
20250613110000000,31.9,32.08,31.7,31.74,5219700,166425153.0
20250613113000000,31.76,31.98,31.7,31.79,3293000,104790145.0
20250613133000000,31.78,31.78,31.41,31.53,7934100,250472957.0
20250613140000000,31.53,31.78,31.52,31.69,4811300,152262658.0
20250613143000000,31.73,31.81,31.51,31.56,6133000,194109054.0
20250613150000000,31.56,31.61,31.45,31.45,10456800,329505280.0
20250616100000000,31.15,34.6,31.15,34.6,130744100,4362349056.0
20250616103000000,34.6,34.6,34.6,34.6,6366400,220274688.0
20250616110000000,34.6,34.6,34.6,34.6,2205100,76298240.0
20250616113000000,34.6,34.6,33.52,33.66,36170200,1231196160.0
20250616133000000,33.64,34.21,33.45,33.89,15285700,516478464.0
20250616140000000,33.9,34.6,33.82,34.55,23620600,812948480.0
20250616143000000,34.58,34.6,34.53,34.59,11874100,410612224.0
20250616150000000,34.58,34.6,34.49,34.6,14723100,509167104.0
20250617100000000,34.98,35.21,34.43,34.55,39900500,1390155264.0
20250617103000000,34.56,34.87,34.46,34.63,9760700,338477567.0
20250617110000000,34.66,34.87,34.57,34.64,8928000,309550981.0
20250617113000000,34.63,34.71,34.46,34.47,4471600,154626684.0
20250617133000000,34.47,34.72,34.35,34.69,6626200,229096184.0
20250617140000000,34.67,34.8,34.56,34.62,4576800,158686220.0
20250617143000000,34.63,34.95,34.58,34.67,6725900,233556214.0
20250617150000000,34.67,34.88,34.64,34.83,8011100,278579462.0
20250618100000000,34.79,35.93,34.67,35.29,25373600,895076610.0
20250618103000000,35.25,35.61,35.09,35.5,12631300,447113849.0
20250618110000000,35.46,35.64,35.16,35.51,6656200,235485058.0
20250618113000000,35.48,35.76,35.33,35.64,11072500,394341123.0
20250618133000000,35.62,36.32,35.6,36.06,20470400,736463872.0
20250618140000000,36.1,37.06,36.09,36.44,27922600,1021601280.0
20250618143000000,36.45,37.0,36.37,36.58,10442000,382862080.0
20250618150000000,36.6,36.74,36.41,36.62,10591700,387448576.0
20250619100000000,37.36,38.33,37.2,37.55,49267800,1856618496.0
20250619103000000,37.56,37.82,37.27,37.4,9723400,364493568.0
20250619110000000,37.4,37.6,37.13,37.28,8261200,308798976.0
20250619113000000,37.28,37.44,37.04,37.16,8183700,304536320.0
20250619133000000,37.13,37.5,36.99,37.41,10003200,372222208.0
20250619140000000,37.4,37.46,37.12,37.16,3713800,138591232.0
20250619143000000,37.17,37.19,36.88,37.11,12007400,444542976.0
20250619150000000,37.1,37.13,36.93,37.09,13002700,481369600.0
20250620100000000,36.89,37.4,36.03,36.44,27345300,999505536.0
20250620103000000,36.41,37.0,36.25,36.45,10066500,368240128.0
20250620110000000,36.45,36.65,36.23,36.28,5461400,198911620.0
20250620113000000,36.28,36.32,35.89,36.25,8220000,296590204.0
20250620133000000,36.25,36.94,36.0,36.66,8526900,311030399.0
20250620140000000,36.63,36.84,36.52,36.66,5063100,185728257.0
20250620143000000,36.65,36.67,36.38,36.49,4564300,166505976.0
20250620150000000,36.44,36.5,36.19,36.3,14154400,513850888.0
20250623100000000,35.98,37.48,35.98,36.5,33871900,1252288640.0
20250623103000000,36.52,36.7,36.24,36.39,6486100,236581760.0
20250623110000000,36.39,36.71,36.0,36.01,5350100,194383360.0
20250623113000000,36.01,36.59,35.8,36.54,7739400,279472128.0
20250623133000000,36.53,36.66,36.12,36.47,3289600,119809664.0
20250623140000000,36.48,36.73,36.39,36.58,3313400,121185152.0
20250623143000000,36.57,37.01,36.57,36.95,5131600,189057792.0
20250623150000000,36.94,37.07,36.83,36.98,8376300,309324544.0
20250624100000000,36.85,37.68,36.74,36.86,14866400,552447494.0
20250624103000000,36.87,36.9,36.46,36.47,8984300,329697146.0
20250624110000000,36.48,36.63,36.09,36.2,10043100,364717440.0
20250624113000000,36.2,36.34,36.03,36.19,5514800,199650816.0
20250624133000000,36.19,36.64,36.0,36.24,7724300,280595840.0
20250624140000000,36.28,36.39,36.01,36.22,5530000,200067840.0
20250624143000000,36.22,36.8,36.14,36.58,5652100,206009088.0
20250624150000000,36.59,36.6,36.33,36.39,7280800,265210496.0
20250625100000000,36.71,37.48,36.71,36.83,24107900,893897148.0
20250625103000000,36.85,36.89,36.33,36.33,7778700,284867140.0
20250625110000000,36.38,36.91,36.36,36.53,5287800,193889152.0
20250625113000000,36.54,36.55,36.34,36.43,3836600,139704320.0
20250625133000000,36.43,36.43,36.1,36.12,5559700,201270016.0
20250625140000000,36.12,36.22,35.93,36.11,5247700,189292288.0
20250625143000000,36.11,36.42,36.03,36.34,4735500,171621888.0
20250625150000000,36.32,36.5,36.22,36.45,7372100,268340864.0
20250626100000000,36.8,38.19,36.4,37.87,37638400,1406227584.0
20250626103000000,37.9,37.92,36.81,36.95,11114400,415713152.0
20250626110000000,36.94,37.2,36.69,37.15,6233700,229778180.0
20250626113000000,37.23,37.25,36.72,36.81,5324600,196903420.0
20250626133000000,36.81,37.66,36.72,37.31,10087100,377079800.0
20250626140000000,37.31,37.34,36.88,37.09,4017100,148888840.0
20250626143000000,37.07,37.1,36.93,36.99,3029700,112156928.0
20250626150000000,36.99,36.99,36.86,36.93,5418400,200036608.0
20250627100000000,36.56,36.57,35.37,36.09,30166300,1084818176.0
20250627103000000,36.06,37.1,36.02,37.05,13514700,492814208.0
20250627110000000,37.06,37.55,36.82,37.3,10902000,406033152.0
20250627113000000,37.28,38.6,37.23,38.5,18274700,692789376.0
20250627133000000,38.39,38.41,37.92,38.07,11828300,451100672.0
20250627140000000,38.06,38.15,37.7,37.77,5985400,227164672.0
20250627143000000,37.75,37.89,37.51,37.58,4345700,163830016.0
20250627150000000,37.69,37.7,37.51,37.58,5975900,224541696.0
20250630100000000,37.5,37.84,37.07,37.3,21365300,798900164.0
20250630103000000,37.28,38.15,37.11,37.49,17473700,660996149.0
20250630110000000,37.51,37.58,37.23,37.33,7662600,286702857.0
20250630113000000,37.33,37.7,37.15,37.56,4655600,174129279.0
20250630133000000,37.56,37.85,37.47,37.6,7036100,265192575.0
20250630140000000,37.6,37.67,37.1,37.51,9920300,370670332.0
20250630143000000,37.53,37.63,37.36,37.61,8034400,301354756.0
20250630150000000,37.62,37.82,37.56,37.77,8485100,320171264.0
20250701100000000,37.4,39.18,37.4,38.79,29285600,1128127360.0
20250701103000000,38.7,38.74,38.17,38.59,8856300,340894976.0
20250701110000000,38.65,38.82,38.42,38.75,4623100,178614272.0
20250701113000000,38.75,39.39,38.54,39.24,10243000,398751872.0
20250701133000000,39.3,41.55,39.28,41.43,48047500,1963074560.0
20250701140000000,41.43,41.55,40.84,41.31,11171100,461123840.0
20250701143000000,41.31,41.55,41.17,41.51,10642500,441482752.0
20250701150000000,41.5,41.55,41.39,41.55,7731400,320953344.0
20250702100000000,40.25,40.34,39.1,39.49,49087300,1936522112.0
20250702103000000,39.52,39.89,39.3,39.4,13888800,549326982.0
20250702110000000,39.39,39.66,39.13,39.13,7017000,276467450.0
20250702113000000,39.13,39.27,38.75,39.18,14186500,553281024.0
20250702133000000,39.1,39.42,38.55,39.39,14434300,562474751.0
20250702140000000,39.38,39.81,39.27,39.67,11717000,464415233.0
20250702143000000,39.64,39.9,39.42,39.69,6339800,251803136.0
20250702150000000,39.68,39.79,39.5,39.6,7971400,315843584.0
20250703100000000,40.34,40.44,39.16,39.41,22975500,913231484.0
20250703103000000,39.4,39.73,39.2,39.65,10636500,419621380.0
20250703110000000,39.59,39.99,39.37,39.86,10145200,403056388.0
20250703113000000,39.87,40.35,39.75,40.04,10947100,439421308.0
20250703133000000,40.17,43.43,40.05,43.28,36295900,1515993088.0
20250703140000000,43.26,43.55,42.97,43.53,22959100,995148544.0
20250703143000000,43.54,43.55,43.0,43.21,11582400,501712896.0
20250703150000000,43.22,43.48,43.0,43.3,13895800,600470528.0
20250704100000000,44.81,44.81,42.44,42.75,40644700,1761288960.0
20250704103000000,42.81,43.19,42.61,43.12,9550300,409189376.0
20250704110000000,43.12,43.15,42.28,42.41,8614800,367825920.0
20250704113000000,42.4,43.09,42.32,42.88,7626500,324926471.0
20250704133000000,43.0,43.34,42.75,43.06,8771200,377309689.0
20250704140000000,43.03,43.29,42.35,42.61,8873500,378418944.0
20250704143000000,42.6,42.61,42.2,42.33,9200200,389691648.0
20250704150000000,42.3,42.74,42.12,42.6,10909900,462415104.0
20250707100000000,41.99,42.37,40.8,40.96,25712600,1070613312.0
20250707103000000,40.95,41.54,40.73,41.38,11117400,457167165.0
20250707110000000,41.42,41.47,40.8,41.14,8972400,368410883.0
20250707113000000,41.14,41.33,40.86,40.96,8327600,341810816.0
20250707133000000,41.05,41.27,40.8,41.07,5514800,226157568.0
20250707140000000,41.08,41.14,40.8,40.84,4352700,178116864.0
20250707143000000,40.84,40.85,40.38,40.6,9246300,374810624.0
20250707150000000,40.6,40.75,40.4,40.46,9343400,378537984.0
20250708100000000,40.26,42.37,40.19,41.87,28950700,1197875840.0
20250708103000000,41.82,41.96,41.41,41.91,12968300,540858624.0
20250708110000000,41.91,41.95,41.4,41.65,5975100,249160312.0
20250708113000000,41.65,41.91,41.36,41.68,4895200,203907336.0
20250708133000000,41.7,43.68,41.7,43.41,20349400,871145472.0
20250708140000000,43.41,44.35,43.26,44.06,15036600,659294720.0
20250708143000000,44.04,44.08,43.65,43.87,7079700,310787584.0
20250708150000000,43.87,44.1,43.36,43.45,11222100,489604864.0
20250709100000000,44.44,46.59,44.13,45.67,47445400,2171803136.0
20250709103000000,45.67,47.08,45.55,46.6,15048800,698108928.0
20250709110000000,46.65,46.85,46.27,46.28,7749600,360417536.0
20250709113000000,46.28,46.88,46.0,46.88,11173800,516828160.0
20250709133000000,46.88,47.2,46.43,46.85,16271800,762458880.0
20250709140000000,46.66,46.98,45.95,46.44,10481000,485964800.0
20250709143000000,46.43,46.67,46.12,46.3,6169500,285852664.0
20250709150000000,46.3,46.43,45.99,46.42,10570900,488551432.0
20250710100000000,47.34,47.34,46.22,46.66,20134900,940927751.0
20250710103000000,46.72,47.2,46.19,46.7,9518300,444282865.0
20250710110000000,46.64,46.74,45.66,45.93,9915200,455751560.0
20250710113000000,45.92,46.42,45.84,46.38,4310500,198620032.0
20250710133000000,46.41,46.78,45.75,46.6,6110100,283419394.0
20250710140000000,46.65,47.02,46.38,46.8,5659300,264226046.0
20250710143000000,46.81,46.88,46.2,46.24,3337200,154907136.0
20250710150000000,46.22,46.5,46.17,46.5,6251700,289682176.0
20250711100000000,46.31,46.31,44.51,44.64,19434900,878068352.0
20250711103000000,44.64,45.15,44.29,44.88,11421400,510575492.0
20250711110000000,44.88,44.88,44.38,44.62,5103300,227327996.0
20250711113000000,44.66,44.77,44.45,44.67,2988000,133163392.0
20250711133000000,44.64,44.64,43.9,44.38,11367600,502362496.0
20250711140000000,44.4,45.16,44.26,44.37,7774000,347469568.0
20250711143000000,44.36,44.65,44.28,44.56,4805600,213575936.0
20250711150000000,44.58,44.69,44.36,44.42,8586100,382027776.0
20250714100000000,45.92,47.44,45.46,46.7,34913900,1621129856.0
20250714103000000,46.82,46.98,46.4,46.72,7238600,338208000.0
20250714110000000,46.73,46.99,46.5,46.58,3274500,152941954.0
20250714113000000,46.58,46.7,46.43,46.57,1982700,92261114.0
20250714133000000,46.58,47.58,46.41,47.58,9178500,432773124.0
20250714140000000,47.58,47.8,47.26,47.38,4951100,235480320.0
20250714143000000,47.36,47.56,47.29,47.38,3618000,171568896.0
20250714150000000,47.38,47.38,47.08,47.2,5359100,253118208.0
20250715100000000,47.9,51.06,47.9,51.06,42129600,2083873280.0
20250715103000000,51.0,51.56,50.58,51.0,16224600,830096896.0
20250715110000000,50.98,51.18,50.65,51.12,5567300,284043520.0
20250715113000000,51.13,51.28,50.52,50.7,4694800,238876928.0
20250715133000000,50.68,51.18,50.6,50.89,3749100,191098624.0
20250715140000000,50.89,51.29,50.79,51.29,3902500,199396352.0
20250715143000000,51.29,51.86,51.1,51.59,7488700,386165760.0
20250715150000000,51.59,51.9,51.44,51.78,7117800,367781632.0
20250716100000000,51.48,52.2,51.07,51.32,18211100,937465212.0
20250716103000000,51.33,51.74,50.9,51.0,9827000,503093892.0
20250716110000000,51.04,51.12,50.75,51.12,5567700,283460864.0
20250716113000000,51.12,51.2,50.88,50.99,4173200,212860672.0
20250716133000000,51.0,51.25,50.9,50.94,5397600,275313408.0
20250716140000000,50.94,51.0,50.78,50.95,3823800,194601984.0
20250716143000000,50.95,50.98,50.72,50.77,5202500,264527872.0
20250716150000000,50.77,50.8,50.28,50.28,9314300,470274048.0
20250717100000000,52.6,55.2,52.6,54.51,39779600,2153655040.0
20250717103000000,54.55,55.31,54.44,55.31,23245900,1282960384.0
20250717110000000,55.31,55.31,55.28,55.31,3187200,176279552.0
20250717113000000,55.31,55.31,55.31,55.31,637300,35249664.0
20250717133000000,55.31,55.31,55.31,55.31,383600,21216768.0
20250717140000000,55.31,55.31,55.31,55.31,220800,12212480.0
20250717143000000,55.31,55.31,55.31,55.31,2330800,128916480.0
20250717150000000,55.31,55.31,55.31,55.31,710200,39283968.0
20250718100000000,58.0,58.44,56.72,56.91,39036600,2247585536.0
20250718103000000,56.88,57.35,56.5,56.81,14423800,819535360.0
20250718110000000,56.81,56.81,55.81,55.9,10211300,574020864.0
20250718113000000,55.91,55.98,54.91,54.96,12289700,679702016.0
20250718133000000,54.98,55.34,54.3,54.62,10466300,571855872.0
20250718140000000,54.64,54.64,53.33,53.67,13946300,749641216.0
20250718143000000,53.68,55.0,53.63,54.38,11321100,615437312.0
20250718150000000,54.38,54.6,53.99,54.21,11941000,647332352.0
20250721100000000,54.59,55.78,53.71,54.33,27086100,1483256574.0
20250721103000000,54.35,54.7,53.5,53.5,10722700,579951106.0
20250721110000000,53.51,54.35,53.5,53.85,8111000,436561920.0
20250721113000000,53.85,53.96,53.0,53.54,11679900,624059136.0
20250721133000000,53.53,55.14,53.51,54.4,14966300,813629696.0
20250721140000000,54.41,55.39,54.16,54.87,10536000,578061056.0
20250721143000000,54.92,55.24,54.64,55.2,7355200,404323840.0
20250721150000000,55.17,55.36,54.82,54.97,10285900,566498816.0
20250722100000000,55.5,58.49,55.37,57.75,40566100,2303646720.0
20250722103000000,57.66,57.99,55.44,55.71,15560200,875001088.0
20250722110000000,55.72,55.72,54.86,55.64,8115300,447864832.0
20250722113000000,55.64,55.64,54.91,55.37,4019400,221851136.0
20250722133000000,55.39,55.39,54.53,54.66,5754700,315683328.0
20250722140000000,54.66,54.75,53.8,53.8,10809400,585352448.0
20250722143000000,53.79,54.45,53.79,54.36,5656700,306577408.0
20250722150000000,54.4,54.61,54.0,54.31,8113800,440540160.0
20250723100000000,53.13,54.01,52.45,53.4,29856900,1584240256.0
20250723103000000,53.45,54.0,53.0,53.65,7816000,418115200.0
20250723110000000,53.64,53.93,53.34,53.53,4204000,225396480.0
20250723113000000,53.52,53.67,53.26,53.33,2934600,156859644.0
20250723133000000,53.31,53.53,52.81,53.19,6571600,349322756.0
20250723140000000,53.21,53.57,52.99,53.43,3431700,182912256.0
20250723143000000,53.43,53.6,53.2,53.49,4394600,234784512.0
20250723150000000,53.55,53.87,53.4,53.59,7745600,416014080.0
20250724100000000,54.8,54.8,53.38,53.87,20691400,1119703552.0
20250724103000000,53.97,54.1,52.92,53.16,9028800,481919232.0
20250724110000000,53.16,53.19,52.63,52.78,6416000,339084160.0
20250724113000000,52.8,52.8,51.97,52.02,14189200,741087872.0
20250724133000000,52.03,53.51,52.03,52.96,10844600,571962112.0
20250724140000000,52.93,53.08,52.54,52.91,5387600,284721152.0
20250724143000000,52.92,53.5,52.77,53.38,4750900,252658688.0
20250724150000000,53.38,53.6,53.21,53.5,7250800,387269376.0
20250725100000000,53.9,53.9,52.4,52.94,14462300,763690110.0
20250725103000000,52.94,53.34,52.6,53.14,5166000,273652162.0
20250725110000000,53.17,53.25,52.6,52.6,4092200,216538950.0
20250725113000000,52.59,53.5,52.59,53.29,4838600,257310458.0
20250725133000000,53.2,53.27,52.92,53.01,3053800,162003972.0
20250725140000000,53.05,53.5,53.0,53.48,3066400,163451900.0
20250725143000000,53.5,53.5,52.96,53.12,4252900,225815544.0
20250725150000000,53.11,53.19,53.0,53.03,5168700,274389897.0
20250728100000000,54.1,54.73,51.39,52.8,47196100,2509723136.0
20250728103000000,52.87,53.0,51.86,52.74,21645800,1133568000.0
20250728110000000,52.73,53.92,52.36,53.1,20405000,1085064704.0
20250728113000000,53.11,53.56,52.74,52.91,10074200,535558656.0
20250728133000000,52.84,54.16,52.1,53.95,24319600,1287893504.0
20250728140000000,53.97,55.97,53.7,54.88,30647800,1688184832.0
20250728143000000,54.89,55.05,54.33,54.75,9753700,533422080.0
20250728150000000,54.76,55.13,54.41,54.43,10807400,591220736.0
20250729100000000,54.7,56.58,54.7,55.58,37259600,2078415610.0
20250729103000000,55.59,55.76,54.86,55.66,10068800,555980035.0
20250729110000000,55.67,56.8,55.13,56.52,10704600,600495363.0
20250729113000000,56.52,57.56,56.2,56.81,10055600,573073152.0
20250729133000000,56.81,56.88,55.88,56.23,7822600,440024576.0
20250729140000000,56.19,56.45,55.71,55.94,4835700,270858244.0
20250729143000000,55.99,57.33,55.99,57.28,8229800,468329980.0
20250729150000000,57.3,57.38,56.66,57.38,9333900,533093888.0
20250730100000000,58.03,58.71,56.81,56.95,27655500,1599418752.0
20250730103000000,56.96,56.96,55.7,56.48,12971900,730227328.0
20250730110000000,56.54,57.06,56.29,56.9,6116200,346693632.0
20250730113000000,56.92,57.77,56.77,57.45,5299200,303874048.0
20250730133000000,57.41,57.45,56.23,56.41,5877500,334343680.0
20250730140000000,56.43,56.85,56.3,56.56,5377800,303595264.0
20250730143000000,56.51,57.22,56.03,57.22,5757000,325399813.0
20250730150000000,57.24,57.28,56.62,56.71,7283700,414068219.0
20250731100000000,60.01,60.29,58.69,59.73,38380700,2292689664.0
20250731103000000,59.75,59.97,58.77,58.79,10024400,595063808.0
20250731110000000,58.82,59.75,58.14,59.67,6636000,390166784.0
20250731113000000,59.67,59.69,58.92,59.34,3553600,210805760.0
20250731133000000,59.37,61.42,58.54,59.46,16460500,984584190.0
20250731140000000,59.46,60.15,58.9,59.29,5340800,318229506.0
20250731143000000,59.28,59.35,58.5,58.56,6191100,364129280.0
20250731150000000,58.57,58.65,58.29,58.49,8760600,511622144.0
20250801100000000,57.19,58.2,56.39,57.02,18050800,1033530758.0
20250801103000000,57.01,57.45,56.54,56.83,6853100,390586234.0
20250801110000000,56.84,57.2,56.11,56.13,7225700,408723712.0
20250801113000000,56.19,56.3,55.6,55.64,6873400,384886016.0
20250801133000000,55.65,55.85,54.66,54.74,13313100,735014656.0
20250801140000000,54.75,55.75,54.2,55.63,14046000,770228224.0
20250801143000000,55.66,55.66,54.87,54.98,5850300,322902528.0
20250801150000000,54.97,55.28,54.8,55.12,6772000,372707328.0
20250804100000000,53.85,54.0,52.91,53.83,19578900,1047697858.0
20250804103000000,53.78,53.81,52.51,52.63,12207600,648409662.0
20250804110000000,52.62,53.04,52.55,52.56,8539700,450562432.0
20250804113000000,52.56,53.15,52.55,52.65,6680100,352114048.0
20250804133000000,52.62,53.1,52.62,52.83,6334800,335174400.0
20250804140000000,52.82,52.86,52.54,52.61,3976200,209371648.0
20250804143000000,52.6,53.19,52.44,53.16,7554500,398272768.0
20250804150000000,53.21,53.53,53.21,53.31,6844400,365469696.0
20250805100000000,54.1,54.2,51.57,51.9,22276700,1173308416.0
20250805103000000,51.87,52.59,51.67,51.99,8684100,452486144.0
20250805110000000,51.92,52.2,51.67,51.7,4469400,231837312.0
20250805113000000,51.71,51.85,51.19,51.32,6880100,353911424.0
20250805133000000,51.28,52.4,51.28,52.4,8095700,420844028.0
20250805140000000,52.4,52.73,52.27,52.46,7040000,369781508.0
20250805143000000,52.48,52.8,52.21,52.3,5747100,301378298.0
20250805150000000,52.32,52.54,52.26,52.44,6299200,330018054.0
20250806100000000,52.18,53.97,51.47,52.99,21170800,1124330112.0
20250806103000000,52.95,53.04,51.95,51.98,7726400,405482752.0
20250806110000000,51.95,52.41,51.8,52.21,4113700,214036480.0
20250806113000000,52.21,52.29,52.1,52.11,2299300,119981440.0
20250806133000000,52.15,52.48,52.05,52.07,4226100,220803456.0
20250806140000000,52.07,52.37,52.0,52.11,3691600,192451200.0
20250806143000000,52.11,52.21,51.9,52.04,3680800,191470592.0
20250806150000000,52.05,52.06,51.88,51.99,5792700,301051392.0
20250807100000000,52.27,54.05,52.27,52.63,25618600,1368012032.0
20250807103000000,52.55,52.55,51.26,51.48,9897700,512518272.0
20250807110000000,51.45,51.62,51.04,51.04,5951400,305526912.0
20250807113000000,51.07,51.43,50.68,51.37,8165700,415933952.0
20250807133000000,51.32,52.35,51.1,51.94,5877200,304202240.0
20250807140000000,51.84,52.11,51.61,52.03,2700400,140239104.0
20250807143000000,52.03,52.87,51.98,52.22,7170400,376212736.0
20250807150000000,52.22,52.4,52.15,52.24,4074300,212893176.0
20250808100000000,51.3,52.15,51.21,51.99,10386100,537032704.0
20250808103000000,52.0,52.75,51.68,52.35,5810600,303510272.0
20250808110000000,52.34,52.99,52.29,52.76,6205100,327044864.0
20250808113000000,52.77,53.43,52.61,52.76,6624900,351650048.0
20250808133000000,52.77,52.86,52.32,52.41,3451400,181215610.0
20250808140000000,52.44,52.74,52.17,52.36,3318700,173952394.0
20250808143000000,52.36,52.44,52.04,52.12,4159400,217217532.0
20250808150000000,52.12,52.36,52.12,52.3,3399300,177748226.0
20250811100000000,52.5,54.75,52.3,53.92,22739700,1224771576.0
20250811103000000,54.01,54.25,53.56,53.81,10501300,565961728.0
20250811110000000,53.74,54.2,53.73,53.97,6481700,349840390.0
20250811113000000,53.98,55.38,53.9,55.1,11089800,607769346.0
20250811133000000,55.21,57.22,55.2,55.96,19644400,1109587968.0
20250811140000000,55.93,56.7,55.75,55.96,6502400,366044928.0
20250811143000000,55.96,56.08,55.69,55.79,4702700,262714368.0
20250811150000000,55.78,55.78,55.25,55.64,6373400,353618432.0
20250812100000000,55.92,57.41,55.92,57.37,23566300,1335893504.0
20250812103000000,57.36,57.75,56.8,56.88,13436000,770824576.0
20250812110000000,56.87,56.91,55.13,55.69,11627700,649895552.0
20250812113000000,55.65,56.9,55.65,56.81,5763200,324779776.0
20250812133000000,56.83,56.83,56.01,56.41,4709800,265199618.0
20250812140000000,56.4,56.73,56.18,56.23,3928100,221653758.0
20250812143000000,56.24,56.55,56.18,56.33,5105300,287757824.0
20250812150000000,56.31,56.64,56.23,56.63,5933800,335290110.0
20250813100000000,55.9,56.59,54.14,56.05,21659400,1199441280.0
20250813103000000,56.17,57.8,56.17,57.76,13885900,792455296.0
20250813110000000,57.76,58.9,57.5,57.96,12163700,706460160.0
20250813113000000,57.96,57.96,57.12,57.79,4620400,265730048.0
20250813133000000,57.85,59.73,57.85,59.6,13154300,775151104.0
20250813140000000,59.62,59.62,58.16,58.43,7530700,442642688.0
20250813143000000,58.45,59.62,58.41,59.29,8402200,496639232.0
20250813150000000,59.28,59.55,59.0,59.5,9011400,534364160.0
20250814100000000,58.5,58.5,55.04,55.83,38016700,2148947968.0
20250814103000000,55.9,56.14,54.9,55.05,15521100,858909184.0
20250814110000000,55.06,55.13,53.56,54.74,24709500,1339546624.0
20250814113000000,54.75,54.78,53.98,54.46,7403500,402003456.0
20250814133000000,54.55,55.81,54.49,55.09,8419900,465637376.0
20250814140000000,55.1,55.39,54.74,55.21,4741600,261530112.0
20250814143000000,55.23,55.67,54.65,55.16,5244700,289845760.0
20250814150000000,55.16,55.8,54.8,54.9,5648200,311503872.0
20250815100000000,54.41,54.75,52.87,52.91,20139800,1082398848.0
20250815103000000,52.9,53.08,51.8,52.91,21491200,1129104768.0
20250815110000000,52.92,53.5,52.61,53.3,7154200,378938366.0
20250815113000000,53.3,53.48,52.5,52.7,5189100,274155522.0
20250815133000000,52.7,54.1,52.7,52.92,9552200,510179840.0
20250815140000000,52.91,52.98,52.11,52.28,10142400,533161216.0
20250815143000000,52.31,52.61,52.17,52.31,9325200,488097024.0
20250815150000000,52.31,52.31,52.0,52.12,14011900,730074624.0
20250818100000000,51.71,51.72,48.79,50.26,58695100,2927710714.0
20250818103000000,50.26,51.44,50.13,51.44,14101100,716589318.0
20250818110000000,51.44,52.6,51.4,52.43,10873400,565206784.0
20250818113000000,52.37,52.49,51.76,52.2,6087200,316992000.0
20250818133000000,52.22,53.53,52.21,53.01,12346200,654465536.0
20250818140000000,53.01,54.54,52.99,54.09,14042900,757006336.0
20250818143000000,54.09,54.11,53.53,53.92,7081100,380894720.0
20250818150000000,53.92,54.73,53.92,54.65,12228400,666104320.0
20250819100000000,54.55,54.55,52.74,53.87,26600700,1426275584.0
20250819103000000,53.87,53.87,51.98,52.32,18697600,982762752.0
20250819110000000,52.32,53.24,52.22,53.13,6195000,326481156.0
20250819113000000,53.15,53.45,53.0,53.28,4405000,234474492.0
20250819133000000,53.27,53.28,52.31,52.96,6421100,339318784.0
20250819140000000,52.95,53.0,52.4,52.51,5890700,310439936.0
20250819143000000,52.55,52.85,52.33,52.39,7372700,387831296.0
20250819150000000,52.44,52.91,52.32,52.6,8249400,434187520.0
20250820100000000,50.8,51.38,49.69,50.94,27007500,1361832448.0
20250820103000000,50.93,51.66,50.7,51.42,9364500,479073024.0
20250820110000000,51.44,52.33,51.3,51.79,7488300,388588288.0
20250820113000000,51.79,52.1,51.25,51.6,3639000,188009728.0
20250820133000000,51.58,51.82,51.43,51.77,2770600,143081728.0
20250820140000000,51.8,51.88,51.64,51.84,3130500,162114560.0
20250820143000000,51.84,52.2,51.83,52.2,4720100,245807872.0
20250820150000000,52.2,52.36,52.1,52.3,6075400,317423872.0
20250821100000000,52.26,52.54,50.98,50.98,16625600,859686784.0
20250821103000000,50.97,52.32,50.61,52.07,9583200,492961664.0
20250821110000000,52.08,52.93,51.94,52.68,6655900,349975552.0
20250821113000000,52.69,52.91,52.37,52.61,3520400,185310464.0
20250821133000000,52.64,52.7,52.02,52.12,3368200,176337400.0
20250821140000000,52.13,52.19,51.88,51.95,3145100,163501059.0
20250821143000000,51.9,51.9,51.39,51.6,5192800,267998725.0
20250821150000000,51.6,51.65,51.28,51.46,5087900,261485824.0
20250822100000000,51.05,52.24,51.05,51.58,10237700,528569184.0
20250822103000000,51.55,52.21,51.34,52.21,6716400,347927192.0
20250822110000000,52.23,53.0,52.23,52.83,11146900,587097096.0
20250822113000000,52.82,53.62,52.65,53.22,11857900,630921984.0
20250822133000000,53.29,53.8,53.01,53.72,9438200,503633408.0
20250822140000000,53.72,53.8,52.54,52.54,7845500,417951481.0
20250822143000000,52.59,53.44,52.33,53.4,6920800,366841607.0
20250822150000000,53.42,53.43,53.16,53.26,6657000,355039232.0
20250825100000000,53.47,53.59,52.62,53.3,17500500,928382848.0
20250825103000000,53.28,53.8,53.25,53.65,8432600,451162112.0
20250825110000000,53.65,57.92,53.41,57.92,28973800,1620262016.0
20250825113000000,57.92,58.46,56.5,56.6,23818100,1373604352.0
20250825133000000,56.54,56.95,55.69,56.77,10446200,586153472.0
20250825140000000,56.78,57.5,56.49,56.97,7144900,406871552.0
20250825143000000,56.95,57.9,56.93,57.59,6508600,374111232.0
20250825150000000,57.64,57.82,56.88,57.16,11082300,633681920.0
20250826100000000,57.0,57.17,56.03,56.46,17226700,974870712.0
20250826103000000,56.47,57.99,56.38,57.68,11576200,661549128.0
20250826110000000,57.61,60.1,57.61,58.06,21678900,1276792064.0
20250826113000000,58.05,58.47,57.79,57.97,5202800,301861376.0
20250826133000000,57.99,58.5,57.36,58.48,6953900,401756160.0
20250826140000000,58.47,58.47,57.74,57.83,4939600,286407162.0
20250826143000000,57.83,57.86,57.2,57.45,4189800,240962566.0
20250826150000000,57.45,57.55,56.72,56.8,8600800,489984000.0
20250827100000000,55.5,57.67,55.15,57.6,22262800,1259263744.0
20250827103000000,57.65,58.22,57.11,57.11,9549800,550942712.0
20250827110000000,57.12,57.5,56.91,57.36,4450200,254655240.0
20250827113000000,57.34,58.0,57.34,57.77,4696500,271140864.0
20250827133000000,57.79,58.0,57.29,57.76,5876100,338752512.0
20250827140000000,57.77,58.16,56.74,56.9,8300600,477370880.0
20250827143000000,56.92,57.37,56.0,56.1,6585100,374158336.0
20250827150000000,56.06,56.66,55.18,55.4,12575500,701559552.0
20250828100000000,55.11,58.87,55.11,58.13,30655500,1750560768.0
20250828103000000,58.14,60.68,58.09,60.47,29729600,1765284608.0
20250828110000000,60.52,60.94,60.5,60.94,17895100,1089950976.0
20250828113000000,60.94,60.94,60.42,60.94,21301500,1295904256.0
20250828133000000,60.94,60.94,60.93,60.94,6906000,420850176.0
20250828140000000,60.94,60.94,60.88,60.94,3218100,196107776.0
20250828143000000,60.94,60.94,60.94,60.94,301700,18382336.0
20250828150000000,60.94,60.94,60.94,60.94,475100,28950528.0
20250829100000000,63.84,66.0,63.3,65.39,54368000,3516749312.0
20250829103000000,65.4,66.88,65.34,66.03,13481100,893290496.0
20250829110000000,66.03,66.78,65.74,66.21,6742300,447341568.0
20250829113000000,66.2,66.45,64.6,65.02,8225700,537468416.0
20250829133000000,65.03,66.1,64.7,65.12,9462200,618073600.0
20250829140000000,65.07,65.15,64.41,65.15,7694800,498099712.0
20250829143000000,65.14,65.29,64.66,64.97,7036600,456964096.0
20250829150000000,64.99,66.79,64.84,66.02,9980600,658460160.0
20250901100000000,68.86,69.5,66.02,67.08,38343200,2592350720.0
20250901103000000,67.05,68.12,66.18,66.64,9870800,661915136.0
20250901110000000,66.83,68.04,66.5,67.7,6226700,419173120.0
20250901113000000,67.65,68.6,67.5,67.99,4356100,296394496.0
20250901133000000,68.0,70.25,67.9,70.25,11844600,817889792.0
20250901140000000,70.12,70.36,68.68,69.0,8768700,610602496.0
20250901143000000,69.0,69.29,68.69,69.0,6068200,418457088.0
20250901150000000,69.0,69.07,68.4,68.82,7660400,526629888.0
20250902100000000,70.17,71.0,67.59,69.11,24492900,1695027583.0
20250902103000000,69.11,69.89,68.21,68.35,10085900,695969921.0
20250902110000000,68.31,68.47,66.21,66.43,11146200,751725568.0
20250902113000000,66.2,66.97,65.52,65.52,12099100,802874368.0
20250902133000000,65.48,65.71,63.93,63.93,16405000,1064091648.0
20250902140000000,63.93,66.06,63.9,63.9,13406300,867643904.0
20250902143000000,63.9,63.9,62.44,62.8,15336400,965405696.0
20250902150000000,62.8,63.74,62.75,63.66,8490300,538281472.0
20250903100000000,64.98,64.98,62.13,63.97,17847500,1142240379.0
20250903103000000,63.98,66.24,63.59,65.94,10555300,688023045.0
20250903110000000,65.93,66.2,64.68,65.01,7733900,505304960.0
20250903113000000,65.05,65.31,64.52,64.55,4195200,272463360.0
20250903133000000,64.55,64.77,63.82,64.25,4561300,293091840.0
20250903140000000,64.31,64.45,63.77,64.36,3596700,230276348.0
20250903143000000,64.36,65.77,64.16,65.1,7231600,471271940.0
20250903150000000,65.12,65.39,64.14,64.64,6770600,437500672.0
20250904100000000,64.16,66.1,60.87,60.87,28764400,1823058304.0
20250904103000000,60.86,61.38,58.44,58.54,29398300,1751238528.0
20250904110000000,58.46,58.46,58.18,58.2,9921300,577659648.0
20250904113000000,58.2,58.29,58.18,58.18,4186900,243642880.0
20250904133000000,58.18,58.19,58.18,58.18,3516200,204576768.0
20250904140000000,58.18,58.18,58.18,58.18,1486700,86496256.0
20250904143000000,58.18,58.19,58.18,58.18,2227600,129602048.0
20250904150000000,58.18,58.18,58.18,58.18,913700,53158912.0
20250905100000000,57.98,59.15,56.67,58.71,27813900,1612731136.0
20250905103000000,58.63,60.52,58.45,60.23,10783000,638894592.0
20250905110000000,60.15,62.29,60.0,61.36,14977600,913412096.0
20250905113000000,61.38,62.9,61.28,62.78,10033800,625161728.0
20250905133000000,63.0,63.04,60.71,61.6,7934300,489166848.0
20250905140000000,61.62,63.7,61.45,63.42,8614100,540487936.0
20250905143000000,63.43,64.0,63.43,64.0,8820700,563903488.0
20250905150000000,64.0,64.0,64.0,64.0,870700,55719936.0
20250908100000000,66.99,68.49,65.34,66.97,46451500,3120932352.0
20250908103000000,66.97,67.07,64.88,64.92,15352900,1010539520.0
20250908110000000,64.92,65.29,63.64,64.47,15941200,1025549312.0
20250908113000000,64.57,65.43,64.09,64.72,7013100,454006272.0
20250908133000000,64.73,65.29,63.31,63.47,8685300,559129600.0
20250908140000000,63.38,65.0,63.31,64.03,5242600,335528960.0
20250908143000000,64.03,64.77,63.76,64.52,4756200,305912832.0
20250908150000000,64.54,65.79,64.51,65.61,8878200,578508800.0
20250909100000000,65.15,69.17,63.41,68.77,31826400,2130245376.0
20250909103000000,68.98,68.98,67.14,67.41,12169200,825470720.0
20250909110000000,67.4,68.49,67.15,67.82,5787900,392093696.0
20250909113000000,67.8,68.4,66.87,68.4,5891300,397979392.0
20250909133000000,68.37,68.4,66.25,66.68,6551600,438470912.0
20250909140000000,66.66,66.8,65.33,65.48,7312100,482596864.0
20250909143000000,65.46,66.5,65.4,65.5,7027100,462240768.0
20250909150000000,65.52,66.01,65.5,65.65,9948300,653489664.0
20250910100000000,66.8,68.03,65.54,66.13,25932900,1736119040.0
20250910103000000,66.09,67.51,65.75,67.14,8999600,600108546.0
20250910110000000,67.16,67.42,66.13,67.32,6526900,435959294.0
20250910113000000,67.33,70.5,66.8,70.05,19932800,1375074816.0
20250910133000000,70.15,72.22,70.15,72.22,16436700,1176919296.0
20250910140000000,72.22,72.22,72.22,72.22,2380400,171908608.0
20250910143000000,72.22,72.22,72.22,72.22,873500,63088128.0
20250910150000000,72.22,72.22,72.22,72.22,1692500,122232320.0
20250911100000000,75.55,78.87,75.55,76.99,56131400,4338050560.0
20250911103000000,77.0,78.04,76.6,77.56,11071800,857307136.0
20250911110000000,77.52,78.9,77.52,78.6,7824700,613202432.0
20250911113000000,78.61,79.44,78.61,79.44,10494500,831005184.0
20250911133000000,79.44,79.44,79.44,79.44,1610000,127898624.0
20250911140000000,79.44,79.44,79.44,79.44,631800,50190336.0
20250911143000000,79.44,79.44,79.44,79.44,434000,34476544.0
20250911150000000,79.44,79.44,79.44,79.44,537100,42674688.0
20250912100000000,79.49,79.49,75.65,77.6,49057400,3815408640.0
20250912103000000,77.65,78.99,77.6,77.73,11730500,917711360.0
20250912110000000,77.73,78.24,76.22,76.25,10652200,819934208.0
20250912113000000,76.22,76.85,75.2,76.03,10319900,783967232.0
20250912133000000,76.09,77.5,75.89,76.18,9562200,731807744.0
20250912140000000,76.0,77.11,75.92,76.73,6118000,467009024.0
20250912143000000,76.71,76.71,76.05,76.33,5649100,431215616.0
20250912150000000,76.34,76.6,76.08,76.35,9195200,701786112.0
20250915100000000,76.99,80.31,75.5,78.2,39977600,3115277568.0
20250915103000000,78.23,78.45,76.75,77.02,9710800,752133632.0
20250915110000000,77.02,77.8,76.43,77.18,5560300,427872000.0
20250915113000000,77.11,77.56,76.8,77.33,4738600,365542912.0
20250915133000000,77.37,78.22,76.8,77.66,6349200,492675065.0
20250915140000000,77.67,77.83,77.2,77.49,4224500,327524871.0
20250915143000000,77.51,78.12,77.36,77.71,4118900,320361472.0
20250915150000000,77.74,77.9,77.31,77.65,6390900,495819264.0
20250916100000000,77.9,80.62,77.9,79.87,28831900,2302509056.0
20250916103000000,79.88,80.04,77.0,77.1,13179200,1030495744.0
20250916110000000,77.09,77.46,76.31,77.31,9613000,738001920.0
20250916113000000,77.28,79.94,76.87,79.93,8824600,692706816.0
20250916133000000,80.0,82.01,79.23,79.29,15188300,1224900608.0
20250916140000000,79.23,79.54,78.42,79.35,4892600,386893824.0
20250916143000000,79.36,80.0,78.81,79.17,5249700,417161219.0
20250916150000000,79.15,79.71,79.05,79.71,8159100,647878653.0
20250917100000000,84.0,84.42,81.25,84.0,40235900,3338395904.0
20250917103000000,84.0,86.15,81.61,81.78,19460200,1635596544.0
20250917110000000,81.72,83.16,81.72,83.06,6948900,570245632.0
20250917113000000,83.16,84.97,82.75,83.94,6902100,579088896.0
20250917133000000,83.94,84.95,82.97,82.97,5449500,456718848.0
20250917140000000,82.98,84.18,82.75,83.02,3379400,281960962.0
20250917143000000,83.02,83.28,82.21,82.29,4468900,369641470.0
20250917150000000,82.29,82.8,82.1,82.61,6773500,558466048.0
20250918100000000,80.11,81.11,77.96,79.63,35066800,2777995515.0
20250918103000000,79.75,80.37,78.73,80.2,11554500,921554949.0
20250918110000000,80.2,81.49,78.75,81.43,9460200,755908352.0
20250918113000000,81.42,81.97,80.3,81.58,6050000,491010560.0
20250918133000000,81.81,82.5,80.4,80.93,8666500,704517632.0
20250918140000000,80.93,83.4,80.93,81.79,8250500,681449984.0
20250918143000000,81.72,81.85,79.59,80.61,6817200,549632512.0
20250918150000000,80.57,80.79,78.58,80.11,9743200,775081989.0
20250919100000000,80.48,80.8,78.37,79.53,16463700,1313127166.0
20250919103000000,79.57,79.83,78.16,79.6,8616900,679806720.0
20250919110000000,79.58,79.67,78.31,78.53,4188400,330136066.0
20250919113000000,78.51,79.33,78.48,78.8,3936500,310107392.0
20250919133000000,78.76,79.8,77.8,78.15,12697000,997762816.0
20250919140000000,78.14,78.44,77.65,77.8,4802600,374238976.0
20250919143000000,77.75,79.26,77.71,79.11,5510700,432349944.0
20250919150000000,79.21,79.21,78.3,78.3,6181900,486190088.0
20250922100000000,78.0,78.74,75.68,78.11,18826400,1456632960.0
20250922103000000,78.12,79.05,77.78,78.31,12991100,1021525376.0
20250922110000000,78.37,80.23,78.31,79.61,10527000,836647424.0
20250922113000000,79.43,79.8,78.52,79.14,4771900,377239552.0
20250922133000000,79.24,79.9,78.4,79.54,6174600,487904768.0
20250922140000000,79.53,80.0,79.25,79.34,4836400,385175040.0
20250922143000000,79.34,79.6,78.76,79.4,3723000,294892544.0
20250922150000000,79.4,79.98,79.34,79.98,6738600,537722880.0
20250923100000000,83.1,83.3,78.75,79.79,26986500,2180512768.0
20250923103000000,79.71,79.9,77.69,77.77,9706400,763481088.0
20250923110000000,77.73,78.49,76.5,77.22,7709800,596300800.0
20250923113000000,77.16,77.39,75.6,75.6,6718400,513369344.0
20250923133000000,75.58,76.6,75.22,76.25,7780800,588826880.0
20250923140000000,76.2,76.71,74.68,75.0,7119200,536393216.0
20250923143000000,75.01,75.53,74.67,75.53,6516800,488804864.0
20250923150000000,75.53,76.58,75.18,76.5,10838900,823621120.0
20250924100000000,75.01,75.53,73.66,74.72,19064700,1420157696.0
20250924103000000,74.73,75.54,74.13,74.65,6230300,465688448.0
20250924110000000,74.67,74.72,73.81,74.68,4605600,341521531.0
20250924113000000,74.69,75.18,74.45,75.14,5790400,433007621.0
20250924133000000,75.14,75.5,74.28,74.88,6949500,519768058.0
20250924140000000,74.86,74.9,74.37,74.67,5151600,384279810.0
20250924143000000,74.74,75.0,74.4,74.45,4762700,355658244.0
20250924150000000,74.45,75.0,73.81,74.85,18562700,1381060608.0
20250925100000000,73.0,73.86,70.0,70.85,41396800,2966138368.0
20250925103000000,70.83,72.83,70.77,72.73,14969400,1074966016.0
20250925110000000,72.73,73.89,72.57,73.08,12487100,914873344.0
20250925113000000,73.13,74.31,73.13,74.04,5646900,417069056.0
20250925133000000,73.99,75.3,73.63,73.74,10278500,765740032.0
20250925140000000,73.74,75.0,73.27,74.99,6248600,465010688.0
20250925143000000,74.98,74.98,73.95,74.41,3562200,264654848.0
20250925150000000,74.35,74.59,73.86,74.09,4517400,334932480.0
20250926100000000,73.0,73.63,71.65,72.11,20341500,1477533696.0
20250926103000000,72.12,72.7,71.37,71.92,10685800,766766848.0
20250926110000000,72.0,72.18,71.44,71.96,6213400,445976576.0
20250926113000000,71.97,72.28,71.49,71.55,4664700,335148800.0
20250926133000000,71.6,71.66,70.91,71.01,7236300,514660864.0
20250926140000000,70.96,71.0,69.48,69.48,12416300,870566400.0
20250926143000000,69.5,70.15,68.9,69.11,12400800,859920384.0
20250926150000000,69.1,69.47,68.57,68.58,12304100,848140800.0
20250929100000000,68.59,71.99,68.59,71.98,24821400,1767052800.0
20250929103000000,72.07,73.95,71.79,73.36,15133100,1100454656.0
20250929110000000,73.36,73.54,72.77,72.86,5190900,379457792.0
20250929113000000,72.86,73.55,72.79,72.95,3843000,281298688.0
20250929133000000,72.95,73.37,72.51,72.61,4277500,311790592.0
20250929140000000,72.62,73.01,72.38,72.95,3699000,269069824.0
20250929143000000,72.97,73.23,72.81,73.19,4522000,330398464.0
20250929150000000,73.19,73.39,72.95,73.39,6606700,483311104.0
20250930100000000,72.56,73.57,72.56,72.98,12278100,896250113.0
20250930103000000,72.97,73.08,71.81,71.93,9522400,689394559.0
20250930110000000,71.95,72.36,71.63,71.67,4134900,297373056.0
20250930113000000,71.68,72.08,71.48,71.7,3052100,219150592.0
20250930133000000,71.73,72.3,71.4,71.8,3702200,266062848.0
20250930140000000,71.79,71.83,71.07,71.35,4655700,332420096.0
20250930143000000,71.34,71.73,71.08,71.56,6076500,433832192.0
20250930150000000,71.57,71.61,70.91,71.5,8892200,634014976.0
20251009100000000,71.8,72.76,70.78,72.25,14957200,1077709569.0
20251009103000000,72.25,72.27,71.41,71.47,7435300,533028224.0
20251009110000000,71.45,71.49,70.64,70.9,7495600,532687103.0
20251009113000000,70.93,71.15,70.38,70.39,4880400,345077376.0
20251009133000000,70.37,70.42,69.55,69.77,8162900,571057408.0
20251009140000000,69.83,70.26,69.69,70.07,3577100,250125824.0
20251009143000000,70.08,70.08,69.71,69.72,3528500,246514432.0
20251009150000000,69.74,69.84,69.59,69.69,5444000,379314944.0
20251010100000000,69.5,71.87,69.49,71.6,20505500,1453377664.0
20251010103000000,71.68,71.7,70.39,71.63,6708500,477491968.0
20251010110000000,71.68,72.18,71.0,71.0,5529100,395932544.0
20251010113000000,70.97,70.99,70.21,70.23,3393800,239804672.0
20251010133000000,70.2,70.67,70.11,70.13,2988000,210247936.0
20251010140000000,70.13,70.23,69.56,69.92,4655200,325270784.0
20251010143000000,69.96,70.11,69.18,69.21,3916700,272276224.0
20251010150000000,69.21,69.29,68.61,68.67,6769000,466526208.0
20251013100000000,63.77,66.77,63.77,65.93,23189200,1518264576.0
20251013103000000,65.92,66.09,65.25,65.39,6804500,446273286.0
20251013110000000,65.37,65.8,65.04,65.63,5608700,367005952.0
20251013113000000,65.6,65.67,64.48,64.6,5320800,346068730.0
20251013133000000,64.5,64.89,64.2,64.75,4888900,315623168.0
20251013140000000,64.75,65.55,64.54,65.52,5154800,335675904.0
20251013143000000,65.44,65.76,65.14,65.23,4372300,285677304.0
20251013150000000,65.27,66.24,65.27,65.6,6969500,457379336.0
20251014100000000,66.8,67.1,64.81,65.08,15964900,1053932352.0
20251014103000000,65.08,65.2,63.7,63.81,8948900,575003840.0
20251014110000000,63.84,63.88,62.83,63.0,9352700,592238848.0
20251014113000000,63.0,63.14,62.2,62.33,7426100,464620032.0
20251014133000000,62.32,62.51,61.47,62.35,9697800,601140224.0
20251014140000000,62.35,62.63,61.46,61.46,5832300,360681728.0
20251014143000000,61.46,61.47,60.73,61.25,8904400,543884800.0
20251014150000000,61.3,61.56,60.78,61.0,7582300,463552000.0
20251015100000000,61.01,62.26,60.48,61.18,13715000,839066240.0
20251015103000000,61.21,62.37,61.13,61.89,7343500,454580992.0
20251015110000000,61.88,61.92,61.09,61.09,2954200,181522691.0
20251015113000000,61.14,61.82,61.07,61.57,1706300,104594173.0
20251015133000000,61.55,62.53,61.53,61.84,6079300,377210620.0
20251015140000000,61.83,62.1,61.68,62.0,2975200,184196356.0
20251015143000000,61.99,62.77,61.96,62.39,4893500,305401984.0
20251015150000000,62.42,62.87,62.0,62.51,7616400,476733952.0
20251016100000000,62.52,63.5,62.0,63.3,11074200,695719934.0
20251016103000000,63.31,64.1,63.31,63.53,9804000,624901638.0
20251016110000000,63.52,63.55,62.8,63.19,4442100,280123641.0
20251016113000000,63.19,63.45,62.74,62.78,2411200,152025734.0
20251016133000000,62.75,62.86,62.08,62.46,6720000,419569277.0
20251016140000000,62.37,62.95,62.2,62.63,4511600,281842432.0
20251016143000000,62.6,63.14,62.49,62.95,4392800,275969282.0
20251016150000000,62.83,63.01,62.47,62.68,6606300,414121214.0
20251017100000000,63.0,63.0,59.8,59.83,14060700,855758912.0
20251017103000000,59.78,60.5,59.52,60.28,6564500,393936708.0
20251017110000000,60.27,61.0,60.2,60.54,3602400,218088444.0
20251017113000000,60.53,60.53,60.01,60.18,2013000,121095936.0
20251017133000000,60.1,60.66,59.73,60.65,3636300,218801028.0
20251017140000000,60.62,60.83,60.19,60.21,3555600,214976630.0
20251017143000000,60.2,60.26,59.63,59.69,5195400,311354246.0
20251017150000000,59.7,59.75,59.13,59.53,10266500,610137600.0
20251020100000000,61.49,65.44,61.49,65.35,39473000,2502738944.0
20251020103000000,65.4,65.48,64.56,65.48,15398500,1005181440.0
20251020110000000,65.48,65.48,63.9,64.0,12734400,823710204.0
20251020113000000,64.01,64.45,63.26,63.92,8087000,515944971.0
20251020133000000,63.92,64.08,63.02,63.13,4482700,284402169.0
20251020140000000,63.12,63.34,63.05,63.1,3012000,190215680.0
20251020143000000,63.08,63.19,62.74,62.89,4181400,263336960.0
20251020150000000,62.88,63.26,62.67,63.2,5450000,343547392.0
20251021100000000,63.8,65.63,63.06,64.54,31395500,2028289154.0
20251021103000000,64.56,66.13,64.41,65.77,14712900,960363646.0
20251021110000000,65.81,66.8,65.65,66.02,12004300,795625216.0
20251021113000000,65.97,66.66,65.66,66.38,8467800,560688640.0
20251021133000000,66.49,68.73,66.33,67.76,17166700,1166950400.0
20251021140000000,67.76,68.12,67.35,67.51,4851000,328359936.0
20251021143000000,67.52,68.3,67.48,67.99,5503100,374448128.0
20251021150000000,67.99,68.47,67.99,68.33,8838200,603493376.0
20251022100000000,66.66,69.9,66.5,69.59,31904500,2188925696.0
20251022103000000,69.76,70.98,69.75,70.5,17884100,1258115584.0
20251022110000000,70.5,70.5,69.69,69.8,6066600,424738560.0
20251022113000000,69.8,69.9,68.8,69.11,5988500,415368192.0
20251022133000000,69.13,69.44,68.72,68.81,6099100,420936192.0
20251022140000000,68.83,68.95,68.41,68.58,5345700,366938624.0
20251022143000000,68.58,68.92,68.4,68.51,3457300,237223936.0
20251022150000000,68.5,68.76,68.43,68.63,4762900,326561792.0
20251023100000000,66.71,67.57,65.26,65.41,18851400,1247729920.0
20251023103000000,65.39,65.89,64.94,65.24,10555000,689036800.0
20251023110000000,65.24,65.76,64.54,64.68,6368100,414488832.0
20251023113000000,64.68,65.53,64.67,65.0,2552100,165911808.0
20251023133000000,65.0,65.53,64.98,65.21,2607700,170105600.0
20251023140000000,65.2,65.24,64.88,65.11,2311300,150312192.0
20251023143000000,65.12,65.65,65.09,65.48,3477100,227316482.0
20251023150000000,65.47,65.99,65.33,65.75,6685700,439417598.0
20251024100000000,66.36,67.15,64.86,65.75,16193700,1069608708.0
20251024103000000,65.75,67.73,65.47,67.47,13602900,909383804.0
20251024110000000,67.45,68.46,67.12,68.42,9717100,658199168.0
20251024113000000,68.46,68.85,67.88,68.04,6588600,450892544.0
20251024133000000,67.8,69.77,67.8,68.81,13209800,910683648.0
20251024140000000,68.8,69.0,68.5,68.7,4076600,280182528.0
20251024143000000,68.7,69.1,68.49,68.88,7818900,537058816.0
20251024150000000,68.91,69.62,68.8,69.15,11074700,768037376.0
20251027100000000,72.8,74.1,72.23,73.06,42287600,3096375807.0
20251027103000000,73.06,74.43,72.51,73.98,14255300,1048263169.0
20251027110000000,74.01,75.17,73.66,73.89,9485100,705730048.0
20251027113000000,73.88,74.96,73.5,74.48,3438700,255344640.0
20251027133000000,74.44,74.78,73.76,74.63,5874200,436461056.0
20251027140000000,74.62,74.67,74.13,74.17,3402700,253172736.0
20251027143000000,74.18,75.28,74.18,75.2,7574400,566654976.0
20251027150000000,75.21,75.21,74.46,74.47,6964600,520706048.0
20251028100000000,74.0,75.51,73.7,74.1,18349000,1365268352.0
20251028103000000,74.1,74.7,72.99,73.4,9882600,727524480.0
20251028110000000,73.4,74.6,73.38,74.5,6181900,458394880.0
20251028113000000,74.5,75.99,74.35,75.33,10469100,788547072.0
20251028133000000,75.33,75.33,73.5,73.89,4573300,339914240.0
20251028140000000,73.88,74.6,73.14,73.96,5280700,389355520.0
20251028143000000,73.95,74.49,73.68,74.18,2736600,202876416.0
20251028150000000,74.22,74.43,73.87,73.9,3963500,293456128.0
20251029100000000,76.5,77.9,75.5,75.7,26561700,2044425472.0
20251029103000000,75.75,76.11,73.69,73.69,12117000,905526528.0
20251029110000000,73.67,74.73,73.53,74.33,4929200,365583616.0
20251029113000000,74.35,74.72,73.8,73.9,3156000,233807104.0
20251029133000000,73.9,74.31,73.51,73.7,3393300,250369280.0
20251029140000000,73.68,74.67,73.67,74.05,3824400,284064256.0
20251029143000000,74.04,74.32,73.84,74.04,2887200,213748480.0
20251029150000000,74.03,74.64,73.9,74.62,5235700,389626880.0
20251030100000000,73.33,74.59,72.06,73.4,15164200,1110062212.0
20251030103000000,73.35,73.45,72.02,72.37,6115400,443083900.0
20251030110000000,72.32,73.39,72.31,73.09,4041200,294292096.0
20251030113000000,73.1,73.3,72.57,72.83,2731000,199042563.0
20251030133000000,72.74,73.87,72.2,72.81,7379400,537795711.0
20251030140000000,72.93,73.93,72.66,73.48,4876400,357612288.0
20251030143000000,73.43,73.5,72.9,73.17,4247300,310838014.0
20251030150000000,73.17,73.39,72.53,72.65,4878900,356010752.0
20251031100000000,71.51,72.04,69.5,70.76,15661800,1103185157.0
20251031103000000,70.71,71.71,69.33,69.36,7890000,556678651.0
20251031110000000,69.36,69.5,68.69,68.73,9965100,687931392.0
20251031113000000,68.74,69.24,68.18,68.9,6585800,452073216.0
20251031133000000,68.84,68.89,68.38,68.4,4783100,327873536.0
20251031140000000,68.4,68.81,68.0,68.35,7191600,490901248.0
20251031143000000,68.33,68.98,68.24,68.86,3719900,255282432.0
20251031150000000,68.88,68.89,68.47,68.5,5070300,347778816.0
20251103100000000,67.9,68.25,66.5,67.07,15426900,1035127162.0
20251103103000000,67.04,67.97,66.94,67.38,4967400,335216518.0
20251103110000000,67.39,67.71,66.72,67.71,4243300,285087359.0
20251103113000000,67.76,68.0,66.88,67.21,3767900,253619581.0
20251103133000000,67.33,69.6,67.11,69.12,8522800,585260548.0
20251103140000000,69.12,70.16,68.3,69.51,6904700,477555968.0
20251103143000000,69.58,69.8,68.91,68.93,4402600,305458176.0
20251103150000000,68.91,69.29,68.91,69.29,3961000,273914368.0
20251104100000000,70.15,70.75,68.6,70.35,17500100,1221473286.0
20251104103000000,70.41,70.58,69.68,69.7,6596800,463128053.0
20251104110000000,69.7,69.98,69.0,69.45,3685000,255745669.0
20251104113000000,69.46,69.7,69.1,69.24,1908900,132424448.0
20251104133000000,69.24,70.25,68.98,69.7,4945800,344109178.0
20251104140000000,69.72,69.83,69.35,69.68,3413800,237405188.0
20251104143000000,69.68,69.77,68.93,68.93,4630100,320870146.0
20251104150000000,68.92,69.33,68.41,69.22,8793700,605828352.0
20251105100000000,65.89,67.28,65.89,66.32,13767600,913364615.0
20251105103000000,66.33,67.79,66.07,67.45,5090300,341195385.0
20251105110000000,67.45,67.59,66.79,67.0,2764200,185236352.0
20251105113000000,67.0,67.87,66.96,67.48,2503200,168769536.0
20251105133000000,67.51,67.75,67.08,67.16,3368300,226898560.0
20251105140000000,67.16,68.14,67.07,67.86,4328900,293081344.0
20251105143000000,67.95,69.0,67.87,68.87,3493100,239360768.0
20251105150000000,68.88,69.14,68.59,68.6,4548300,313290752.0
20251106100000000,69.29,72.97,69.29,71.06,22521700,1620952832.0
20251106103000000,71.05,72.21,70.64,71.97,8046300,574118396.0
20251106110000000,71.97,73.32,71.72,72.42,10396300,755032580.0
20251106113000000,72.46,73.1,72.4,72.42,2928100,212894976.0
20251106133000000,72.46,75.46,72.46,75.46,23947900,1792593408.0
20251106140000000,75.46,75.46,74.65,75.09,16108600,1212960768.0
20251106143000000,75.11,75.46,75.08,75.46,6292400,474747392.0
20251106150000000,75.46,75.46,75.06,75.46,12802100,965284352.0
20251107100000000,74.32,74.32,71.62,72.24,30646600,2221718272.0
20251107103000000,72.3,74.0,71.96,73.38,10418500,762437376.0
20251107110000000,73.38,74.5,72.83,74.28,4339400,319511552.0
20251107113000000,74.21,74.91,73.88,74.05,6263000,465934592.0
20251107133000000,74.05,75.03,74.05,74.26,4594400,342323712.0
20251107140000000,74.25,74.34,72.98,73.15,5249400,385841913.0
20251107143000000,73.13,73.48,72.99,73.09,3204100,234529282.0
20251107150000000,73.1,73.3,72.9,73.04,6761600,493992453.0
20251110100000000,74.3,75.06,72.96,72.96,23972400,1778150912.0
20251110103000000,72.96,73.39,71.82,73.01,10828300,788000256.0
20251110110000000,73.0,73.5,72.35,72.84,4088000,297773568.0
20251110113000000,72.82,73.22,72.19,72.21,4700500,341852416.0
20251110133000000,72.21,74.82,72.21,73.75,10305000,761117184.0
20251110140000000,73.76,73.99,72.7,72.78,4159200,303777024.0
20251110143000000,72.76,73.37,72.71,73.13,3947000,288177664.0
20251110150000000,73.18,74.14,73.17,74.03,7594900,560584192.0
20251111100000000,76.58,78.32,75.53,76.4,38659700,2979290368.0
20251111103000000,76.38,76.52,73.9,74.04,9824700,739578624.0
20251111110000000,74.05,74.63,73.47,73.62,6452500,476778496.0
20251111113000000,73.61,74.63,73.0,74.63,4370100,321216000.0
20251111133000000,75.01,76.16,73.68,74.48,8147600,611286528.0
20251111140000000,74.5,75.58,74.04,74.99,6687600,500780544.0
20251111143000000,74.99,76.58,74.82,75.95,8901000,674472960.0
20251111150000000,75.95,76.03,75.33,75.9,8781400,664995840.0
20251112100000000,73.25,74.99,72.64,74.7,15285100,1126852864.0
20251112103000000,74.72,75.42,73.55,73.55,8066100,600813440.0
20251112110000000,73.55,73.55,71.58,71.94,14202500,1027241088.0
20251112113000000,72.01,73.6,71.61,72.7,5494900,397962496.0
20251112133000000,72.78,72.99,72.22,72.74,2758500,200346112.0
20251112140000000,72.7,75.39,72.69,74.26,6927600,513560320.0
20251112143000000,74.22,74.79,73.71,74.62,3584200,265936128.0
20251112150000000,74.63,75.96,74.63,75.51,10316800,777835008.0
20251113100000000,74.0,74.54,71.71,72.36,17015600,1236458502.0
20251113103000000,72.36,72.36,71.45,71.85,10924000,784050938.0
20251113110000000,71.86,72.0,71.04,71.23,7468400,532933376.0
20251113113000000,71.23,72.06,71.2,72.05,3818400,273848064.0
20251113133000000,72.11,72.74,71.8,72.21,4047300,292611838.0
20251113140000000,72.21,73.59,72.21,72.84,5065000,369991938.0
20251113143000000,72.85,72.99,72.5,72.51,2952700,214812928.0
20251113150000000,72.51,72.85,72.11,72.17,5740600,415363079.0
20251114100000000,70.0,70.6,68.0,70.34,19490600,1349066752.0
20251114103000000,70.35,71.27,69.76,70.88,5085400,358414336.0
20251114110000000,70.88,71.24,70.33,70.5,3650200,258529664.0
20251114113000000,70.48,71.08,70.45,70.69,2140800,151489536.0
20251114133000000,70.69,70.78,69.97,70.23,3550700,249597822.0
20251114140000000,70.26,70.26,69.65,69.98,3618800,253048578.0
20251114143000000,70.0,70.18,69.4,69.58,5209900,363493888.0
20251114150000000,69.61,69.71,68.99,69.11,8061700,557805056.0
20251117100000000,69.11,72.37,69.11,71.4,19006300,1356883712.0
20251117103000000,71.43,72.1,71.02,71.34,5940500,425638399.0
20251117110000000,71.32,72.17,71.14,71.94,4141700,296873985.0
20251117113000000,71.94,72.02,71.2,71.43,2248000,161202942.0
20251117133000000,71.43,71.54,70.6,70.78,3485400,247271170.0
20251117140000000,70.7,70.79,69.86,69.98,4461400,312910080.0
20251117143000000,69.97,70.71,69.88,70.63,4308800,302860032.0
20251117150000000,70.63,70.92,70.58,70.79,3761100,266080512.0
20251118100000000,70.7,73.62,70.7,73.11,18325300,1336453502.0
20251118103000000,73.11,74.52,72.26,74.52,10815400,795260418.0
20251118110000000,74.55,75.0,73.7,73.98,7263700,540940160.0
20251118113000000,73.96,74.26,73.7,74.18,2528300,186885376.0
20251118133000000,74.03,74.1,73.1,73.21,3453000,254096384.0
20251118140000000,73.2,73.61,72.72,72.72,3199800,234132736.0
20251118143000000,72.76,73.0,72.51,72.73,2901600,210947584.0
20251118150000000,72.72,72.93,72.45,72.8,4902700,356412160.0
20251119100000000,72.02,73.52,71.06,71.6,11650000,841185856.0
20251119103000000,71.58,72.26,71.26,72.2,2944900,211248384.0
20251119110000000,72.2,73.38,72.08,72.69,4598900,334865348.0
20251119113000000,72.7,73.29,72.2,72.23,2648400,193065470.0
20251119133000000,72.23,72.23,71.1,71.18,3400700,243205886.0
20251119140000000,71.14,72.1,71.13,71.86,2028600,144873593.0
20251119143000000,71.86,71.91,71.27,71.43,1965300,140398343.0
20251119150000000,71.45,71.89,71.34,71.69,3782600,271125632.0
20251120100000000,73.65,74.92,71.97,72.23,13021600,953772544.0
20251120103000000,72.23,72.38,71.28,71.72,3758500,269738368.0
20251120110000000,71.71,72.4,71.35,71.61,2651300,190296448.0
20251120113000000,71.61,71.92,70.37,70.37,3866000,274641792.0
20251120133000000,70.37,71.03,70.2,70.4,4565000,321871232.0
20251120140000000,70.39,71.43,70.24,70.62,3231400,228321792.0
20251120143000000,70.62,70.69,70.34,70.56,2278800,160602624.0
20251120150000000,70.6,71.03,70.28,70.6,5772400,407253504.0
20251121100000000,68.01,68.2,63.59,66.17,25764200,1693923968.0
20251121103000000,66.16,67.04,66.04,66.85,4726100,314866560.0
20251121110000000,66.84,66.84,66.01,66.27,2980500,197621248.0
20251121113000000,66.28,66.42,65.0,65.81,3570700,234397688.0
20251121133000000,65.82,67.09,65.6,66.46,2747300,182411528.0
20251121140000000,66.38,66.71,65.54,65.69,3100000,204364544.0
20251121143000000,65.68,66.06,65.3,65.32,2505900,164515584.0
20251121150000000,65.38,65.55,64.65,64.73,7453800,484786688.0
20251124100000000,65.77,65.97,63.58,63.84,8753300,565482748.0
20251124103000000,63.84,64.07,62.6,63.49,7355100,464806140.0
20251124110000000,63.49,63.63,62.22,62.37,3124600,197245832.0
20251124113000000,62.53,62.56,61.77,62.1,9089700,564434048.0
20251124133000000,62.1,63.81,61.9,63.81,4701000,295892096.0
20251124140000000,63.75,65.04,63.67,64.76,4946500,318406528.0
20251124143000000,64.76,65.42,64.3,65.3,3490600,226200576.0
20251124150000000,65.3,65.47,64.29,64.35,3545200,229073408.0
20251125100000000,65.01,68.0,65.01,67.94,18063600,1212877696.0
20251125103000000,67.94,68.85,67.93,68.71,7820200,535163392.0
20251125110000000,68.71,70.33,68.71,69.41,11693100,815284864.0
20251125113000000,69.43,69.76,69.17,69.51,2607900,181143552.0
20251125133000000,69.51,70.32,68.97,69.07,4818900,335376896.0
20251125140000000,69.07,70.5,68.97,69.9,4611500,322423296.0
20251125143000000,69.91,70.0,69.28,69.41,2320400,161473792.0
20251125150000000,69.45,69.6,69.23,69.29,4410200,305969920.0
20251126100000000,68.36,70.76,68.1,70.66,8521500,592382400.0
20251126103000000,70.7,71.38,70.18,70.98,7136300,505015104.0
20251126110000000,70.98,72.48,70.4,72.25,10040000,718194560.0
20251126113000000,72.18,75.66,72.18,74.99,19358400,1433454976.0
20251126133000000,75.01,75.68,74.8,75.18,12881600,970658304.0
20251126140000000,75.18,75.18,74.27,74.79,6972400,520864256.0
20251126143000000,74.88,74.9,73.61,73.96,6152200,456780800.0
20251126150000000,73.97,74.23,73.74,74.0,8138100,601804800.0
20251127100000000,74.73,76.7,73.23,76.51,20355700,1529159296.0
20251127103000000,76.53,76.66,75.31,75.41,9905500,752057990.0
20251127110000000,75.41,75.58,74.55,74.78,4826900,361835770.0
20251127113000000,74.8,75.3,74.53,74.53,1727200,129217024.0
20251127133000000,74.89,76.48,74.75,75.26,7531500,569259002.0
20251127140000000,75.27,75.38,74.03,74.26,3246300,241784838.0
20251127143000000,74.28,74.28,73.59,73.79,5114900,378002432.0
20251127150000000,73.79,73.85,73.45,73.58,5947900,437627904.0
20251128100000000,74.01,74.5,72.45,72.94,9619400,706077309.0
20251128103000000,72.94,73.34,72.37,73.03,5385400,392017282.0
20251128110000000,73.03,73.96,72.84,73.88,3927200,288939771.0
20251128113000000,73.88,75.98,73.88,75.76,8696600,652864774.0
20251128133000000,75.82,77.0,74.68,74.92,11240700,854018304.0
20251128140000000,74.92,75.25,74.56,74.91,3453400,258758656.0
20251128143000000,74.98,75.14,74.69,74.9,2933200,219589120.0
20251128150000000,74.91,75.06,74.65,75.06,5748700,430035200.0
20251201100000000,74.85,77.18,74.67,75.79,19585800,1481834112.0
20251201103000000,75.77,75.77,74.94,75.57,5286300,397852028.0
20251201110000000,75.57,75.99,74.93,75.57,4344700,327477502.0
20251201113000000,75.57,76.12,75.11,75.77,4695500,355800838.0
20251201133000000,75.77,76.28,75.1,75.44,4314500,326294534.0
20251201140000000,75.35,75.95,75.11,75.91,2899700,219108341.0
20251201143000000,75.94,75.99,75.23,75.32,3594700,272204549.0
20251201150000000,75.33,75.56,75.27,75.56,3415900,257824263.0
20251202100000000,75.0,75.25,74.0,74.72,7967700,594660664.0
20251202103000000,74.73,75.82,74.58,75.1,4834300,363366024.0
20251202110000000,75.11,75.11,74.3,74.71,4771600,356309308.0
20251202113000000,74.64,74.64,73.99,74.07,3172500,235274116.0
20251202133000000,74.07,74.07,72.8,72.8,6656200,488866432.0
20251202140000000,72.84,73.47,72.84,73.07,4442800,324689152.0
20251202143000000,73.08,73.38,72.99,73.13,2635300,192852736.0
20251202150000000,73.13,73.43,73.0,73.26,4614000,337820672.0
20251203100000000,72.54,75.12,72.54,73.65,15017900,1106701823.0
20251203103000000,73.66,74.49,73.2,73.3,4969400,366244737.0
20251203110000000,73.4,73.4,72.4,72.61,4611800,335874816.0
20251203113000000,72.62,73.64,72.41,72.8,2086700,152063488.0
20251203133000000,72.79,73.44,72.02,73.35,3853200,280504448.0
20251203140000000,73.36,73.55,72.51,72.61,3169400,231013376.0
20251203143000000,72.61,72.78,72.14,72.39,4198400,303956992.0
20251203150000000,72.39,72.7,72.33,72.61,3511500,254569216.0
20251204100000000,72.35,72.47,66.31,66.7,32168800,2207239168.0
20251204103000000,66.71,69.51,66.66,68.6,15414800,1050050304.0
20251204110000000,68.55,69.75,68.15,69.1,4615400,318395392.0
20251204113000000,69.1,69.33,68.55,68.65,3588500,247435264.0
20251204133000000,68.74,69.37,68.58,68.92,4446000,306649856.0
20251204140000000,68.92,68.96,68.5,68.66,3248900,223011839.0
20251204143000000,68.66,69.48,68.66,68.98,2974900,205305857.0
20251204150000000,69.05,69.42,69.03,69.3,4149000,287217664.0
20251205100000000,69.45,69.58,67.86,68.68,8890100,610592056.0
20251205103000000,68.64,69.1,68.2,68.43,4396700,301266120.0
20251205110000000,68.41,69.99,68.25,69.58,5548300,384019456.0
20251205113000000,69.63,70.29,69.39,69.79,6174500,430691072.0
20251205133000000,69.82,70.71,69.82,70.4,4371600,307328384.0
20251205140000000,70.41,70.46,69.89,70.22,2031800,142475136.0
20251205143000000,70.29,70.32,69.8,69.8,1853000,129833984.0
20251205150000000,69.8,70.17,69.5,70.12,4887700,341772288.0
20251208100000000,70.55,73.99,70.31,72.74,24482200,1768837760.0
20251208103000000,72.74,74.32,72.71,73.61,10180500,751647360.0
20251208110000000,73.63,74.5,73.63,74.2,5109000,379026944.0
20251208113000000,74.2,75.26,74.19,75.15,7694700,575729920.0
20251208133000000,75.11,76.46,75.11,76.36,8958900,677411584.0
20251208140000000,76.37,76.66,75.4,75.55,5785500,439593216.0
20251208143000000,75.53,75.95,75.2,75.45,5145700,388421120.0
20251208150000000,75.46,75.57,75.1,75.36,5697300,429214720.0
20251209100000000,75.0,76.59,74.03,76.55,24050000,1809161088.0
20251209103000000,76.58,77.2,76.07,76.22,11222800,861315456.0
20251209110000000,76.24,77.06,75.67,76.26,9291900,710201859.0
20251209113000000,76.25,79.5,76.2,79.01,15994500,1251233021.0
20251209133000000,79.01,79.01,77.28,77.38,6340100,495636480.0
20251209140000000,77.36,78.26,76.97,77.74,4742800,367875072.0
20251209143000000,77.75,78.0,77.07,77.53,3358800,260278784.0
20251209150000000,77.53,77.98,77.19,77.8,7159200,555559936.0
20251210100000000,80.23,83.18,78.63,79.19,51296000,4153519872.0
20251210103000000,79.15,80.52,78.71,80.36,8679100,689775360.0
20251210110000000,80.37,81.7,80.08,81.01,7694400,622849536.0
20251210113000000,81.0,81.3,80.38,80.57,3921600,316526080.0
20251210133000000,80.57,81.24,80.05,80.17,5291200,425536512.0
20251210140000000,80.16,80.88,80.13,80.62,5296000,425722368.0
20251210143000000,80.62,81.32,80.28,81.09,5518700,447016448.0
20251210150000000,81.09,81.14,80.36,80.57,10040600,809276416.0
20251211100000000,80.03,80.58,78.81,80.01,14011900,1118418811.0
20251211103000000,79.97,80.92,79.57,80.8,7221600,580001157.0
20251211110000000,80.8,80.92,80.09,80.71,4328100,348614784.0
20251211113000000,80.72,80.95,80.11,80.28,3064300,247052153.0
20251211133000000,80.2,80.2,78.88,79.53,6232900,494029575.0
20251211140000000,79.57,80.6,79.45,80.18,3865600,309439744.0
20251211143000000,80.2,80.22,79.01,79.4,4681800,372952576.0
20251211150000000,79.43,79.93,78.76,78.76,7224500,572476928.0
20251212100000000,78.01,81.73,77.98,81.35,22286700,1774540032.0
20251212103000000,81.98,83.75,80.46,82.86,27537600,2270108672.0
20251212110000000,82.84,83.8,82.12,83.78,13716400,1137235200.0
20251212113000000,83.84,85.8,83.21,84.53,19649100,1661372416.0
20251212133000000,84.46,85.45,83.75,84.32,17872900,1512668672.0
20251212140000000,84.38,85.4,84.07,85.09,12327800,1043162112.0
20251212143000000,85.09,85.93,84.78,85.86,12490400,1065981952.0
20251212150000000,85.88,85.9,84.59,84.86,19751800,1679093760.0
20251215100000000,81.0,81.92,79.19,81.33,37211400,2995621120.0
20251215103000000,81.27,81.65,80.1,80.99,10377900,839739392.0
20251215110000000,80.97,81.85,80.51,81.59,6578400,533898496.0
20251215113000000,81.53,82.03,80.0,81.18,7993000,646226944.0
20251215133000000,81.15,81.8,80.68,80.76,4301400,349624835.0
20251215140000000,80.76,81.39,80.5,81.3,3172500,256351741.0
20251215143000000,81.24,81.5,80.73,80.9,3348800,271517697.0
20251215150000000,80.86,81.35,80.02,80.11,6490400,523310079.0
20251216100000000,80.0,81.68,79.5,81.0,13183300,1061779454.0
20251216103000000,81.05,81.05,79.04,79.43,5584100,446740994.0
20251216110000000,79.44,79.69,78.57,79.52,5536100,437718272.0
20251216113000000,79.49,79.6,78.68,78.85,2915000,230357504.0
20251216133000000,78.84,79.39,77.8,78.03,4860300,381013248.0
20251216140000000,78.03,78.88,77.87,78.58,3246300,254549760.0
20251216143000000,78.59,79.46,78.34,78.6,3639100,287196672.0
20251216150000000,78.6,78.67,78.0,78.18,5275800,412834304.0
20251217100000000,77.56,79.0,77.55,77.95,10134600,793777986.0
20251217103000000,77.9,78.93,77.45,78.93,4814400,376133822.0
20251217110000000,78.97,80.05,78.97,79.62,5959000,473679872.0
20251217113000000,79.62,80.65,79.32,80.2,4517600,361541888.0
20251217133000000,80.15,81.8,79.66,81.09,5929000,479458304.0
20251217140000000,81.0,81.81,80.68,81.8,4568500,371416832.0
20251217143000000,81.8,82.18,81.22,81.47,5125300,418921984.0
20251217150000000,81.49,81.87,81.17,81.41,5504100,448426240.0
20251218100000000,79.06,79.8,78.1,79.03,13753700,1085710855.0
20251218103000000,78.94,79.03,77.06,77.6,10081100,784365049.0
20251218110000000,77.61,77.61,76.57,76.68,6597000,507806720.0
20251218113000000,76.66,77.68,76.61,77.34,2364800,182535168.0
20251218133000000,77.33,77.91,77.06,77.87,2776500,215227911.0
20251218140000000,77.87,77.87,76.8,76.83,2400500,185072121.0
20251218143000000,76.82,77.07,76.58,76.67,3087900,236929024.0
20251218150000000,76.66,76.86,76.33,76.35,5619700,429760512.0
20251219100000000,77.0,78.3,75.56,76.03,11919300,912731266.0
20251219103000000,76.02,77.13,75.16,76.67,5398100,410826874.0
20251219110000000,76.67,76.88,76.29,76.76,1676500,128398212.0
20251219113000000,76.6,76.64,76.2,76.4,1198700,91635589.0
20251219133000000,76.54,76.89,75.88,76.02,1859400,141734903.0
20251219140000000,76.01,76.35,75.88,75.99,1236700,94097276.0
20251219143000000,75.98,76.27,75.86,76.09,1466300,111505412.0
20251219150000000,76.07,76.11,75.58,75.62,3991000,302313604.0
20251222100000000,76.35,79.95,76.35,79.35,16623400,1313305984.0
20251222103000000,79.34,80.8,79.14,80.38,10982600,878069888.0
20251222110000000,80.41,80.51,79.82,79.93,2553700,204464640.0
20251222113000000,79.99,80.62,79.91,80.07,3816600,306410752.0
20251222133000000,80.04,82.0,80.0,81.66,11483500,933682944.0
20251222140000000,81.63,82.4,81.63,81.78,5703700,467954944.0
20251222143000000,81.77,82.18,81.75,82.08,3898800,319623424.0
20251222150000000,82.07,82.18,81.08,81.82,5550700,454609920.0
20251223100000000,81.67,82.8,81.08,81.37,9241600,753849539.0
20251223103000000,81.35,81.72,80.66,81.67,5355500,434271421.0
20251223110000000,81.72,82.49,81.61,82.31,4509800,370265088.0
20251223113000000,82.34,82.63,81.54,81.96,2854400,234192510.0
20251223133000000,82.0,82.23,81.21,81.45,2640300,215590402.0
20251223140000000,81.49,81.69,81.09,81.09,2197500,178919936.0
20251223143000000,81.09,81.36,80.88,80.88,2441400,198042112.0
20251223150000000,80.91,81.31,80.6,81.31,3416900,276468224.0
20251224100000000,81.9,82.04,80.7,81.44,8980200,730990460.0
20251224103000000,81.52,82.38,80.92,81.98,5383500,439595140.0
20251224110000000,81.9,82.08,81.48,81.8,5037900,411853190.0
20251224113000000,81.72,82.52,81.07,81.93,7945400,649992320.0
20251224133000000,81.81,83.81,81.7,83.46,9218500,763228154.0
20251224140000000,83.46,84.8,83.44,83.94,9311900,784052224.0
20251224143000000,83.93,84.43,83.83,84.29,3967100,333769984.0
20251224150000000,84.3,84.3,83.98,84.1,5503300,462798080.0
20251225100000000,86.64,89.2,84.85,85.27,33655700,2930095616.0
20251225103000000,85.25,86.09,83.98,85.06,6718300,569697792.0
20251225110000000,85.04,85.88,84.41,85.85,2451800,208523264.0
20251225113000000,85.86,87.8,85.65,87.8,3987700,344595968.0
20251225133000000,88.03,88.09,86.26,86.7,5466500,477048324.0
20251225140000000,86.7,86.99,85.62,86.26,3348800,288920060.0
20251225143000000,86.29,86.63,86.13,86.41,1692300,146146299.0
20251225150000000,86.43,86.96,85.8,85.88,4973600,428874245.0
20251226100000000,84.78,86.51,83.3,85.33,20231900,1710358272.0
20251226103000000,85.29,86.35,85.01,85.11,3222600,276014080.0
20251226110000000,85.11,85.77,84.82,85.0,2699600,229908224.0
20251226113000000,85.02,85.5,83.91,84.3,3113900,263320832.0
20251226133000000,84.3,85.03,83.91,84.26,3184800,269043448.0
20251226140000000,84.21,84.6,83.8,84.29,3410600,287131654.0
20251226143000000,84.29,84.37,83.8,84.0,2477500,208276482.0
20251226150000000,84.0,85.61,83.79,85.49,5326900,452799744.0
20251229100000000,84.3,87.07,84.28,86.21,16005800,1375217920.0
20251229103000000,86.21,88.98,86.21,88.04,11164000,978947072.0
20251229110000000,88.06,90.74,87.25,90.46,8921500,798150400.0
20251229113000000,90.53,91.04,89.55,89.55,5125800,463213056.0
20251229133000000,89.53,89.91,88.05,88.25,3877000,343771904.0
20251229140000000,88.28,88.28,87.4,87.44,3195200,280238592.0
20251229143000000,87.43,87.43,86.8,87.04,4472300,389513984.0
20251229150000000,87.04,88.02,86.72,88.0,4711100,411910145.0
20251230100000000,88.01,90.84,87.5,90.36,18609100,1662137088.0
20251230103000000,90.35,90.35,86.97,87.12,8234500,726268928.0
20251230110000000,87.02,87.83,87.02,87.53,2451800,214272000.0
20251230113000000,87.53,88.1,87.21,87.53,1758700,154071808.0
20251230133000000,87.64,87.85,86.81,87.8,3562900,311010304.0
20251230140000000,87.79,88.02,87.08,87.78,2847900,249598208.0
20251230143000000,87.76,88.17,87.5,87.79,2214000,194462464.0
20251230150000000,87.8,87.98,87.05,87.4,4115500,359817728.0
20251231100000000,88.0,88.03,85.61,87.4,7661700,662463428.0
20251231103000000,87.36,88.16,85.95,86.06,3835000,334059134.0
20251231110000000,85.96,86.3,84.79,84.89,5217300,445497918.0
20251231113000000,84.88,85.27,84.3,84.36,5134600,434744448.0
20251231133000000,84.35,84.94,84.2,84.71,3025200,255542528.0
20251231140000000,84.79,85.03,84.35,84.51,2391800,202490112.0
20251231143000000,84.49,84.62,84.27,84.53,2136000,180414720.0
20251231150000000,84.54,84.8,84.2,84.65,4490600,379114752.0
20260105100000000,84.65,85.47,82.96,83.0,11290662,948434179.49
20260105103000000,83.18,84.46,82.84,84.3,5476977,458180838.99
20260105110000000,84.36,84.85,83.93,84.01,3821400,322767730.0
20260105113000000,83.96,84.5,83.7,84.36,3425351,287756266.03
20260105133000000,84.49,84.49,82.85,83.4,5004490,417112107.47
20260105140000000,83.4,84.99,83.4,84.44,3232804,272044362.96
20260105143000000,84.44,84.96,84.3,84.65,3082456,260878980.49
20260105150000000,84.6,84.73,84.33,84.66,3586868,303163652.2
20260106100000000,83.2,83.21,81.12,81.12,22121840,1817662521.71
20260106103000000,81.11,81.2,80.0,80.78,12532216,1010175775.3
20260106110000000,80.77,80.9,80.07,80.7,4240903,341233065.97
20260106113000000,80.69,81.33,80.69,80.83,2373865,192307272.43
20260106133000000,80.85,81.49,80.5,80.59,4504000,364335507.29
20260106140000000,80.62,81.73,80.5,81.73,2839874,230112176.91
20260106143000000,81.74,81.74,81.15,81.53,2273900,185155080.0
20260106150000000,81.53,81.55,81.25,81.49,3765105,306361145.99
20260107100000000,82.0,82.17,80.02,80.18,17743075,1436368698.32
20260107103000000,80.18,81.97,80.08,81.52,6753015,548322837.73
20260107110000000,81.52,81.52,80.83,80.88,3283558,266293134.86
20260107113000000,80.88,81.44,80.84,81.17,2753549,223104983.53
20260107133000000,81.17,81.17,79.89,79.89,7999483,641995974.64
20260107140000000,79.89,80.51,79.38,80.27,5810553,463535247.3
20260107143000000,80.28,80.97,80.28,80.55,3003250,241970163.0
20260107150000000,80.54,80.71,80.3,80.6,3114512,250901448.95
20260108100000000,80.3,81.9,78.82,81.78,14571283,1174801008.52
20260108103000000,81.79,82.44,81.25,82.44,7319022,599069260.1
20260108110000000,82.46,83.79,82.46,82.9,12005715,998782585.8
20260108113000000,82.92,82.99,81.99,82.34,2736606,225833643.12
20260108133000000,82.33,82.33,81.38,81.7,2903744,237421080.53
20260108140000000,81.72,81.72,80.86,81.01,3294135,267529809.83
20260108143000000,81.1,81.34,80.54,81.33,2596998,209989210.25
20260108150000000,81.34,81.4,80.81,81.11,2555422,206997298.57
20260109100000000,79.66,80.0,78.33,79.55,15035073,1187807699.44
20260109103000000,79.78,81.11,79.31,81.05,4738392,379541252.58
20260109110000000,81.1,81.23,80.14,80.87,3384300,273103019.05
20260109113000000,80.87,81.68,80.3,81.0,3200084,259416984.05
20260109133000000,81.01,83.0,81.01,82.31,7129319,587277455.08
20260109140000000,82.3,82.31,81.59,81.68,1724400,141341825.0
20260109143000000,81.67,81.74,81.21,81.32,1457799,118696419.24
20260109150000000,81.31,81.47,80.9,81.46,3948388,320826457.1
20260112100000000,80.65,80.79,75.88,76.16,33353382,2582379084.65
20260112103000000,76.24,77.0,76.16,76.18,9577072,732470427.51
20260112110000000,76.18,77.78,76.1,77.27,4939014,380925959.36
20260112113000000,77.26,78.07,76.95,77.73,4160375,322416858.26
20260112133000000,77.8,78.73,77.62,78.07,4481579,350353960.35
20260112140000000,78.09,78.6,77.8,78.6,2756721,215686814.78
20260112143000000,78.61,79.62,78.55,79.28,3981329,314802402.93
20260112150000000,79.27,79.28,77.95,78.44,6160221,482493363.13
20260113100000000,78.43,80.18,77.95,78.25,19688446,1553113112.24
20260113103000000,78.26,78.53,77.06,77.08,8605151,668641523.09
20260113110000000,77.08,77.55,77.01,77.06,5119278,394884449.66
20260113113000000,77.06,77.22,76.68,76.98,5281028,405990429.18
20260113133000000,77.1,77.2,76.66,76.69,4085982,313851228.76
20260113140000000,76.66,76.86,76.14,76.59,5332454,407335852.98
20260113143000000,76.57,76.6,76.2,76.41,2479059,189253248.08
20260113150000000,76.36,76.57,75.96,76.36,5018985,382373523.29
20260114100000000,76.7,76.78,75.05,76.52,12608520,956324852.67
20260114103000000,76.56,76.88,75.75,76.3,6346808,484408579.06
20260114110000000,76.3,76.3,75.51,76.06,4085701,310083798.85
20260114113000000,76.06,76.87,76.0,76.64,4811556,367898594.84
20260114133000000,76.7,76.7,75.03,76.7,6980170,528109943.06
20260114140000000,76.75,77.5,75.9,75.92,5990800,460457085.0
20260114143000000,75.9,76.06,75.61,75.99,2537500,192534887.05
20260114150000000,75.98,76.2,75.81,76.2,2718782,206673565.36
20260115100000000,75.0,78.49,75.0,78.0,15422340,1195374955.42
20260115103000000,77.93,78.0,76.66,77.02,5690297,440231904.31
20260115110000000,77.04,77.58,76.91,77.07,2049500,158222379.72
20260115113000000,77.07,77.2,76.72,76.97,1605600,123592977.0
20260115133000000,76.97,77.75,76.72,77.46,2631900,203795322.51
20260115140000000,77.46,78.0,77.45,78.0,3003756,233548795.6
20260115143000000,78.05,79.5,77.91,79.2,11966046,943234824.39
20260115150000000,79.17,79.63,78.9,79.38,6837440,542718995.54
20260116100000000,80.22,81.3,79.6,80.03,13011524,1046757172.9
20260116103000000,80.03,81.5,80.0,80.8,7504378,606740558.05
20260116110000000,80.81,81.95,80.23,81.89,5231099,424120957.53
20260116113000000,81.92,81.96,80.8,80.88,3890700,316564535.08
20260116133000000,80.88,81.0,79.88,80.78,4144865,333122542.38
20260116140000000,80.76,80.96,80.32,80.5,2384663,192243248.94
20260116143000000,80.51,80.8,80.2,80.61,2094084,168546934.88
20260116150000000,80.57,80.8,80.3,80.33,3844875,309454714.01
20260119100000000,78.77,78.95,77.02,77.79,17127887,1329027559.03
20260119103000000,77.8,78.17,77.26,77.57,5671566,440339051.75
20260119110000000,77.54,78.03,77.45,77.96,3101727,241157505.39
20260119113000000,77.95,77.96,77.3,77.38,2598559,201623091.1
20260119133000000,77.39,78.6,77.36,77.99,3561294,277835709.89
20260119140000000,77.99,78.1,77.43,77.45,2478075,192392022.25
20260119143000000,77.44,78.24,77.43,78.1,2543100,197892243.08
20260119150000000,78.11,78.26,77.78,77.81,3584404,279369764.52
20260120100000000,77.5,77.7,75.36,75.92,13332695,1018943682.3
20260120103000000,75.95,76.08,73.77,74.3,12930503,965988295.57
20260120110000000,74.31,74.98,73.87,74.09,4385300,325877321.52
20260120113000000,74.08,74.17,73.3,73.4,5970477,440517071.41
20260120133000000,73.4,74.42,73.18,74.35,3383953,249039135.04
20260120140000000,74.38,74.41,73.61,73.71,3126945,231375983.0
20260120143000000,73.71,73.96,73.06,73.07,4466196,327797501.98
20260120150000000,73.06,74.01,73.0,74.0,5384885,394851678.36
20260121100000000,73.1,74.97,73.09,74.46,8590094,636645851.18
20260121103000000,74.45,74.97,74.34,74.96,3744076,279509722.68
20260121110000000,74.96,74.97,74.48,74.58,1948872,145736338.16
20260121113000000,74.57,75.19,74.55,74.56,3531080,264373338.96
20260121133000000,74.58,75.44,74.58,74.83,3203700,240442733.0
20260121140000000,74.81,75.35,74.76,75.14,2842678,213553097.0
20260121143000000,75.13,75.18,74.37,74.57,3327606,248969226.52
20260121150000000,74.56,75.0,74.5,74.6,3804610,284228688.16
20260122100000000,75.21,75.22,74.0,74.2,10090677,752668532.15
20260122103000000,74.21,74.33,73.5,73.74,6264594,462911766.82
20260122110000000,73.79,74.73,73.66,74.63,2529100,187911006.0
20260122113000000,74.6,74.64,73.8,73.81,1839495,136333983.0
20260122133000000,73.83,74.98,73.8,74.79,3629749,270443523.27
20260122140000000,74.78,74.8,74.13,74.4,2228602,165770256.58
20260122143000000,74.4,75.35,74.14,75.34,5233700,390807467.0
20260122150000000,75.36,75.93,75.25,75.93,9883200,747208423.08
20260123100000000,75.73,75.73,73.01,73.05,18688935,1381611103.48
20260123103000000,73.06,73.46,73.04,73.15,6170966,451949856.58
20260123110000000,73.15,73.59,73.01,73.1,4151600,303606766.89
20260123113000000,73.11,73.24,73.0,73.1,4200183,306828706.22
20260123133000000,73.11,73.54,73.0,73.14,3781724,276639601.17
20260123140000000,73.12,73.37,73.12,73.25,2171162,159083764.64
20260123143000000,73.23,73.25,73.06,73.13,2626152,192080571.5
20260123150000000,73.12,73.19,73.01,73.1,5563794,406622394.68
20260126100000000,73.0,74.32,72.3,73.19,9808649,718971028.75
20260126103000000,73.15,73.92,72.97,73.72,3675751,269568181.58
20260126110000000,73.71,73.88,72.8,72.8,3044381,223197795.42
20260126113000000,72.8,73.46,72.7,73.3,1412100,103188387.0
20260126133000000,73.32,73.32,72.76,72.82,1836300,134057698.96
20260126140000000,72.83,72.88,72.4,72.61,2760117,200412323.68
20260126143000000,72.6,73.13,72.15,73.07,2990683,217166838.27
20260126150000000,73.08,73.21,72.67,73.11,3218167,234897238.43
20260127100000000,72.5,73.3,72.17,72.36,5206042,378458539.29
20260127103000000,72.36,74.37,71.7,74.25,12151780,891848607.34
20260127110000000,74.2,75.18,74.14,74.78,10253275,766027687.48
20260127113000000,74.68,75.68,74.5,75.5,8263144,622141580.06
20260127133000000,75.5,76.22,75.5,76.01,7169752,544343930.44
20260127140000000,76.0,76.19,75.31,75.31,3579468,271296740.48
20260127143000000,75.31,76.85,75.03,76.69,6750919,513414411.14
20260127150000000,76.7,77.0,76.45,76.54,9057408,695647749.68
20260128100000000,76.99,77.85,75.87,76.23,15408208,1184454001.7
20260128103000000,76.2,76.22,74.9,75.23,5549316,418942593.92
20260128110000000,75.23,75.35,74.8,74.8,4394500,329612659.71
20260128113000000,74.8,76.06,74.75,75.98,3713256,280362056.36
20260128133000000,76.0,76.05,74.81,74.85,3858700,290417215.0
20260128140000000,74.85,75.5,74.83,75.25,2145600,161280649.18
20260128143000000,75.43,75.75,75.15,75.61,2876664,217179199.6
20260128150000000,75.59,75.67,74.7,74.83,5460700,409391439.5
20260129100000000,75.56,77.47,75.44,75.92,11167837,852687481.77
20260129103000000,75.9,76.66,74.92,76.41,4853499,367280818.57
20260129110000000,76.4,77.0,75.72,76.13,3897118,297785576.0
20260129113000000,76.14,76.48,75.32,75.5,2725224,206627840.08
20260129133000000,75.5,76.64,75.12,75.88,4874883,370265791.39
20260129140000000,76.0,76.2,75.23,75.42,2758656,208684046.06
20260129143000000,75.42,75.94,75.13,75.35,2450861,184934746.88
20260129150000000,75.31,75.43,75.06,75.18,3469202,260871525.22
20260130100000000,73.52,75.13,73.52,74.56,4921798,366828030.65
20260130103000000,74.53,76.16,74.43,74.94,5269902,397742237.06
20260130110000000,74.88,77.18,74.84,77.01,8992564,686628301.3
20260130113000000,77.0,77.29,76.65,77.29,6273279,483443061.8
20260130133000000,77.31,78.3,77.3,78.05,8184698,637582858.5
20260130140000000,78.1,78.15,77.69,77.79,4726492,368721252.04
20260130143000000,77.8,78.1,77.51,77.51,2958400,230613748.48
20260130150000000,77.57,77.82,77.29,77.36,3495208,270776120.4
20260202100000000,77.39,80.43,77.3,80.2,19366056,1534552526.24
20260202103000000,80.1,80.32,78.5,78.65,7854429,624277663.9
20260202110000000,78.67,78.68,77.8,77.87,4061382,317526429.84
20260202113000000,77.89,78.41,77.79,77.86,2338000,182512687.0
20260202133000000,77.87,78.2,77.54,77.72,3389700,264073184.0
20260202140000000,77.75,78.8,77.63,78.76,3487000,272167977.55
20260202143000000,78.76,79.55,78.66,78.8,5507000,435842836.98
20260202150000000,78.81,78.81,77.77,77.87,5252288,410804763.16
20260203100000000,78.87,80.31,78.29,79.19,12493893,992015053.54
20260203103000000,79.15,79.4,77.5,77.8,7057787,551509997.73
20260203110000000,77.8,77.87,77.06,77.16,4785682,370291440.16
20260203113000000,77.16,77.51,77.0,77.07,3040700,234654358.0
20260203133000000,77.14,77.87,76.93,77.26,4079657,315078035.84
20260203140000000,77.28,77.88,77.19,77.64,2528700,196023127.0
20260203143000000,77.63,77.77,77.04,77.05,3741600,289058408.0
20260203150000000,77.05,77.25,76.91,77.02,6391350,492222465.56
20260204100000000,76.2,76.2,72.53,73.04,19023128,1405645478.01
20260204103000000,73.03,73.9,72.92,73.2,4552100,333851781.98
20260204110000000,73.19,73.66,72.9,72.9,2986200,218360558.0
20260204113000000,72.91,72.96,72.6,72.61,3420500,248846333.0
20260204133000000,72.62,72.62,72.03,72.26,7453649,538738175.5
20260204140000000,72.27,72.5,72.1,72.1,3944522,285159887.81
20260204143000000,72.11,72.53,71.89,72.15,6428532,463365533.57
20260204150000000,72.17,72.97,72.13,72.94,4193255,304633469.53
20260205100000000,71.8,71.91,67.55,67.58,26949570,1870862258.54
20260205103000000,67.58,68.26,67.22,67.64,11489295,777073739.15
20260205110000000,67.62,69.12,67.62,69.12,6313803,431732583.11
20260205113000000,69.13,69.69,68.5,68.53,4509600,311882305.0
20260205133000000,69.21,73.9,69.21,73.9,17166315,1239615756.47
20260205140000000,73.93,74.35,73.0,73.01,7125523,526815175.76
20260205143000000,73.01,73.29,72.51,72.75,3096800,225923097.0
20260205150000000,72.74,73.81,72.74,73.4,5875787,431231386.04
20260206100000000,70.84,71.58,69.39,71.12,19879240,1400875856.34
20260206103000000,71.11,71.46,70.41,71.27,5351900,379232021.56
20260206110000000,71.28,74.47,71.28,74.09,14496565,1058199249.72
20260206113000000,74.11,74.98,73.71,74.9,10229600,761797485.26
20260206133000000,74.85,74.94,73.01,73.44,8259434,609736421.36
20260206140000000,73.44,73.6,73.0,73.32,3451900,252849253.0
20260206143000000,73.33,73.56,72.78,73.19,4006500,293332440.76
20260206150000000,73.2,73.2,72.3,72.47,5565584,404613330.56
20260209100000000,74.71,75.5,73.95,75.4,21880933,1639578675.73
20260209103000000,75.38,75.69,74.11,74.59,11306001,849134548.73
20260209110000000,74.57,74.77,73.56,74.42,6398317,474086115.05
20260209113000000,74.4,74.8,74.24,74.69,3268836,243617665.4
20260209133000000,74.85,75.86,74.85,75.05,6705471,505133696.61
20260209140000000,75.04,75.35,74.7,74.88,2475400,185716657.34
20260209143000000,74.89,75.08,74.74,74.83,2506384,187872700.63
20260209150000000,74.81,74.94,74.7,74.91,3546703,265500989.52
20260210100000000,75.03,78.68,74.9,77.69,24039062,1866311430.04
20260210103000000,77.69,78.11,77.17,77.2,5703546,442744371.6
20260210110000000,77.2,77.98,76.96,77.68,5565012,431274588.62
20260210113000000,77.68,77.7,77.01,77.03,2901510,224095758.0
20260210133000000,77.04,77.32,76.52,77.08,2748900,211786146.0
20260210140000000,77.08,77.45,77.02,77.11,1634000,126162594.0
20260210143000000,77.09,77.3,77.0,77.12,2575760,198771660.6
20260210150000000,77.12,77.17,76.81,77.03,4886196,376385078.08
20260211100000000,76.5,77.49,73.0,73.5,19785533,1478879656.71
20260211103000000,73.5,73.5,72.4,73.08,16270200,1184757107.82
20260211110000000,73.1,73.33,72.63,72.75,3593700,262573747.88
20260211113000000,72.75,72.82,72.5,72.52,3946100,286669748.0
20260211133000000,72.53,72.65,72.24,72.34,5623700,406924340.0
20260211140000000,72.34,73.08,72.21,72.53,4703800,341235136.0
20260211143000000,72.53,72.91,72.31,72.42,3379300,245453229.16
20260211150000000,72.42,72.46,72.28,72.33,6412315,463927645.6
20260212100000000,72.5,73.31,72.01,72.9,8881303,646576214.87
20260212103000000,72.92,73.05,71.93,71.97,5399289,390262834.9
20260212110000000,71.97,72.13,71.58,72.12,3618000,259739244.0
20260212113000000,72.14,76.62,72.12,76.38,18942173,1416394539.88
20260212133000000,76.38,77.5,76.06,76.73,14617852,1123165115.78
20260212140000000,76.74,77.2,76.72,77.02,8152257,627795642.25
20260212143000000,77.01,77.76,76.95,77.69,10197730,788473982.6
20260212150000000,77.69,77.69,77.14,77.38,7343327,567869762.25
20260213100000000,76.08,78.33,75.28,77.64,15695420,1206170943.0
20260213103000000,77.64,77.87,76.33,76.99,4579938,352107157.22
20260213110000000,77.02,77.02,76.51,76.63,2032600,155961501.0
20260213113000000,76.63,77.34,76.6,76.89,2553600,196771937.0
20260213133000000,76.8,76.96,76.35,76.46,3850552,294766420.2
20260213140000000,76.46,79.43,76.46,78.43,15501272,1218457902.2
20260213143000000,78.4,78.45,77.82,78.09,5554500,433860870.0
20260213150000000,78.05,78.3,77.92,77.98,7465295,582866653.84
20260224100000000,80.38,80.99,78.01,80.28,21913244,1746912983.91
20260224103000000,80.3,81.0,79.66,80.08,9166200,736587183.0
20260224110000000,80.07,80.43,79.5,79.97,4295862,343035698.94
20260224113000000,79.97,80.5,79.79,80.0,3267202,262067507.62
20260224133000000,79.9,79.9,78.33,78.6,7306400,577688128.37
20260224140000000,78.47,79.05,78.47,78.89,2466009,194290944.1
20260224143000000,78.86,78.98,78.78,78.92,1726637,136180713.6
20260224150000000,78.89,79.17,78.86,78.91,3791200,299405689.64
20260225100000000,78.98,81.49,78.58,79.48,18431780,1481420115.77
20260225103000000,79.5,80.05,79.0,79.11,5398908,429029908.21
20260225110000000,79.12,79.73,78.56,79.65,4587000,362374750.0
20260225113000000,79.57,81.15,79.21,81.13,5907544,474683116.37
20260225133000000,81.13,81.13,79.14,79.5,4493289,358861761.53
20260225140000000,79.51,79.8,79.02,79.24,3854000,305604463.5
20260225143000000,79.24,79.8,79.22,79.31,2546989,202455488.51
20260225150000000,79.3,79.53,79.28,79.52,4196429,333390612.74
20260226100000000,79.7,83.66,79.7,83.48,33650211,2758203179.49
20260226103000000,83.46,85.85,83.17,85.15,18611373,1568407037.14
20260226110000000,85.1,86.51,84.84,85.91,10011643,860206662.37
20260226113000000,85.92,87.28,85.76,86.86,9198352,797161442.66
20260226133000000,86.87,87.47,86.65,86.81,17350149,1513673320.9
20260226140000000,86.83,87.1,86.47,86.8,4832278,419414412.36
20260226143000000,86.8,86.97,86.1,86.1,5272537,456542810.28
20260226150000000,86.11,86.24,85.5,85.89,9482374,813343071.42
20260227100000000,84.05,88.29,84.05,86.95,32793157,2843502750.32
20260227103000000,86.95,87.87,86.58,87.2,8486690,740789812.59
20260227110000000,87.23,87.23,86.3,86.5,5434102,471317096.08
20260227113000000,86.44,87.15,85.75,86.07,5149083,444613652.59
20260227133000000,86.08,86.72,85.92,86.26,4135543,356458399.21
20260227140000000,86.32,86.6,85.48,85.48,5168856,444467838.52
20260227143000000,85.45,85.75,85.11,85.17,7831679,668598959.48
20260227150000000,85.12,85.62,84.6,85.55,10261924,872769760.06
20260302100000000,84.0,88.2,84.0,87.2,21953464,1894309622.29
20260302103000000,87.1,89.06,87.1,87.69,15122456,1331653750.94
20260302110000000,87.71,89.34,87.57,88.46,6517890,578133161.6
20260302113000000,88.46,89.04,87.58,88.98,4591786,404956688.81
20260302133000000,89.05,91.03,88.98,90.31,12211834,1101221536.46
20260302140000000,90.33,91.9,89.68,89.7,9986199,905936508.8
20260302143000000,89.63,91.16,89.57,91.09,8509611,771023030.84
20260302150000000,91.07,91.67,90.95,91.03,9699688,885121019.16
20260303100000000,95.57,96.18,93.7,94.18,42213276,4008006212.44
20260303103000000,94.07,95.55,92.83,94.68,14436574,1357395381.03
20260303110000000,94.65,96.18,94.3,95.85,8630372,823444010.34
20260303113000000,95.79,97.3,95.79,96.99,9092250,878319456.24
20260303133000000,97.03,98.66,96.47,97.08,12337898,1203604203.61
20260303140000000,97.03,97.2,95.55,95.82,7738300,744864377.0
20260303143000000,95.78,95.8,94.2,95.46,12458890,1182960821.53
20260303150000000,95.4,95.92,94.11,94.88,9995720,945985022.38
20260304100000000,91.0,94.5,91.0,91.53,22928624,2132295048.12
20260304103000000,91.49,94.99,91.49,93.1,8856375,827567287.02
20260304110000000,93.11,93.36,92.01,92.6,5707529,529174253.79
20260304113000000,92.6,96.14,92.41,94.58,7966896,755313663.88
20260304133000000,95.0,96.43,94.17,95.45,10644200,1015697874.0
20260304140000000,95.44,96.23,94.74,95.16,4177500,399106603.24
20260304143000000,95.15,95.38,94.43,94.64,3492878,331440531.34
20260304150000000,94.64,95.0,94.24,95.0,6611412,625361263.46
20260305100000000,97.85,97.85,92.58,94.8,25748268,2433984153.85
20260305103000000,94.9,97.17,94.9,97.1,16401561,1576650722.17
20260305110000000,96.98,97.01,93.0,93.37,8100006,765352577.62
20260305113000000,93.29,93.95,92.96,93.83,5791488,540041742.05
20260305133000000,93.76,94.5,93.39,93.78,3724202,349604412.16
20260305140000000,93.79,93.79,92.57,92.75,5299781,492653505.3
20260305143000000,92.72,92.75,92.02,92.58,5393430,498080623.48
20260305150000000,92.58,93.2,92.22,92.7,7468887,690510937.49
20260306100000000,90.06,92.15,88.0,88.18,30175910,2698055041.19
20260306103000000,88.18,89.6,88.16,89.36,9046300,805463540.6
20260306110000000,89.37,90.87,89.32,90.6,6696519,603270686.42
20260306113000000,90.59,92.87,90.58,92.71,5692100,523719826.72
20260306133000000,92.76,97.6,92.72,95.77,17644443,1692065365.55
20260306140000000,95.7,98.39,95.48,95.77,10566161,1023687229.77
20260306143000000,95.63,95.77,94.91,95.04,4241544,403841228.16
20260306150000000,95.03,95.55,94.67,95.45,6049570,575081330.11
20260309100000000,90.3,90.59,87.38,88.34,34457089,3050275048.58
20260309103000000,88.38,91.18,88.16,89.82,10716975,966580515.39
20260309110000000,89.8,91.1,89.55,90.02,4624192,416774445.16
20260309113000000,90.35,91.75,90.35,91.18,4476400,408168715.0
20260309133000000,91.2,92.32,90.25,92.17,4759281,433897301.39
20260309140000000,92.08,94.22,91.77,94.22,6701875,624431642.49
20260309143000000,94.22,97.54,94.03,97.51,11227353,1072164091.87
20260309150000000,97.52,98.32,96.51,98.24,13479412,1313720404.41
20260310100000000,102.0,105.26,101.65,104.45,41245043,4271429506.36
20260310103000000,104.45,105.79,102.83,105.0,14542861,1516436441.28
20260310110000000,105.02,107.57,105.02,106.58,11568055,1234120962.17
20260310113000000,106.58,107.51,105.79,106.71,5601947,597302395.97
20260310133000000,106.7,108.06,106.25,108.06,13155048,1416404820.24
20260310140000000,108.06,108.06,108.06,108.06,3485349,376626812.94
20260310143000000,108.06,108.06,108.06,108.06,641234,69291746.04
20260310150000000,108.06,108.06,108.06,108.06,1093661,118181007.66
20260311100000000,109.33,111.6,105.89,106.07,37558403,4088412277.54
20260311103000000,106.13,106.51,105.03,105.54,12188652,1287040560.43
20260311110000000,105.57,106.9,105.11,105.72,6147069,651171250.36
20260311113000000,105.5,105.71,104.3,105.18,6882856,722727588.3
20260311133000000,105.18,105.58,104.36,104.68,5978950,626849910.47
20260311140000000,104.55,104.84,103.73,104.61,7864259,820190697.6
20260311143000000,104.61,104.64,103.81,104.61,6172238,642749906.78
20260311150000000,104.61,105.2,103.98,104.8,8576667,895900971.03
20260312100000000,106.09,107.45,103.61,105.07,21406307,2261575229.43
20260312103000000,105.07,105.07,102.68,103.02,9034498,935163244.58
20260312110000000,102.88,103.63,102.22,102.84,5825692,598339827.78
20260312113000000,102.85,103.28,102.16,102.59,3374827,346276959.09
20260312133000000,102.53,102.98,101.22,101.65,5951009,606621952.76
20260312140000000,101.66,103.84,101.64,103.23,5853080,601416202.39
20260312143000000,103.26,105.18,103.2,103.85,7135749,743537422.32
20260312150000000,103.93,109.3,103.64,109.3,20615314,2193816499.96
20260313100000000,111.1,118.62,111.1,116.0,51622408,5998197447.6
20260313103000000,116.15,116.88,113.8,115.2,9709023,1117301382.11
20260313110000000,115.31,115.69,112.3,113.14,6884550,782090521.95
20260313113000000,113.34,114.24,112.8,113.36,3847749,436559070.21
20260313133000000,113.2,114.63,112.7,112.83,5696687,647528900.39
20260313140000000,112.85,113.92,112.25,112.6,5417809,612290245.87
20260313143000000,112.57,112.58,110.89,110.89,8880342,992820388.89
20260313150000000,111.0,111.5,110.14,110.93,11743990,1301209040.46
20260316100000000,112.71,117.28,111.21,115.64,34867996,3984029821.38
20260316103000000,115.71,115.87,112.85,114.3,8628894,982679431.92
20260316110000000,114.33,115.18,113.6,114.36,5182580,592849067.21
20260316113000000,114.31,115.33,113.91,114.73,3466752,397363582.12
20260316133000000,114.68,119.75,114.11,119.21,13667550,1607631862.32
20260316140000000,119.22,120.35,118.36,119.53,8367885,1000220348.02
20260316143000000,119.53,119.76,118.5,118.72,4300626,511751618.06
20260316150000000,118.7,119.5,117.69,119.0,8782623,1039564570.42
20260317100000000,117.0,117.0,109.26,112.42,43152724,4859496532.74
20260317103000000,112.32,112.99,111.02,111.34,8642608,966908700.16
20260317110000000,111.34,113.44,111.17,111.18,5469857,614446286.12
20260317113000000,111.17,111.27,109.7,110.32,7704685,849985798.19
20260317133000000,110.34,114.0,110.01,111.69,7788185,876380856.43
20260317140000000,111.74,111.97,110.9,111.01,4141600,461251852.0
20260317143000000,111.0,111.19,109.25,109.76,8487135,934031025.76
20260317150000000,109.73,110.36,108.92,109.71,11857733,1297454469.34
20260318100000000,111.93,113.8,106.44,106.49,31473914,3463336972.92
20260318103000000,106.74,107.48,103.1,103.28,34427817,3628493721.01
20260318110000000,103.35,106.64,103.19,104.31,13352159,1398783195.05
20260318113000000,104.26,105.29,102.97,103.2,8929232,928873599.33
20260318133000000,102.55,105.3,102.13,102.42,14484600,1492501303.3
20260318140000000,102.41,105.41,101.9,105.39,8995984,932413553.6
20260318143000000,105.41,108.27,105.41,107.89,12353489,1322505239.17
20260318150000000,107.9,109.29,107.3,107.38,13245417,1431649330.38
20260319100000000,104.0,111.27,104.0,109.93,33068477,3600485387.97
20260319103000000,110.04,111.7,110.0,111.23,10215429,1131889070.37
20260319110000000,111.3,114.09,111.26,112.4,13371381,1510344874.27
20260319113000000,112.48,114.1,112.41,113.16,4885377,554873417.25
20260319133000000,113.16,114.06,112.11,112.33,6561536,741579035.36
20260319140000000,112.33,112.88,111.88,112.35,3612773,406015362.24
20260319143000000,112.21,113.1,111.54,111.67,3931291,440928211.2
20260319150000000,111.7,111.96,110.91,111.72,7070383,788142583.76
20260320100000000,117.06,119.35,114.11,117.59,44113244,5151889337.63
20260320103000000,117.59,119.51,117.27,119.13,14030725,1664570065.76
20260320110000000,119.08,119.21,117.01,117.12,6732590,794873477.52
20260320113000000,117.17,117.48,116.0,116.9,6370510,744110577.63
20260320133000000,116.95,118.95,115.89,117.65,7240130,848561062.36
20260320140000000,117.69,117.69,116.23,116.68,3191093,372991290.69
20260320143000000,116.66,117.02,116.17,116.86,3677825,428947127.06
20260320150000000,116.87,116.93,115.68,116.06,7505493,871577859.22
20260323100000000,110.27,112.04,109.21,111.85,26945180,2972422073.81
20260323103000000,111.82,113.84,111.3,111.3,8433464,950034723.91
20260323110000000,111.25,111.97,110.04,110.04,6514010,722746954.3
20260323113000000,110.03,110.45,108.0,108.01,8921181,972409554.46
20260323133000000,107.98,109.28,106.51,106.51,8340995,898749722.12
20260323140000000,106.62,107.8,106.3,107.08,6554000,701310604.4
20260323143000000,107.01,107.01,105.01,106.0,9273074,981216960.1
20260323150000000,105.75,106.0,104.92,105.23,8356016,881176190.69
20260324100000000,108.3,108.3,102.5,103.69,25835794,2704459931.8
20260324103000000,103.68,104.52,101.76,104.52,12188933,1252325230.94
20260324110000000,104.52,105.8,104.37,105.28,5383000,565956752.54
20260324113000000,105.28,105.68,104.5,105.4,2722249,285924124.89
20260324133000000,105.4,105.48,103.02,103.18,5077121,528112905.57
20260324140000000,103.16,104.81,103.16,104.49,2583350,269311059.23
20260324143000000,104.47,107.07,104.4,106.88,5538615,586044111.0
20260324150000000,106.88,108.29,106.6,107.52,9021822,969585844.92
20260325100000000,113.9,114.57,110.46,111.57,31612265,3565461018.73
20260325103000000,111.52,113.34,111.25,113.19,9337448,1051782898.16
20260325110000000,113.24,113.24,111.28,111.8,6889908,772181846.42
20260325113000000,111.6,111.79,109.0,109.24,6862227,755148185.66
20260325133000000,109.28,111.0,109.1,110.88,5130259,564591494.81
20260325140000000,110.87,110.87,108.99,109.13,5652762,619058504.46
20260325143000000,109.16,109.33,108.0,108.04,7250063,786973135.71
20260325150000000,108.04,108.26,107.8,108.21,8483330,916651865.74
20260326100000000,107.29,108.46,106.41,108.37,21062930,2256471656.72
20260326103000000,108.36,108.4,106.5,106.56,5911741,635286940.59
20260326110000000,106.58,107.94,106.24,107.03,6705033,716579345.57
20260326113000000,106.99,109.3,106.6,107.89,8790510,952308337.91
20260326133000000,107.7,107.8,104.41,104.71,8234300,870257870.83
20260326140000000,104.71,105.33,104.14,104.24,4254800,446377491.31
20260326143000000,104.24,104.78,104.11,104.35,4373408,456786777.84
20260326150000000,104.36,104.99,103.83,104.3,6397638,667124400.04
20260327100000000,100.0,101.0,98.86,100.67,20668807,2068744999.09
20260327103000000,100.69,102.8,100.1,102.55,7868118,796188168.9
20260327110000000,102.53,102.61,100.5,100.89,5819713,590128960.25
20260327113000000,100.89,102.61,100.89,102.36,6276600,639614895.09
20260327133000000,102.55,103.95,102.37,102.51,8158500,840911910.04
20260327140000000,102.55,102.87,101.99,101.99,3930519,402349072.12
20260327143000000,101.98,102.44,101.4,101.83,4550830,463675503.81
20260327150000000,101.84,103.08,101.77,102.65,6294959,645983629.47
20260330100000000,100.81,104.4,100.81,102.07,17153711,1761087592.5
20260330103000000,102.05,102.7,101.27,102.69,5558210,566065729.16
20260330110000000,102.68,106.72,102.6,104.98,10732105,1123575116.21
20260330113000000,104.98,106.52,104.8,106.05,5326308,562580813.44
20260330133000000,105.93,106.29,104.51,104.62,3368824,353634144.32
20260330140000000,104.6,105.45,104.35,104.82,2350476,246396297.52
20260330143000000,104.82,105.6,104.73,105.26,2874600,302669908.08
20260330150000000,105.36,105.44,104.8,105.0,4530883,475936175.0
20260331100000000,102.9,105.37,101.38,105.14,13800700,1421983755.9
20260331103000000,105.14,105.26,104.0,104.25,3932933,411714128.08
20260331110000000,104.27,104.59,101.83,101.91,5336460,550209369.94
20260331113000000,101.91,102.36,100.9,100.99,6949781,705692906.98
20260331133000000,101.01,105.21,100.58,105.0,5812019,597557388.84
20260331140000000,105.0,106.39,104.68,105.18,9385370,992083845.34
20260331143000000,105.2,105.4,103.89,104.34,3904786,407635784.63
20260331150000000,104.34,104.49,103.3,103.3,7540953,782990108.18
20260401100000000,107.5,109.49,104.81,107.26,32264751,3459164389.53
20260401103000000,107.37,107.51,105.05,105.05,8405462,895639300.9
20260401110000000,105.07,107.21,104.54,106.69,5368400,566690662.14
20260401113000000,106.68,107.27,106.1,106.27,2494300,266212009.0
20260401133000000,106.27,108.86,105.88,108.62,6689716,720764085.7
20260401140000000,108.69,108.99,107.63,107.82,4237158,459005015.44
20260401143000000,107.78,109.43,107.62,109.1,5261877,572700229.04
20260401150000000,109.08,109.2,108.72,109.0,5438997,593011198.85
20260402100000000,107.05,109.41,106.5,107.71,14071669,1518737607.91
20260402103000000,107.7,107.97,106.2,106.91,6134500,655930776.8
20260402110000000,106.91,107.4,106.3,106.98,3793082,404754891.82
20260402113000000,106.97,107.26,106.3,106.45,1904200,203338044.0
20260402133000000,106.42,106.54,105.56,105.71,4614377,489088606.31
20260402140000000,105.66,105.76,105.0,105.12,4641761,488959392.04
20260402143000000,105.12,105.72,104.8,105.24,3506579,368913824.16
20260402150000000,105.2,106.25,105.06,106.25,5620748,593917635.34
20260403100000000,108.59,113.98,108.55,113.0,29090593,3253012579.86
20260403103000000,113.0,115.25,113.0,113.83,10608425,1210373549.24
20260403110000000,113.83,114.38,113.3,113.45,3518500,400561897.89
20260403113000000,113.4,113.48,111.63,111.86,3516200,394712474.18
20260403133000000,111.82,112.38,111.0,111.68,3789008,422930785.21
20260403140000000,111.66,112.97,111.38,112.35,2988000,335501753.63
20260403143000000,112.34,112.61,111.0,111.11,3089458,344764723.54
20260403150000000,111.1,111.16,110.28,110.55,5560697,615136269.83
20260407100000000,110.56,111.59,108.28,110.86,16694491,1829399190.62
20260407103000000,110.8,110.8,108.91,109.29,4686878,513684288.56
20260407110000000,109.29,109.94,108.52,108.55,2882131,314355936.28
20260407113000000,108.55,108.61,107.48,107.48,5087707,549619326.74
20260407133000000,107.63,108.33,106.87,108.05,4652700,500484651.68
20260407140000000,108.08,109.72,107.62,109.72,3596900,391203988.82
20260407143000000,109.79,109.9,108.78,109.18,3704783,404730467.22
20260407150000000,109.18,109.18,108.8,109.01,4270610,465500137.1
20260408100000000,119.91,119.91,119.91,119.91,20580702,2467831551.82
20260408103000000,119.91,119.91,119.91,119.91,1117913,134048947.83
20260408110000000,119.91,119.91,119.91,119.91,410700,49247037.0
20260408113000000,119.91,119.91,119.91,119.91,204200,24485622.0
20260408133000000,119.91,119.91,119.91,119.91,194657,23341320.87
20260408140000000,119.91,119.91,119.91,119.91,181900,21811629.0
20260408143000000,119.91,119.91,119.91,119.91,200000,23982000.0
20260408150000000,119.91,119.91,119.91,119.91,333864,40033632.24
20260409100000000,128.0,131.9,126.98,131.9,72687174,9484294076.58
20260409103000000,131.9,131.9,131.9,131.9,2053100,270803890.0
20260409110000000,131.9,131.9,131.9,131.9,925860,122120934.0
20260409113000000,131.9,131.9,131.75,131.9,6801748,897070623.8
20260409133000000,131.9,131.9,131.9,131.9,826000,108949400.0
20260409140000000,131.9,131.9,131.9,131.9,2912150,384112585.0
20260409143000000,131.9,131.9,131.9,131.9,1101200,145248280.0
20260409150000000,131.9,131.9,131.9,131.9,6351758,837796873.2
20260410100000000,132.3,136.17,132.3,134.25,49447090,6638782968.35
20260410103000000,134.27,137.2,133.5,135.2,17016459,2307036180.5
20260410110000000,135.2,138.47,134.77,137.51,11910450,1627780360.07
20260410113000000,137.39,138.92,136.0,138.55,7621751,1048920197.45
20260410133000000,139.15,145.06,139.15,142.71,26669306,3810277617.89
20260410140000000,142.7,144.99,142.7,144.36,7650297,1101141056.29
20260410143000000,144.3,145.09,143.7,145.09,10131418,1465466735.25
20260410150000000,145.09,145.09,143.55,143.55,14497695,2094292183.24
20260413100000000,143.61,149.66,143.61,148.38,48380779,7129774986.27
20260413103000000,148.3,149.49,146.1,146.49,14945944,2202098279.26
20260413110000000,146.46,147.3,145.7,146.84,7165286,1049390234.34
20260413113000000,146.85,146.85,145.6,146.25,5784155,845383281.0
20260413133000000,146.26,146.88,144.94,145.54,10579858,1539964235.0
20260413140000000,145.62,148.16,145.0,147.42,7511237,1101429883.66
20260413143000000,147.48,147.87,146.15,146.53,5589836,820267471.22
20260413150000000,146.53,147.08,146.21,146.83,8658840,1269337162.73
20260414100000000,147.0,147.2,143.6,146.88,30522417,4432658270.63
20260414103000000,146.88,147.07,144.98,146.14,11206894,1637514563.74
20260414110000000,146.14,148.18,145.96,147.14,9493963,1399807897.62
20260414113000000,147.14,148.33,146.18,147.78,5318730,782794619.27
20260414133000000,147.79,147.79,144.5,145.0,10484911,1529868118.33
20260414140000000,145.38,146.0,144.92,145.23,5680664,825464530.89
20260414143000000,145.21,145.51,144.5,144.68,5786464,838291075.48
20260414150000000,144.64,146.0,144.39,146.0,9108795,1321017107.04
20260415100000000,145.7,147.28,143.64,145.41,21104228,3061247562.85
20260415103000000,145.52,149.11,145.31,148.45,15628605,2303898104.97
20260415110000000,148.46,150.5,147.39,147.39,13512873,2016628234.18
20260415113000000,147.38,149.77,147.01,149.15,4428955,656915984.11
20260415133000000,148.99,150.98,147.4,147.6,7436608,1110498773.51
20260415140000000,147.54,147.76,146.8,147.17,4797743,706225453.56
20260415143000000,147.25,147.28,145.27,145.36,5782315,845021223.82
20260415150000000,145.48,146.1,144.51,145.8,8647496,1255516087.35
20260416100000000,145.12,147.35,144.28,146.21,17611434,2568928371.11
20260416103000000,146.2,146.95,145.05,145.18,8139939,1188995909.78
20260416110000000,145.49,147.11,145.49,146.21,6618364,967833460.91
20260416113000000,146.2,149.31,145.97,148.38,10633466,1574657607.09
20260416133000000,148.38,148.82,145.61,145.61,8576440,1263134761.98
20260416140000000,145.61,146.14,145.23,145.91,6336503,922742373.55
20260416143000000,145.92,146.83,145.5,146.83,5941355,866893917.6
20260416150000000,146.8,149.55,146.51,149.55,16803382,2490234488.81
20260417100000000,155.0,162.45,152.27,160.97,59557110,9332244077.48
20260417103000000,160.9,161.15,157.14,159.14,15474112,2464709088.19
20260417110000000,159.14,161.39,158.7,161.29,5990055,957055883.78
20260417113000000,161.22,163.96,160.62,162.14,11993200,1950190746.88
20260417133000000,162.14,163.36,158.39,163.2,9376436,1508022958.19
20260417140000000,163.06,164.06,162.36,162.95,4403485,718436776.28
20260417143000000,162.95,163.19,161.08,161.88,4749546,770655626.13
20260417150000000,161.88,162.5,161.27,162.1,7997936,1293694502.25
20260420100000000,162.08,168.08,161.09,163.31,34869088,5726612234.22
20260420103000000,163.47,164.38,161.36,162.22,12974549,2110935472.61
20260420110000000,162.22,162.77,158.76,158.76,15960005,2555308689.22
20260420113000000,158.78,159.37,156.75,158.33,13754279,2170169461.18
20260420133000000,158.3,158.3,156.03,156.19,10344381,1622634631.43
20260420140000000,156.2,156.84,155.72,155.84,6441380,1004895468.09
20260420143000000,155.85,157.57,155.74,156.29,5477346,858768250.28
20260420150000000,156.29,157.5,155.95,157.0,8602332,1347450936.07
20260421100000000,157.19,160.85,156.3,159.65,29123804,4626911132.36
20260421103000000,159.66,162.38,159.09,159.88,11955263,1925159846.09
20260421110000000,159.85,164.46,159.85,164.46,8374300,1361154769.77
20260421113000000,164.48,165.34,163.1,164.06,7796093,1281001545.6
20260421133000000,164.08,172.57,164.08,169.61,18339110,3093428873.79
20260421140000000,169.6,172.0,169.46,169.86,7174922,1225396474.31
20260421143000000,169.88,170.69,169.07,169.31,4731696,803346450.44
20260421150000000,169.38,169.85,168.72,169.4,8973687,1518399295.1
20260422100000000,172.06,183.59,171.97,179.77,42134868,7507576198.21
20260422103000000,179.67,181.9,179.0,181.0,11516255,2073090455.47
20260422110000000,181.0,183.34,180.3,181.34,6122213,1114189707.27
20260422113000000,181.34,186.34,181.0,185.19,11778329,2173838069.87
20260422133000000,185.19,186.34,183.72,186.34,9388693,1742090741.53
20260422140000000,186.34,186.34,186.34,186.34,1070050,199393117.0
20260422143000000,186.34,186.34,186.34,186.34,472784,88098570.56
20260422150000000,186.34,186.34,186.34,186.34,754472,140588312.48
20260423100000000,192.0,193.96,186.82,188.95,47984467,9165742696.74
20260423103000000,188.99,190.97,186.71,188.55,14476257,2735188243.38
20260423110000000,188.57,189.45,186.41,188.91,8234321,1544729494.32
20260423113000000,189.04,190.44,186.96,187.22,4887697,920363362.09
20260423133000000,187.0,188.99,185.02,186.35,12088640,2257495353.33
20260423140000000,186.39,190.85,186.35,189.8,6996850,1322941039.95
20260423143000000,189.86,190.41,184.19,184.27,8967498,1670759078.31
20260423150000000,184.38,187.25,184.2,186.66,9509183,1768768145.42
20260424100000000,193.5,195.97,188.88,191.48,35469440,6832916115.21
20260424103000000,191.55,191.55,186.02,187.03,12788785,2410732068.82
20260424110000000,187.05,190.05,185.57,185.7,9897159,1857984416.0
20260424113000000,185.7,185.76,181.2,181.81,19654329,3589832380.63
20260424133000000,181.0,186.33,179.04,185.9,15055513,2731458536.36
20260424140000000,185.86,186.27,183.68,184.88,6218289,1149137872.83
20260424143000000,184.88,188.26,184.85,188.01,7193652,1346602159.11
20260424150000000,188.06,190.5,186.24,187.9,11701583,2205841534.0
20260427100000000,188.0,188.79,179.0,187.9,39398926,7257917783.58
20260427103000000,187.99,189.3,185.0,187.99,11853166,2223944911.98
20260427110000000,187.98,189.15,186.39,186.62,6974289,1308232767.05
20260427113000000,186.58,187.78,185.68,187.36,3907730,730021321.4
20260427133000000,187.36,190.5,185.0,187.89,9065050,1702058509.12
20260427140000000,187.9,187.94,185.66,186.63,5215792,971984404.44
20260427143000000,186.63,186.67,184.96,186.38,6787066,1259638151.67
20260427150000000,186.38,186.7,185.67,186.7,7543091,1404806573.91
20260428100000000,187.0,189.65,181.28,185.98,24432277,4508835859.88
20260428103000000,185.94,188.69,182.72,188.62,11726574,2183351689.89
20260428110000000,188.63,188.63,184.5,184.73,6193882,1151589127.14
20260428113000000,184.73,190.0,184.5,189.9,10575273,1988796341.28
20260428133000000,190.0,190.0,185.26,185.61,7986400,1491621954.01
20260428140000000,185.58,186.1,185.08,185.28,3650100,677099163.0
20260428143000000,185.25,185.28,182.5,183.09,7549775,1386402014.05
20260428150000000,183.09,184.54,183.0,183.9,6838990,1256599279.51
20260429100000000,180.61,184.42,180.55,181.3,23403774,4261031330.1
20260429103000000,181.29,184.42,177.0,183.05,23174422,4173340686.69
20260429110000000,183.04,188.46,183.0,188.0,13357220,2480005556.11
20260429113000000,188.0,189.09,185.51,186.19,8084112,1517768454.56
20260429133000000,186.18,187.18,184.72,184.98,5206405,966580127.17
20260429140000000,185.0,185.95,184.79,184.85,4379413,812001051.28
20260429143000000,184.8,185.12,183.76,184.65,5179415,955651919.79
20260429150000000,184.6,185.04,183.9,184.25,8056323,1484914627.6
20260430100000000,189.78,191.88,183.68,185.56,31598831,5946797708.68
20260430103000000,185.32,186.88,183.01,184.16,9139789,1685520894.58
20260430110000000,184.12,186.2,182.38,184.3,6986938,1286999425.42
20260430113000000,184.21,186.5,181.93,185.82,7533124,1387356586.54
20260430133000000,185.74,189.0,184.73,188.38,9141527,1711114585.33
20260430140000000,188.38,188.72,185.48,185.75,6317996,1183286433.29
20260430143000000,185.74,187.0,185.17,186.73,4065985,756407942.46
20260430150000000,186.74,187.2,186.11,186.73,7257538,1355322906.97
20260506100000000,191.8,198.11,187.02,191.4,39701077,7653922327.17
20260506103000000,191.47,195.6,189.5,194.1,13449611,2591128902.45
20260506110000000,194.11,198.8,194.1,198.19,10863849,2142771969.04
20260506113000000,198.13,199.03,193.99,195.0,6649965,1306036659.38
20260506133000000,195.02,198.49,193.02,193.61,8211209,1603969414.7
20260506140000000,193.59,196.0,192.05,195.6,6262087,1217083233.44
20260506143000000,195.54,195.54,190.99,191.31,8329869,1601493728.55
20260506150000000,191.35,192.31,190.95,191.88,8524960,1632709872.15
20260507100000000,188.43,197.03,185.88,197.03,35644424,6762049447.26
20260507103000000,197.12,205.3,195.59,204.83,25557431,5110787369.71
20260507110000000,204.8,210.65,204.49,209.64,12647065,2628617343.35
20260507113000000,209.64,211.07,206.88,211.07,7791483,1633846551.5
20260507133000000,211.07,211.07,211.07,211.07,1748468,369049140.76
20260507140000000,211.07,211.07,211.07,211.07,1764600,372454122.0
20260507143000000,211.07,211.07,211.07,211.07,507200,107054704.0
20260507150000000,211.07,211.07,211.07,211.07,1010097,213201173.79
20260508100000000,210.0,213.34,208.0,209.08,33227079,6991535279.33
20260508103000000,209.07,209.07,206.11,208.42,13787104,2861298956.33
20260508110000000,208.45,210.5,207.56,207.56,4722493,986855521.32
20260508113000000,207.54,207.6,206.03,207.39,6494108,1343140020.59
20260508133000000,207.37,211.28,207.37,209.3,7158143,1501941361.77
20260508140000000,209.37,209.93,208.0,208.61,4857344,1013513383.42
20260508143000000,208.62,213.15,208.62,212.22,10183557,2154674811.32
20260508150000000,212.21,213.09,210.33,211.39,9109512,1923863182.24
20260511100000000,212.0,217.0,208.5,211.45,29967968,6389127306.39
20260511103000000,211.63,221.88,210.77,220.99,16802708,3656347089.67
20260511110000000,221.0,222.54,217.76,221.1,7031150,1545866127.68
20260511113000000,220.89,221.81,218.33,219.91,5118509,1128022887.29
20260511133000000,220.1,221.0,216.28,219.87,7415140,1619197419.84
20260511140000000,219.9,220.38,213.95,215.0,10279916,2226224678.31
20260511143000000,215.0,219.99,215.0,219.88,6390591,1391694628.08
20260511150000000,219.89,219.99,217.93,218.3,6435539,1407445834.79
20260512100000000,223.57,230.0,221.9,228.38,30497261,6894979748.23
20260512103000000,228.15,228.58,223.0,223.2,10721410,2415432640.68
20260512110000000,223.08,223.37,218.0,218.91,14159531,3121719663.31
20260512113000000,218.99,221.59,214.0,215.03,10954406,2377552489.58
20260512133000000,214.99,218.23,213.56,218.0,9589939,2070061582.59
20260512140000000,218.0,219.5,216.18,217.66,5314636,1157910893.0
20260512143000000,217.66,220.93,216.9,219.84,4697841,1028802551.56
20260512150000000,219.88,220.99,219.3,219.46,5495689,1209588720.52
20260513100000000,213.0,218.86,213.0,214.98,20275611,4382051162.85
20260513103000000,214.98,225.6,214.04,222.08,17026895,3762959657.76
20260513110000000,222.26,225.6,219.52,219.61,8455823,1879650312.1
20260513113000000,219.48,220.99,217.0,220.8,6206160,1358200631.68
20260513133000000,221.1,222.46,218.85,219.14,6972570,1537541050.2
20260513140000000,219.18,220.26,217.85,218.49,6473891,1418423549.83
20260513143000000,218.5,219.5,217.85,219.0,5725328,1251528202.52
20260513150000000,218.98,221.45,218.95,220.75,7567753,1666825287.25
20260514100000000,220.74,225.96,217.0,218.27,29482881,6554796192.33
20260514103000000,218.29,220.55,216.48,217.25,8887089,1938795834.05
20260514110000000,217.25,219.5,215.62,218.5,7240238,1571778297.4
20260514113000000,218.5,218.86,213.88,216.18,6363224,1371672943.21
20260514133000000,216.2,216.76,213.4,216.48,6093543,1310325796.4
20260514140000000,216.47,217.57,213.42,215.95,5535500,1190607980.05
20260514143000000,215.98,219.58,215.58,217.6,5340316,1164531749.13
20260514150000000,217.62,218.3,214.47,214.89,7294341,1578407420.28
20260515100000000,212.86,215.4,198.8,199.99,39169116,8105589094.42
20260515103000000,199.99,206.65,197.0,204.0,19328977,3911190101.74
20260515110000000,204.0,207.3,203.31,206.72,7458705,1531774276.38
20260515113000000,206.5,209.49,205.79,207.34,6353136,1320759460.91
20260515133000000,207.0,207.0,203.0,205.43,7259642,1485155128.87
20260515140000000,205.44,205.46,203.0,203.0,5692576,1160531278.67
20260515143000000,203.0,204.77,202.08,202.2,5691885,1156234039.97
20260515150000000,202.16,204.98,200.99,203.35,11025060,2237265777.36
20260518100000000,203.35,208.89,200.81,206.37,24612826,5053471396.82
20260518103000000,205.93,209.6,204.17,208.28,12131109,2511692256.86
20260518110000000,208.28,213.49,208.28,212.78,13544876,2863952027.56
20260518113000000,212.5,215.55,211.09,211.34,9098577,1939806169.34
20260518133000000,211.34,213.53,210.13,211.28,5657447,1196242509.22
20260518140000000,211.28,212.1,210.0,210.0,3161500,667066879.01
20260518143000000,209.99,211.52,209.11,211.21,4303473,905363882.99
20260518150000000,211.33,211.77,210.76,211.25,5878538,1241532814.63
20260519100000000,206.0,206.0,200.01,200.58,23601683,4791173779.39
20260519103000000,200.77,207.97,198.0,205.47,17763250,3582701968.52
20260519110000000,205.36,214.0,204.78,214.0,14065605,2958473020.21
20260519113000000,214.5,221.0,213.68,218.21,20382590,4439432436.99
20260519133000000,218.3,220.97,215.6,220.53,9944959,2175649493.54
20260519140000000,220.52,224.5,219.63,222.5,10550642,2348361878.51
20260519143000000,222.5,223.54,220.0,220.88,5362135,1186389937.92
20260519150000000,220.88,222.82,220.39,222.08,8405070,1864124589.62
20260520100000000,220.1,224.75,219.02,224.22,24674008,5471544568.88
20260520103000000,224.22,225.5,219.37,220.14,12953998,2878120258.42
20260520110000000,220.07,221.08,216.06,217.97,13209320,2879814865.4
20260520113000000,218.02,219.76,217.7,218.29,4414552,965523408.39
20260520133000000,218.3,220.0,217.0,217.0,5464169,1194195204.56
20260520140000000,217.0,221.99,216.98,220.69,4631540,1018063389.93
20260520143000000,220.63,222.08,220.3,221.55,4158159,920872064.83
20260520150000000,221.54,223.76,221.51,223.0,8702117,1940113580.85
20260521100000000,223.23,224.5,216.95,222.0,22490119,4965627183.41
20260521103000000,221.71,223.84,218.58,219.94,9081410,2008425128.39
20260521110000000,220.0,220.0,213.0,214.66,18037657,3898826917.6
20260521113000000,214.48,217.0,214.0,214.99,4682394,1009259874.66
20260521133000000,214.99,216.53,213.23,213.99,6365622,1364678182.63
20260521140000000,214.0,214.75,212.47,212.47,5048686,1077859914.88
20260521143000000,212.44,213.15,208.2,208.69,11041454,2323227131.94
20260521150000000,208.75,210.82,204.47,206.97,13200477,2736719218.35
20260522100000000,210.92,217.5,210.92,216.74,28225566,6053658378.3
20260522103000000,217.0,221.4,216.58,218.5,18668657,4083786815.55
20260522110000000,218.27,220.51,218.27,218.85,7821783,1718459283.21
20260522113000000,218.85,218.85,216.3,218.1,3741863,813287429.32
20260522133000000,218.35,220.0,218.35,220.0,5286088,1159701784.42
20260522140000000,220.0,221.0,219.79,220.04,6839169,1508141477.39
20260522143000000,220.13,221.7,219.46,220.33,6520694,1439169315.63
20260522150000000,220.34,220.65,219.58,220.55,7257875,1598253921.91
20260525100000000,222.91,228.08,218.7,219.75,25904252,5800284817.65
20260525103000000,219.8,227.77,219.05,226.32,10741582,2397763371.24
20260525110000000,226.0,227.86,224.61,227.83,9976633,2261279194.15
20260525113000000,227.9,228.17,221.0,222.62,8209090,1838252748.62
20260525133000000,222.3,222.3,218.49,221.25,10337470,2270200152.62
20260525140000000,221.32,223.96,221.02,223.96,4815351,1070658304.68
20260525143000000,223.95,226.99,223.95,226.62,6356904,1434397380.81
20260525150000000,226.43,227.0,226.0,226.24,6823843,1544538675.94
20260526100000000,221.0,225.0,217.42,222.22,22877342,5058296258.55
20260526103000000,222.12,222.3,218.8,221.22,8288986,1828128080.35
20260526110000000,221.13,222.0,216.4,218.23,11518971,2516257520.29
20260526113000000,218.13,218.65,216.39,217.41,4143873,900955776.75
20260526133000000,217.29,223.5,217.0,219.86,6128533,1352411949.69
20260526140000000,219.86,222.97,219.26,219.83,3967759,877315995.04
20260526143000000,219.83,221.13,218.12,221.13,3630857,797490016.04
20260526150000000,221.18,222.22,221.02,221.2,7167428,1588734581.77
20260527100000000,216.78,221.98,213.0,217.36,20300409,4394618485.9
20260527103000000,218.0,233.82,217.12,229.5,24515667,5567663066.8
20260527110000000,229.52,233.37,226.99,232.5,10722095,2470788151.72
20260527113000000,232.12,233.56,225.66,226.86,7629968,1746430814.85
20260527133000000,227.0,230.58,226.75,227.01,5127606,1170148186.97
20260527140000000,226.87,226.87,221.7,223.0,7647767,1711360129.94
20260527143000000,222.78,225.08,222.0,224.13,4217479,942428127.31
20260527150000000,224.08,225.28,221.8,223.37,6741998,1505196590.43
20260528100000000,222.0,222.44,214.09,214.09,23983503,5198224463.85
20260528103000000,214.06,217.15,212.51,214.01,11817595,2534928809.88
20260528110000000,214.3,215.61,213.02,213.61,5728100,1227332636.03
20260528113000000,213.6,217.45,213.01,217.27,5565826,1198454308.3
20260528133000000,217.2,218.0,213.17,217.62,7405756,1595709916.18
20260528140000000,217.54,219.54,217.3,218.63,7525282,1644573955.75
20260528143000000,218.7,220.45,217.0,220.2,7860198,1721129273.5
20260528150000000,219.95,219.95,218.6,219.0,7807262,1710413983.15
20260529100000000,222.93,229.82,218.55,218.55,31037701,6969972138.0
20260529103000000,218.5,220.17,214.5,217.3,10604198,2297929609.66
20260529110000000,217.3,219.83,215.15,216.48,5013452,1091261125.19
20260529113000000,216.48,217.66,214.89,215.45,3946363,851130314.07
20260529133000000,215.4,218.6,214.81,217.52,4948033,1072755145.85
20260529140000000,217.5,217.5,214.86,214.99,3489436,754065727.3
20260529143000000,214.95,215.02,210.77,212.81,8903894,1896915417.69
20260529150000000,213.0,214.93,211.5,213.05,7705386,1641737374.55
20260601100000000,209.22,211.51,197.06,199.1,36838605,7458912275.72
20260601103000000,199.06,203.15,194.67,194.67,21692243,4302941711.62
20260601110000000,194.6,194.6,191.75,191.75,21946364,4218379098.8
20260601113000000,191.75,195.56,191.75,195.26,15955309,3068938206.36
20260601133000000,198.0,199.8,193.39,194.14,16132597,3179196238.66
20260601140000000,193.91,194.57,192.0,192.03,7490192,1445833963.62
20260601143000000,192.06,192.83,191.75,191.75,9318935,1787611319.39
20260601150000000,191.75,192.19,191.75,191.75,6584712,1262695293.89
20260602100000000,200.0,203.88,196.92,199.0,52284760,10489641497.17
20260602103000000,198.98,204.35,198.85,204.35,14137688,2862043092.91
20260602110000000,204.46,208.65,203.62,208.65,12579691,2593541246.1
20260602113000000,208.55,209.89,206.47,209.2,8052268,1680589327.65
20260602133000000,209.2,210.93,209.04,210.91,15689352,3304004410.54
20260602140000000,210.91,210.93,210.88,210.93,2520159,531559879.78
20260602143000000,210.93,210.93,210.93,210.93,2072647,437183431.71
20260602150000000,210.93,210.93,210.93,210.93,811569,171184249.17
20260603100000000,219.6,231.31,219.6,229.29,43733910,9840883927.86
20260603103000000,229.23,229.5,223.61,228.0,13058427,2958420800.52
20260603110000000,227.99,228.67,225.34,227.99,6167244,1400340246.29
20260603113000000,227.97,229.72,227.72,228.84,5548882,1269629001.59
20260603133000000,229.02,232.02,226.68,228.1,18359385,4238614041.32
20260603140000000,227.85,228.9,225.65,226.22,5871579,1333554482.8
20260603143000000,226.1,227.58,220.5,220.99,12532856,2796289467.29
20260603150000000,220.91,224.5,219.22,223.99,12234589,2715892949.08
20260604100000000,222.11,241.98,222.11,241.98,39777675,9303428939.13
20260604103000000,241.79,244.33,237.3,240.71,13133243,3166726719.02
20260604110000000,240.81,240.98,237.4,239.02,5209379,1245797272.96
20260604113000000,239.02,239.99,237.01,237.55,3336100,794266457.45
20260604133000000,237.86,239.83,236.51,237.5,4921640,1171168194.56
20260604140000000,237.36,238.53,236.51,237.54,4222167,1003111605.04
20260604143000000,237.33,240.66,236.06,237.96,6250329,1489097313.35
20260604150000000,237.96,238.37,236.77,237.8,6651371,1579671861.43
20260605100000000,232.08,238.05,229.52,235.16,20277779,4742693186.85
20260605103000000,234.85,241.59,234.47,238.01,12063237,2881731030.97
20260605110000000,237.85,237.85,233.68,235.17,5660854,1332322027.57
20260605113000000,235.18,236.65,232.04,233.66,4565977,1069561187.01
20260605133000000,234.81,234.81,227.01,227.5,10337028,2379574748.76
20260605140000000,227.14,230.07,226.12,226.67,6159272,1406732192.03
20260605143000000,226.64,226.64,221.66,222.03,10162565,2283241000.83
20260605150000000,222.01,222.8,219.17,221.41,15247368,3370468566.06
20260608100000000,210.0,220.2,210.0,218.36,26805446,5753481586.38
20260608103000000,218.3,219.5,215.48,218.28,6919445,1503470640.77
20260608110000000,218.3,220.5,215.66,216.84,5638701,1229672276.81
20260608113000000,216.84,216.99,213.2,214.0,4716080,1013079326.54
20260608133000000,213.5,216.73,212.22,212.22,4903603,1050487564.92
20260608140000000,212.18,213.74,209.28,213.5,9326873,1968846237.49
20260608143000000,213.38,215.08,212.02,214.35,4625600,987997217.61
20260608150000000,214.35,214.38,211.12,213.0,7662562,1627501512.51
20260609100000000,216.82,222.55,216.4,220.3,21485838,4719287585.66
20260609103000000,220.3,221.41,213.58,215.51,10154371,2204623548.93
20260609110000000,215.46,218.1,213.5,216.15,5555906,1197551662.89
20260609113000000,216.3,218.93,216.06,218.26,4524337,985191947.76
20260609133000000,218.45,220.66,217.81,217.96,6345645,1393411127.84
20260609140000000,217.93,225.58,217.82,223.7,11214462,2496601868.48
20260609143000000,223.64,225.06,221.3,222.2,5000051,1115870227.55
20260609150000000,222.21,224.9,221.85,224.4,7424870,1660568048.07
20260610100000000,216.59,227.89,213.0,223.28,25615328,5607644623.66
20260610103000000,223.11,224.31,216.13,216.31,8055142,1773148949.38
20260610110000000,216.48,218.58,215.16,216.01,5966899,1293351230.05
20260610113000000,215.9,218.5,215.59,217.45,2600375,564339523.85
20260610133000000,217.0,217.0,213.29,213.77,6333246,1359272507.29
20260610140000000,213.81,213.82,210.83,213.13,8775411,1861697446.88
20260610143000000,213.09,214.0,211.8,213.37,4373240,930431381.81
20260610150000000,213.4,214.23,212.08,212.27,6872757,1463096365.95
20260611100000000,215.0,221.59,214.2,217.0,22363149,4865750620.84
20260611103000000,216.95,218.67,215.2,215.4,6574784,1423444870.98
20260611110000000,215.42,216.07,213.7,215.64,4839217,1039906057.08
20260611113000000,215.6,215.61,211.4,211.69,5313717,1130824837.19
20260611133000000,212.0,214.03,210.0,211.07,5429724,1150784233.34
20260611140000000,211.17,211.5,209.0,209.89,6113550,1285066333.78
20260611143000000,209.89,210.03,205.34,206.37,8740051,1809441043.67
20260611150000000,206.39,210.99,206.39,210.99,6112260,1278934013.99
20260612100000000,220.5,220.5,214.25,218.32,23044167,5012564298.86
20260612103000000,218.23,219.36,216.6,217.85,10055200,2191714617.33
20260612110000000,217.73,226.77,217.5,221.9,21704122,4843026740.51
20260612113000000,222.0,223.0,218.69,218.69,5668970,1253852195.2
20260612133000000,218.35,220.21,217.61,219.09,4911984,1074400582.66
20260612140000000,219.09,220.0,217.65,217.9,3502192,765670532.09
20260612143000000,217.89,218.93,216.87,217.25,3480874,756818250.72
20260612150000000,217.26,217.55,216.08,217.55,7227411,1566636802.05
20260615100000000,222.47,226.36,215.55,224.23,23337408,5169844296.88
20260615103000000,224.27,232.55,224.25,231.36,17135689,3912040354.46
20260615110000000,231.5,236.07,230.88,232.82,11966824,2793790923.04
20260615113000000,232.59,239.31,232.1,238.96,15768117,3743473538.78
20260615133000000,238.9,239.31,238.3,239.31,13333176,3188972345.44
20260615140000000,239.31,239.31,239.05,239.31,2030562,485907895.27
20260615143000000,239.31,239.31,239.31,239.31,794300,190083933.0
20260615150000000,239.31,239.31,239.31,239.31,1011048,241953896.88
20260616100000000,244.0,246.0,237.78,239.31,33377097,8061028911.04
20260616103000000,239.11,240.28,236.0,237.21,11976270,2849289255.14
20260616110000000,237.17,240.06,236.88,238.54,7376403,1760814018.54
20260616113000000,238.55,242.3,236.57,242.0,7472231,1786835286.31
20260616133000000,242.3,243.99,239.99,242.98,8559832,2073515053.45
20260616140000000,243.02,253.09,243.02,249.8,18862013,4688880505.6
20260616143000000,249.88,251.79,248.6,250.76,7355671,1840863740.97
20260616150000000,250.77,250.77,247.65,249.06,7537194,1877317714.08
20260617100000000,255.12,262.94,251.13,251.93,39131600,10080936960.0
20260617103000000,251.91,260.95,251.91,259.74,12814800,3285777408.0
20260617110000000,259.68,265.35,259.28,263.4,11242900,2952389632.0
20260617113000000,263.34,266.0,258.59,259.5,7612700,1993161728.0
20260617133000000,259.5,259.51,255.45,257.54,6857500,1764331520.0
20260617140000000,257.59,259.27,255.03,255.52,5683500,1461381120.0
20260617143000000,255.5,256.41,253.47,254.58,6165600,1570883584.0
20260617150000000,254.57,258.11,254.57,256.92,8129700,2087346176.0
20260618100000000,256.92,263.57,255.16,262.77,23062954,5990982910.98
20260618103000000,262.72,270.5,262.72,269.1,13296201,3545508930.33
20260618110000000,268.99,273.9,267.71,271.8,9182730,2485543362.62
20260618113000000,271.8,277.37,270.0,274.13,8110280,2222400421.76
20260618133000000,274.13,274.35,269.81,272.83,6244226,1694410509.68
20260618140000000,272.98,273.99,271.81,273.59,3565404,972473447.13
20260618143000000,273.52,275.68,272.0,274.51,4451947,1220223360.44
20260618150000000,274.48,274.48,270.0,273.0,11683886,3179649211.26
20260622100000000,273.05,275.42,266.32,273.07,29416717,8012638031.32
20260622103000000,273.0,275.0,266.01,266.02,16094308,4345507788.66
20260622110000000,266.01,269.58,260.9,264.73,12656596,3352680091.25
20260622113000000,264.73,264.95,260.0,264.15,8458875,2216616131.5
20260622133000000,264.25,270.04,264.15,267.5,7353175,1966113210.33
20260622140000000,267.4,270.02,266.0,270.02,4374749,1173342483.81
20260622143000000,270.02,271.03,269.3,270.0,4627690,1249906604.3
20260622150000000,270.0,271.75,269.01,270.55,7469039,2018854130.27
20260623100000000,265.01,265.97,253.3,258.0,30303235,7848894337.01
20260623103000000,257.83,262.22,257.0,261.8,8611454,2232141859.42
20260623110000000,261.66,264.9,260.0,261.5,5773658,1513819483.31
20260623113000000,261.47,261.73,257.01,258.5,4716009,1221439102.62
20260623133000000,258.0,258.1,256.0,256.89,4616747,1186474784.76
20260623140000000,256.86,259.42,256.46,258.1,3708065,956413825.05
20260623143000000,258.07,258.25,253.77,254.0,6007102,1535636375.54
20260623150000000,254.0,256.36,253.73,255.02,8366489,2131881600.95
20260624100000000,252.14,258.93,252.1,258.01,16069322,4113396351.19
20260624103000000,258.3,260.93,256.77,259.37,7707479,1995997919.79
20260624110000000,259.27,259.27,252.05,253.18,7911195,2017952287.3
20260624113000000,253.19,256.5,252.33,256.33,4211976,1070648256.57
20260624133000000,256.42,260.0,254.62,259.58,7645093,1962545097.98
20260624140000000,259.56,259.73,256.4,256.45,4728730,1217161420.16
20260624143000000,256.44,258.15,256.01,257.42,3370890,866990422.17
20260624150000000,257.5,257.78,256.0,257.13,6339856,1626271534.76
20260625100000000,263.0,272.91,258.66,272.73,27807955,7430733594.23
20260625103000000,272.73,273.55,266.95,270.5,11516666,3121290328.3
20260625110000000,270.16,270.76,263.33,267.24,8043042,2141852227.14
20260625113000000,267.5,272.45,266.0,271.02,5293553,1426115244.48
20260625133000000,271.5,273.48,268.5,271.9,5985282,1622242007.78
20260625140000000,271.92,275.97,271.8,271.93,9872927,2704734467.63
20260625143000000,271.96,275.45,271.93,274.99,3703349,1015911094.11
20260625150000000,274.96,275.95,274.48,275.8,6956002,1914267109.44
20260626100000000,268.0,271.88,261.58,266.49,23741077,6322491048.78
20260626103000000,266.49,267.28,261.73,261.8,9467206,2499271378.99
20260626110000000,261.8,262.49,256.25,259.46,9827826,2553163169.63
20260626113000000,259.48,260.63,257.04,259.53,6000520,1555320240.77
20260626133000000,259.32,265.18,257.9,262.52,5850000,1533563741.25
20260626140000000,262.63,265.98,262.58,264.55,4120696,1091032579.29
20260626143000000,264.52,264.55,260.66,260.75,4137507,1083869251.1
20260626150000000,260.75,261.22,258.99,260.32,5932662,1544594044.52
20260629100000000,255.0,259.55,248.9,249.05,22142243,5635747405.66
20260629103000000,249.08,251.5,240.73,243.68,19712829,4828508752.12
20260629110000000,243.68,244.48,235.67,244.01,11806255,2828929013.53
20260629113000000,244.09,246.02,240.83,241.2,4295711,1048934720.11
20260629133000000,241.64,245.08,240.31,245.01,3493034,849820438.9
20260629140000000,245.04,251.92,244.56,250.1,5426013,1343257506.62
20260629143000000,250.5,251.97,246.73,247.35,3413022,849040624.18
20260629150000000,247.37,250.5,247.37,249.59,5327017,1329869766.35
20260630100000000,247.54,256.71,247.54,254.92,16009788,4041406101.15
20260630103000000,254.87,257.88,250.88,257.75,9440762,2400565138.92
20260630110000000,257.82,261.95,257.07,259.0,7860763,2036986879.26
20260630113000000,259.56,265.6,259.56,265.51,6567182,1728087861.66
20260630133000000,265.6,268.3,263.3,263.7,8331754,2210944235.57
20260630140000000,263.7,264.8,261.27,264.06,4703066,1238054525.37
20260630143000000,264.06,265.52,262.5,262.6,3476971,917625273.15
20260630150000000,262.65,263.49,262.03,262.35,6189372,1624793619.92
20260701100000000,262.35,263.88,254.51,254.51,17533925,4552973530.28
20260701103000000,254.54,257.4,251.91,253.27,12610525,3213463952.52
20260701110000000,253.25,255.02,250.0,251.36,7107908,1790285344.08
20260701113000000,251.36,253.0,250.0,250.1,3950152,991677560.43
20260701133000000,250.1,250.61,246.96,248.39,6724172,1672137432.08
20260701140000000,248.4,249.12,243.51,245.55,6269840,1541587841.5
20260701143000000,245.5,247.67,244.0,244.24,4734752,1162387839.73
20260701150000000,244.22,246.36,242.8,246.31,6391085,1561907920.55
20260702100000000,226.0,229.89,221.68,222.91,42010025,9410516417.1
20260702103000000,222.83,226.81,221.69,222.53,15815810,3529874136.39
20260702110000000,222.57,225.93,222.0,222.01,9211916,2060391148.1
20260702113000000,222.0,223.01,221.68,221.68,9074901,2013452704.24
20260702133000000,221.68,221.93,221.68,221.68,5358900,1188040293.9
20260702140000000,221.68,221.68,221.68,221.68,900800,199689344.0
20260702143000000,221.68,221.68,221.68,221.68,1019200,225936256.0
20260702150000000,221.68,221.68,221.68,221.68,1000000,221680000.0
20260703100000000,211.0,214.33,205.0,212.02,35830523,7534606178.48
20260703103000000,212.03,218.35,211.0,218.1,12374703,2645566242.07
20260703110000000,218.0,222.73,215.99,221.2,11252389,2474546131.74
20260703113000000,221.6,232.95,221.17,232.28,17593758,3994686029.37
20260703133000000,232.46,242.07,232.46,235.96,20955184,4983410511.25
20260703140000000,235.98,241.5,235.95,240.39,10732952,2564156541.07
20260703143000000,240.42,241.37,233.2,234.31,7131646,1687650188.47
20260703150000000,234.32,235.5,230.18,232.73,8330092,1936536566.55
20260706100000000,238.0,239.45,230.18,231.47,26469193,6226567092.57
20260706103000000,231.4,231.97,220.01,220.2,16272847,3672589787.3
20260706110000000,220.18,223.27,216.1,220.48,10842102,2381414668.99
20260706113000000,220.58,227.21,220.3,227.12,6611736,1485162816.05
20260706133000000,227.5,228.19,223.82,226.51,4552226,1029373670.04
20260706140000000,226.43,229.17,224.56,227.64,3079278,700577529.25
20260706143000000,227.64,227.64,223.93,225.0,3540751,797696174.24
20260706150000000,225.0,226.03,223.53,224.46,5163892,1159646087.41
20260707100000000,224.48,231.0,219.47,226.99,17399047,3939226198.74
20260707103000000,226.95,227.59,222.02,223.7,6766424,1521515564.83
20260707110000000,223.5,227.2,223.0,225.5,4405422,994867115.21
20260707113000000,225.8,226.59,223.5,224.88,2835228,637791864.85
20260707133000000,224.69,234.2,220.24,234.0,16935181,3854296312.02
20260707140000000,233.99,241.4,233.5,237.3,25261860,6005956370.21
20260707143000000,237.3,238.19,234.36,236.0,9587952,2261276611.99
20260707150000000,236.0,237.0,234.62,236.87,9623364,2271809317.86
20260708100000000,233.0,238.39,227.0,227.65,23440593,5430951096.05
20260708103000000,227.4,240.0,226.04,239.16,17246325,4044146110.95
20260708110000000,239.5,243.0,236.77,237.7,14863031,3581448493.35
20260708113000000,237.76,240.89,237.1,239.22,5852011,1399259935.8
20260708133000000,237.5,238.6,235.0,237.02,7614199,1802265612.69
20260708140000000,237.02,240.76,233.97,240.1,5613076,1329425063.6
20260708143000000,240.0,244.96,238.27,239.98,13213547,3201214773.6
20260708150000000,240.0,240.0,237.19,237.56,8442690,2012948090.54
20260709100000000,242.0,246.0,237.35,238.51,30228650,7313785254.02
20260709103000000,238.6,241.94,237.3,240.02,8621002,2067257108.14
20260709110000000,240.0,240.5,237.0,239.13,7129125,1697711026.45
20260709113000000,239.14,243.53,237.88,243.44,7007130,1688087793.17
20260709133000000,243.81,250.6,242.5,249.83,23658162,5860480334.84
20260709140000000,249.64,257.3,248.38,257.3,14727064,3732475354.54
20260709143000000,257.31,258.23,254.88,256.8,8866633,2276051963.71
20260709150000000,256.8,261.32,256.55,261.32,12107977,3150546476.51
20260710100000000,269.37,274.0,267.1,268.2,41650257,11285058292.75
20260710103000000,268.2,269.5,262.6,266.65,17057098,4534682315.15
20260710110000000,266.65,266.71,260.38,263.5,9953428,2613295907.04
20260710113000000,263.49,263.49,258.06,260.17,7406009,1931522329.49
20260710133000000,259.9,261.01,255.8,258.8,7813441,2020667751.45
20260710140000000,258.9,259.9,252.02,252.26,7975025,2035059403.48
20260710143000000,252.21,253.49,248.6,248.91,9555670,2400318529.76
20260710150000000,249.0,250.16,241.9,242.3,17485063,4276821991.39
20260713100000000,237.58,248.6,237.58,240.91,25185280,6151153706.08
20260713103000000,240.58,251.28,238.88,247.85,16839560,4153161450.26
20260713110000000,247.85,249.44,243.68,245.43,6826381,1681124795.93
20260713113000000,245.43,246.0,237.0,237.1,11369079,2731919783.23
20260713133000000,237.01,237.88,232.31,234.79,10223924,2401256295.39
20260713140000000,234.9,244.58,234.79,241.15,9195657,2220122280.43
20260713143000000,241.1,241.73,235.06,236.85,4853087,1152283220.7
20260713150000000,236.29,239.16,233.87,236.7,9386550,2216540036.67
20260714100000000,241.52,248.58,237.03,245.11,28042109,6798298496.59
20260714103000000,245.0,255.31,244.8,251.8,25184788,6323484514.81
20260714110000000,251.67,254.0,245.7,246.5,11389695,2840573887.42
20260714113000000,245.95,252.32,245.55,252.32,9511333,2358147119.0
20260714133000000,254.8,260.37,254.8,260.37,16379738,4244086053.9
20260714140000000,260.37,260.37,260.37,260.37,2552616,664624627.92
20260714143000000,260.37,260.37,260.37,260.37,997941,259833898.17
20260714150000000,260.37,260.37,260.37,260.37,1410387,367222463.19
20260715100000000,261.0,274.2,256.12,269.85,63136276,16763208768.32
20260715103000000,269.25,279.0,267.12,279.0,23128850,6329353508.91
20260715110000000,279.31,280.0,269.7,270.87,13035663,3575670967.1
20260715113000000,270.87,271.6,265.99,267.36,9119776,2449597947.95
20260715133000000,268.15,271.0,263.4,271.0,9325446,2486981714.18
20260715140000000,271.01,271.01,266.33,267.33,4233944,1137469224.71
20260715143000000,267.35,267.87,261.8,262.95,7208675,1904757308.36
20260715150000000,262.9,265.02,260.81,262.49,9944914,2610808090.24
20260716100000000,250.01,271.35,246.82,271.2,47664910,12360955885.9
20260716103000000,271.27,275.37,269.86,270.57,15688749,4271898355.79
20260716110000000,270.6,274.0,267.02,272.5,11808012,3192267640.54
20260716113000000,272.3,272.87,264.61,269.05,8610403,2306381020.54
20260716133000000,269.3,273.02,266.6,268.88,6068524,1636373190.19
20260716140000000,268.18,268.35,264.97,267.36,6018564,1604208205.11
20260716143000000,267.31,269.33,264.98,265.37,5645503,1502583604.89
20260716150000000,265.38,268.99,261.0,268.8,14394458,3806189190.55
20260717100000000,258.01,259.8,241.92,251.98,53449701,13208477976.61
20260717103000000,251.9,254.98,243.99,245.38,12436715,3096807267.87
20260717110000000,245.0,246.0,241.92,243.3,12900890,3133172757.84
20260717113000000,243.3,247.0,241.92,241.92,7746342,1881108608.12
20260717133000000,241.92,241.92,241.92,241.92,1956700,473364864.0
20260717140000000,241.92,241.92,241.92,241.92,4697600,1136443392.0
20260717143000000,241.92,245.11,241.92,241.92,14594561,3538368874.16
20260717150000000,241.92,241.92,241.92,241.92,1267300,306585216.0
20260720100000000,241.91,246.0,219.82,228.5,49036487,11388380830.74
20260720103000000,228.4,228.42,217.73,217.73,20579207,4532368144.55
20260720110000000,217.73,226.0,217.73,225.91,12135923,2683825528.08
20260720113000000,225.93,232.1,218.5,221.89,8594731,1948432552.36
20260720133000000,221.8,221.94,217.73,217.73,9305733,2032488575.39
20260720140000000,217.73,217.73,217.73,217.73,1111900,242093987.0
20260720143000000,217.73,217.73,217.73,217.73,943700,205471801.0
20260720150000000,217.73,219.82,217.73,217.73,7116388,1550677679.83
20260721100000000,217.73,220.16,195.97,199.72,54613360,11275447828.34
20260721103000000,199.72,204.66,195.96,203.96,22027390,4373503089.58
20260721110000000,204.0,223.84,203.93,223.84,19197386,4093052535.61
20260721113000000,223.88,228.0,216.5,227.5,15764264,3532530178.46
20260721133000000,227.6,232.12,220.0,224.98,14579633,3316646216.03
20260721140000000,225.0,230.56,224.38,228.4,6882477,1566200403.36
20260721143000000,228.4,232.0,228.4,229.96,7526681,1738388747.95
20260721150000000,229.96,237.61,229.96,231.0,12066763,2809929956.03
20260722100000000,230.65,239.57,230.0,237.16,47207275,11085273171.57
20260722103000000,237.16,239.49,236.01,238.23,11576447,2755457932.35
20260722110000000,238.23,238.23,231.33,236.09,12990644,3044368929.8
20260722113000000,236.08,237.0,231.67,236.8,6826602,1596966650.19
20260722133000000,236.88,236.88,226.51,226.52,11767171,2717331929.24
20260722140000000,226.48,229.29,220.9,222.0,12482374,2805333862.9
20260722143000000,222.2,224.0,215.67,220.2,15458817,3386796679.67
20260722150000000,220.15,223.19,217.28,217.5,9180921,2019197401.08
20260723100000000,223.0,223.99,214.96,219.99,32653844,7172053081.17
20260723103000000,219.72,219.72,210.0,211.16,19568570,4197633858.93
20260723110000000,211.6,213.25,206.11,208.55,15287001,3198898320.25
20260723113000000,208.57,208.81,203.96,205.45,12694025,2610545203.21
20260723133000000,207.12,208.98,204.2,207.78,8404972,1733916284.07
20260723140000000,207.6,210.37,204.01,204.11,8078073,1667460549.03
20260723143000000,204.1,204.1,199.0,200.32,15817835,3181762499.97
20260723150000000,200.5,206.65,200.5,206.65,10591244,2160340554.17
20260724100000000,199.11,205.37,199.11,204.8,22306555,4485853247.47
20260724103000000,205.0,205.73,200.4,203.13,8779786,1783688147.63
20260724110000000,203.01,203.01,199.48,199.51,6697357,1342993508.34
20260724113000000,199.65,199.9,197.0,198.48,9829869,1949384009.91
20260724133000000,198.57,203.52,198.57,200.95,6916097,1392068577.59
20260724140000000,200.87,200.87,199.0,199.78,4343660,866827605.41
20260724143000000,199.8,201.6,197.86,200.86,5419938,1082583721.56
20260724150000000,201.16,201.34,199.18,199.18,8529329,1704286102.45
20260727100000000,199.15,204.35,189.0,202.36,29764380,5832821093.55
20260727103000000,202.24,204.3,198.93,202.11,10732005,2164174820.69
20260727110000000,201.57,201.57,197.3,199.08,4818954,959517048.01
20260727113000000,199.07,200.97,198.88,200.4,2639457,527940205.68
20260727133000000,201.0,202.42,199.0,199.94,4459920,896054187.52
20260727140000000,199.98,204.36,199.04,201.53,7001467,1414943262.62
20260727143000000,201.53,204.61,201.05,204.61,6077271,1234696773.56
20260727150000000,204.89,211.9,204.6,211.9,17264565,3601385035.72
20260728100000000,197.0,200.18,193.08,193.95,37989644,7488406664.66
20260728103000000,193.9,196.31,191.0,191.02,13866584,2676897163.53
20260728110000000,191.0,191.83,190.71,190.71,14923747,2847327901.98
20260728113000000,190.71,190.93,190.71,190.71,3449100,657815448.02
20260728133000000,190.71,190.71,190.71,190.71,1248300,238063293.0
20260728140000000,190.71,190.71,190.71,190.71,323200,61637472.0
20260728143000000,190.71,190.71,190.71,190.71,564000,107560440.0
20260728150000000,190.71,190.71,190.71,190.71,680100,129701871.0
20260729100000000,181.0,183.69,171.64,173.95,57247416,10114405653.43
20260729103000000,173.77,182.19,171.64,180.65,19289950,3381011262.82
20260729110000000,180.6,181.5,173.7,174.3,8328066,1479774657.32
20260729113000000,174.32,176.64,173.0,173.28,6573387,1145665839.32
20260729133000000,172.0,180.35,171.87,179.3,10986938,1938025921.49
20260729140000000,179.28,183.92,177.1,179.09,10907511,1972600828.01
20260729143000000,179.04,181.0,177.01,179.67,4572156,818672492.02
20260729150000000,179.67,180.5,179.0,179.78,10015346,1801422033.4
20260730100000000,178.05,178.05,163.27,163.34,42137745,7132728278.65
20260730103000000,163.3,164.47,161.8,161.8,24027887,3896801233.03
20260730110000000,161.8,161.8,161.8,161.8,1021900,165343420.0
20260730113000000,161.8,161.8,161.8,161.8,514800,83294640.0
20260730133000000,161.8,161.89,161.8,161.81,9509200,1538617357.8
20260730140000000,161.8,161.9,161.8,161.8,6801600,1100508735.56
20260730143000000,161.8,164.34,161.8,161.8,14717514,2388763534.15
20260730150000000,161.8,161.81,161.8,161.8,7299200,1181013525.78
20260731100000000,177.0,177.98,172.21,177.98,59965634,10574989362.39
20260731103000000,177.98,177.98,174.0,174.9,21861047,3864079296.57
20260731110000000,174.88,175.15,172.38,173.02,8665539,1504158678.84
20260731113000000,173.06,174.34,170.46,174.33,7534710,1296612121.66
20260731133000000,174.43,176.25,173.49,175.26,5883837,1029225140.69
20260731140000000,175.2,175.23,173.66,174.75,2951682,515396451.33
20260731143000000,174.75,174.99,173.0,174.29,5129529,891097756.64
20260731150000000,174.27,174.28,171.3,171.48,10402021,1792935341.91
20260803100000000,165.0,170.69,164.03,166.46,27874107,4646872471.57
20260803103000000,166.25,167.98,162.0,162.31,14916786,2449736382.92
20260803110000000,162.36,166.92,162.36,166.18,6454873,1061768007.93
20260803113000000,166.31,168.58,164.36,166.9,8470623,1410640808.65
20260803133000000,166.96,170.14,165.71,165.92,7760960,1305505686.25
20260803140000000,165.95,166.09,163.29,163.29,3470100,572332739.88
20260803143000000,163.27,164.83,162.03,163.92,4830231,789284708.79
20260803150000000,164.0,164.4,162.46,162.81,7093494,1156536695.99
20260804100000000,168.76,179.09,168.0,179.09,47703337,8346785826.65
20260804103000000,179.09,179.09,176.27,179.09,31052371,5538535615.43
20260804110000000,179.09,179.09,179.09,179.09,2088870,374095728.3
20260804113000000,179.09,179.09,178.5,179.09,4292903,768750606.01
20260804133000000,179.09,179.09,179.09,179.09,521506,93396509.54
20260804140000000,179.09,179.09,179.09,179.09,237898,42605152.82
20260804143000000,179.09,179.09,179.09,179.09,313910,56218141.9
20260804150000000,179.09,179.09,179.09,179.09,606622,108639933.98
20260805100000000,162.0,184.0,162.0,181.84,65964776,11606354913.91
20260805103000000,181.93,182.0,175.98,180.7,17054773,3053929267.27
20260805110000000,180.91,184.62,178.9,182.71,8116157,1481234105.98
20260805113000000,182.77,187.46,182.69,186.53,10186850,1890380906.52
20260805133000000,187.0,192.96,187.0,190.7,12687580,2406204502.2
20260805140000000,190.7,193.8,189.9,190.88,6507383,1247956319.6
20260805143000000,190.7,190.89,186.7,189.65,6811009,1286506955.73
20260805150000000,189.54,189.54,187.99,188.83,7778362,1468136512.65
20260806100000000,180.0,187.94,179.0,187.9,27906748,5105227589.23
20260806103000000,187.91,193.19,186.06,192.66,13848736,2627794013.0
20260806110000000,192.5,195.34,189.49,193.01,11688414,2254259325.79
20260806113000000,192.95,193.24,186.8,188.06,10127228,1919552094.32
20260806133000000,188.48,189.68,186.03,187.0,6234122,1173146104.95
20260806140000000,187.0,189.11,186.3,187.2,4141428,775407123.42
20260806143000000,187.11,187.41,185.23,186.81,4417906,822166579.0
20260806150000000,186.87,188.57,186.21,187.68,7564533,1417622974.91
20260807100000000,190.0,198.0,190.0,196.15,28693856,5588600795.85
20260807103000000,195.89,199.73,194.56,198.19,13666281,2700940590.38
20260807110000000,198.14,199.43,196.72,196.72,6297028,1247559305.22
20260807113000000,196.65,197.32,192.61,196.96,8492899,1655456189.22
20260807133000000,197.11,201.65,196.48,201.65,11885838,2369871551.28
20260807140000000,201.47,202.1,197.32,197.32,8455561,1695613316.22
20260807143000000,197.32,198.14,190.9,193.38,15035235,2924874232.09
20260807150000000,193.42,196.95,192.71,195.27,9821900,1915971428.63
20260810100000000,195.28,197.4,184.19,186.27,41683789,7901373478.93
20260810103000000,186.14,186.14,180.77,182.59,19460100,3554092764.06
20260810110000000,182.53,183.3,180.07,182.41,9148863,1659868162.64
20260810113000000,182.41,184.26,180.0,180.86,7513993,1365575468.01
20260810133000000,180.86,181.34,178.88,180.68,7203240,1297324984.65
20260810140000000,180.59,183.69,180.59,181.92,4746353,864397280.77
20260810143000000,181.84,186.25,181.84,186.25,5648191,1041671225.09
20260810150000000,186.35,186.9,184.68,185.94,7291398,1355758049.76
20260811100000000,188.5,189.8,185.83,186.6,23301814,4374821711.57
20260811103000000,186.59,196.76,184.77,195.29,22810386,4382722902.61
20260811110000000,195.18,197.87,194.65,197.7,10085425,1979281661.46
20260811113000000,197.69,197.86,194.03,195.87,5830412,1139342203.67
20260811133000000,195.61,196.83,194.05,194.98,4112253,803588945.53
20260811140000000,194.98,200.37,194.98,197.22,11092698,2200004241.75
20260811143000000,196.98,197.01,194.66,194.98,5223400,1021778432.49
20260811150000000,195.05,195.05,193.55,193.87,8692224,1687634300.75
20260812100000000,194.06,202.2,193.0,198.5,26579557,5276525563.22
20260812103000000,198.12,200.92,196.53,199.82,9238834,1839782044.41
20260812110000000,199.99,202.53,198.72,199.42,8843348,1775219182.33
20260812113000000,199.69,202.86,199.11,200.0,8886222,1788789936.35
20260812133000000,200.14,203.8,198.0,198.03,9190300,1843370684.91
20260812140000000,198.01,202.56,198.01,200.73,5427502,1084997571.32
20260812143000000,200.5,200.5,199.11,200.28,3041936,608014982.13
20260812150000000,200.24,200.76,200.0,200.19,7427116,1487900992.84
20260813100000000,204.1,209.5,203.2,208.4,28611301,5914017398.73
20260813103000000,208.35,213.26,208.06,211.91,14339565,3030128338.61
20260813110000000,211.91,211.92,207.57,209.9,8285182,1735657737.15
20260813113000000,209.95,211.32,208.85,210.48,3531743,741679298.95
20260813133000000,210.48,211.66,208.78,210.36,4207474,883738224.51
20260813140000000,210.42,210.9,206.8,206.8,5621729,1170605689.5
20260813143000000,206.8,208.65,205.33,206.0,5692013,1176562193.46
20260813150000000,206.01,206.05,201.95,202.11,12897596,2625268324.61
20260814100000000,203.24,207.46,201.1,202.88,17437652,3554907500.57
20260814103000000,202.9,205.17,201.9,205.11,7385357,1503051346.22
20260814110000000,205.1,207.0,204.14,204.17,5907641,1215104800.55
20260814113000000,204.14,204.25,202.34,204.17,3442027,699570159.91
20260814133000000,204.2,204.2,200.0,202.11,5362819,1081588299.47
20260814140000000,202.13,206.18,202.13,206.18,4913686,1002573749.63
20260814143000000,206.2,206.2,203.99,205.49,4144162,849859844.0
20260814150000000,205.46,205.8,204.03,205.19,7388480,1512912389.62
20260817100000000,213.07,217.0,206.96,207.48,29528414,6294074570.93
20260817103000000,207.59,211.26,206.97,209.86,7839855,1641820664.18
20260817110000000,209.78,214.22,209.53,213.88,5439649,1157560454.89
20260817113000000,213.84,214.85,212.0,214.23,4578858,978777633.29
20260817133000000,214.2,219.82,213.98,217.83,13477722,2933236859.0
20260817140000000,217.83,218.81,216.58,217.74,3893886,847827269.33
20260817143000000,217.72,218.74,217.35,217.88,2927644,638447215.08
20260817150000000,217.87,217.87,216.79,217.66,5182408,1126595300.2
20260818100000000,217.66,218.48,214.81,214.99,16596973,3591374601.51
20260818103000000,214.99,216.78,212.61,213.18,9672247,2073312959.07
20260818110000000,213.18,214.51,209.72,209.92,7975954,1689265599.54
20260818113000000,209.97,214.19,208.97,212.9,5516186,1165090064.08
20260818133000000,212.87,213.14,211.0,211.09,3436864,728106448.24
20260818140000000,211.07,214.38,210.39,212.78,3123900,663436621.0
20260818143000000,212.78,213.94,211.95,213.77,3045656,648442098.99
20260818150000000,213.73,214.67,213.25,213.82,5481306,1172634123.63
20260819100000000,203.11,210.89,202.11,208.71,17176902,3546437797.95
20260819103000000,208.69,210.88,204.78,205.04,8217851,1701507831.13
20260819110000000,205.04,207.4,202.87,205.83,6685240,1366860775.98
20260819113000000,205.86,206.21,202.23,202.28,4277815,871766948.92
20260819133000000,202.22,202.65,198.87,201.52,10732171,2152345164.61
20260819140000000,201.5,202.95,199.01,199.03,4623818,929809427.85
20260819143000000,199.0,199.62,196.8,196.92,7472571,1480296692.29
20260819150000000,197.28,198.89,194.29,197.1,13758318,2701575287.18
20260820100000000,200.0,201.47,195.2,200.2,15688664,3120202538.89
20260820103000000,200.53,201.6,196.97,198.49,6739112,1343052371.93
20260820110000000,198.58,201.81,197.25,200.86,5850480,1168970080.22
20260820113000000,200.86,201.49,198.21,199.8,3150925,628229277.63
20260820133000000,199.8,199.8,197.14,197.14,3250497,644218622.27
20260820140000000,197.14,197.67,194.4,194.4,5495161,1077828137.23
20260820143000000,194.55,197.0,194.01,195.52,5439432,1061789283.04
20260820150000000,195.56,197.77,195.34,197.67,6562000,1291649924.64
20260821100000000,198.08,201.68,196.12,201.3,13361208,2664172200.39
20260821103000000,201.33,205.0,200.01,202.1,12333197,2505412802.68
20260821110000000,201.98,204.26,199.63,202.59,6013880,1214705402.65
20260821113000000,202.58,203.48,200.79,202.1,3238023,653976424.06
20260821133000000,202.22,203.89,201.6,203.07,3407033,691462521.5
20260821140000000,203.05,203.09,200.58,200.73,3221269,648855761.59
20260821143000000,200.7,202.48,199.6,202.03,3985520,800545367.84
20260821150000000,202.01,202.3,201.02,201.08,6069294,1222681068.73
