time,open,high,low,close,volume,amount
20260105093500000,84.65,85.47,83.75,83.99,2626900,222598804.66
20260105094000000,83.98,84.64,83.98,84.62,1649800,139304733.0
20260105094500000,84.62,84.62,83.36,83.58,2695862,225568254.22
20260105095000000,83.58,83.97,83.42,83.55,1140199,95403896.46
20260105095500000,83.57,84.28,83.57,84.26,920100,77335267.55
20260105100000000,84.24,84.24,82.96,83.0,2257801,188223223.6
20260105100500000,83.18,83.58,82.88,82.88,1601608,133074914.08
20260105101000000,82.89,84.2,82.84,83.91,1303100,108798459.0
20260105101500000,83.85,84.12,83.62,83.83,584400,49059095.0
20260105102000000,83.97,84.33,83.83,84.27,470400,39577037.0
20260105102500000,84.27,84.46,84.01,84.02,728000,61359301.0
20260105103000000,84.03,84.4,83.72,84.3,789469,66312032.91
20260105103500000,84.36,84.61,84.11,84.11,798700,67406556.0
20260105104000000,84.11,84.67,84.08,84.56,650400,54908303.0
20260105104500000,84.57,84.57,84.23,84.36,504900,42602740.0
20260105105000000,84.36,84.77,84.36,84.68,747500,63281534.0
20260105105500000,84.66,84.85,84.53,84.8,421200,35673303.0
20260105110000000,84.77,84.8,83.93,84.01,698700,58895294.0
20260105110500000,83.96,84.45,83.7,84.0,1360300,114155784.0
20260105111000000,83.92,84.5,83.89,84.11,565500,47550562.0
20260105111500000,84.1,84.36,83.97,84.21,491600,41343827.0
20260105112000000,84.2,84.25,84.01,84.09,301958,25393196.0
20260105112500000,84.13,84.26,83.71,83.98,437093,36675972.03
20260105113000000,83.95,84.48,83.95,84.36,268900,22636925.0
20260105130500000,84.49,84.49,83.8,83.82,477600,40128736.64
20260105131000000,83.82,83.87,83.66,83.72,572000,47900133.97
20260105131500000,83.73,83.73,83.39,83.51,742691,62047818.05
20260105132000000,83.46,83.5,83.0,83.13,1174816,97792520.09
20260105132500000,83.12,83.25,82.85,82.93,1400883,116275967.72
20260105133000000,82.9,83.5,82.89,83.4,636500,52966931.0
20260105133500000,83.4,83.77,83.4,83.64,378200,31615174.0
20260105134000000,83.61,83.79,83.58,83.65,320300,26797718.0
20260105134500000,83.69,83.94,83.63,83.94,370000,31009469.0
20260105135000000,83.95,84.13,83.85,84.07,669900,56275126.0
20260105135500000,84.07,84.99,84.07,84.58,1074904,90904147.32
20260105140000000,84.52,84.66,84.35,84.44,419500,35442728.64
20260105140500000,84.44,84.96,84.34,84.58,1148600,97333953.23
20260105141000000,84.58,84.75,84.44,84.72,298356,25219331.76
20260105141500000,84.66,84.73,84.48,84.59,443500,37510486.0
20260105142000000,84.53,84.6,84.4,84.43,316200,26718708.0
20260105142500000,84.36,84.72,84.3,84.67,347300,29343014.0
20260105143000000,84.66,84.78,84.63,84.65,528500,44753487.5
20260105143500000,84.6,84.66,84.41,84.45,609800,51573117.0
20260105144000000,84.46,84.66,84.41,84.46,460800,38945487.0
20260105144500000,84.49,84.56,84.45,84.48,425200,35924361.0
20260105145000000,84.48,84.51,84.44,84.44,555000,46880407.0
20260105145500000,84.42,84.73,84.33,84.66,746707,63065881.8
20260105150000000,84.59,84.66,84.45,84.66,789361,66774398.4
20260106093500000,83.2,83.2,81.81,81.94,6084691,501389192.21
20260106094000000,82.0,82.82,81.85,82.48,4255174,349576218.04
20260106094500000,82.47,83.21,82.26,82.52,2545800,210810382.0
20260106095000000,82.58,82.62,81.8,81.95,3505194,287487583.88
20260106095500000,81.95,82.44,81.74,81.89,2153881,176486340.32
20260106100000000,81.93,82.0,81.12,81.12,3577100,291912805.26
20260106100500000,81.11,81.15,80.55,81.08,3287050,265819692.5
20260106101000000,81.09,81.2,80.81,80.81,1534553,124289212.38
20260106101500000,80.81,80.88,80.17,80.17,2801077,225559219.02
20260106102000000,80.17,80.39,80.0,80.39,2891900,231640984.0
20260106102500000,80.43,81.04,80.4,80.78,1333936,107751393.4
20260106103000000,80.78,80.78,80.43,80.78,683700,55115274.0
20260106103500000,80.77,80.8,80.45,80.48,784200,63257883.0
20260106104000000,80.5,80.5,80.28,80.3,580301,46648728.29
20260106104500000,80.29,80.49,80.29,80.46,529602,42595027.13
20260106105000000,80.41,80.41,80.07,80.25,1092200,87599302.0
20260106105500000,80.25,80.8,80.25,80.64,556500,44793704.55
20260106110000000,80.62,80.9,80.48,80.7,698100,56338421.0
20260106110500000,80.69,80.8,80.69,80.72,384000,31002230.0
20260106111000000,80.7,81.2,80.7,81.2,347600,28114160.0
20260106111500000,81.19,81.33,81.0,81.16,508265,41271218.6
20260106112000000,81.16,81.26,80.93,81.26,388400,31483903.0
20260106112500000,81.25,81.3,81.04,81.22,355400,28840239.0
20260106113000000,81.23,81.23,80.82,80.83,390200,31595521.83
20260106130500000,80.85,81.18,80.75,80.76,883100,71411609.0
20260106131000000,80.76,81.49,80.72,81.23,609300,49436381.05
20260106131500000,81.25,81.29,80.94,81.06,639300,51837605.24
20260106132000000,81.06,81.15,80.88,80.92,619100,50160458.0
20260106132500000,80.91,81.03,80.5,80.67,707700,57163635.0
20260106133000000,80.64,80.8,80.5,80.59,1045500,84325819.0
20260106133500000,80.62,80.89,80.5,80.89,635500,51205422.0
20260106134000000,80.91,81.05,80.83,80.83,378400,30634660.06
20260106134500000,80.83,81.02,80.74,80.86,370970,30008523.3
20260106135000000,80.84,81.14,80.78,81.13,403200,32634884.0
20260106135500000,81.12,81.48,81.06,81.27,418400,34019927.0
20260106140000000,81.29,81.73,81.28,81.73,633404,51608760.55
20260106140500000,81.74,81.74,81.26,81.29,343200,27957280.0
20260106141000000,81.29,81.4,81.27,81.38,245800,19995985.0
20260106141500000,81.37,81.52,81.15,81.36,520300,42335365.0
20260106142000000,81.36,81.5,81.2,81.45,433300,35242175.0
20260106142500000,81.49,81.55,81.41,81.55,287600,23429350.0
20260106143000000,81.55,81.64,81.51,81.53,443700,36194925.0
20260106143500000,81.53,81.55,81.36,81.38,495600,40371950.0
20260106144000000,81.38,81.39,81.25,81.35,438600,35662296.0
20260106144500000,81.37,81.39,81.31,81.33,649300,52821344.0
20260106145000000,81.34,81.35,81.27,81.27,778023,63258271.9
20260106145500000,81.28,81.45,81.28,81.44,819400,66653150.0
20260106150000000,81.44,81.5,81.43,81.49,584182,47594134.09
20260107093500000,82.0,82.0,80.2,80.98,6524308,528604651.8
20260107094000000,80.91,81.98,80.56,81.88,3025000,245549853.0
20260107094500000,81.97,82.17,81.47,81.63,1951800,159761716.0
20260107095000000,81.58,81.64,80.42,80.62,2069400,167219209.45
20260107095500000,80.6,80.72,80.32,80.37,1934667,155746519.22
20260107100000000,80.32,80.53,80.02,80.18,2237900,179486748.85
20260107100500000,80.18,80.68,80.08,80.67,1267817,101704154.85
20260107101000000,80.72,81.33,80.59,81.32,1205500,97668847.66
20260107101500000,81.29,81.65,81.18,81.65,1262370,102769760.1
20260107102000000,81.65,81.97,81.53,81.61,1432700,117147921.0
20260107102500000,81.64,81.89,81.1,81.1,866078,70738270.12
20260107103000000,81.11,81.52,81.0,81.52,718550,58293884.0
20260107103500000,81.52,81.52,81.15,81.19,558100,45373228.0
20260107104000000,81.19,81.23,81.01,81.01,529700,42956210.0
20260107104500000,81.01,81.3,80.88,81.25,658729,53397671.79
20260107105000000,81.29,81.29,81.0,81.0,326000,26463100.0
20260107105500000,80.99,81.22,80.85,81.05,708700,57466246.0
20260107110000000,81.0,81.0,80.83,80.88,502329,40636679.07
20260107110500000,80.88,81.19,80.88,81.0,444600,36029632.0
20260107111000000,81.0,81.01,80.86,80.89,537000,43447395.0
20260107111500000,80.94,81.19,80.87,80.89,465800,37741002.0
20260107112000000,80.88,81.04,80.84,81.0,578449,46821840.51
20260107112500000,81.0,81.26,80.9,81.26,385200,31214887.02
20260107113000000,81.27,81.44,81.17,81.17,342500,27850227.0
20260107130500000,81.17,81.17,80.35,80.62,1729028,139296917.7
20260107131000000,80.62,80.62,80.3,80.34,717172,57654315.64
20260107131500000,80.32,80.42,80.18,80.3,1229600,98716840.0
20260107132000000,80.3,80.42,80.19,80.19,953200,76522589.0
20260107132500000,80.18,80.19,80.06,80.17,1128000,90364442.49
20260107133000000,80.16,80.16,79.89,79.89,2242483,179440869.81
20260107133500000,79.89,79.9,79.81,79.84,1471100,117448461.0
20260107134000000,79.83,80.0,79.81,79.9,936300,74810813.0
20260107134500000,79.89,79.89,79.39,79.39,1476700,117551245.59
20260107135000000,79.39,79.59,79.38,79.59,989890,78661758.78
20260107135500000,79.64,80.09,79.64,80.04,407200,32546195.89
20260107140000000,80.04,80.51,80.04,80.27,529363,42516773.04
20260107140500000,80.28,80.52,80.28,80.46,535900,43103455.0
20260107141000000,80.46,80.66,80.45,80.66,735100,59212347.0
20260107141500000,80.66,80.97,80.64,80.83,489900,39587331.0
20260107142000000,80.83,80.84,80.41,80.45,539700,43506757.0
20260107142500000,80.46,80.61,80.38,80.59,377900,30406969.0
20260107143000000,80.58,80.58,80.46,80.55,324750,26153304.0
20260107143500000,80.54,80.55,80.3,80.4,434250,34910501.5
20260107144000000,80.41,80.69,80.4,80.67,383133,30862923.16
20260107144500000,80.66,80.67,80.5,80.55,391100,31505850.0
20260107145000000,80.54,80.71,80.48,80.51,696400,56134598.0
20260107145500000,80.52,80.62,80.51,80.61,606911,48910586.49
20260107150000000,80.61,80.61,80.57,80.6,602718,48576989.8
20260108093500000,80.3,80.3,79.12,79.14,3264154,259689271.08
20260108094000000,79.15,80.76,78.82,80.73,2940895,233975446.24
20260108094500000,80.79,81.9,80.79,81.52,4366900,355629897.04
20260108095000000,81.45,81.6,81.18,81.22,1546400,125834226.0
20260108095500000,81.21,81.55,81.04,81.04,1086700,88371235.0
20260108100000000,81.06,81.8,81.0,81.78,1366234,111300933.16
20260108100500000,81.79,82.07,81.49,81.88,2296032,187985096.2
20260108101000000,81.83,82.05,81.72,82.0,981100,80354959.0
20260108101500000,81.99,82.01,81.6,81.6,808377,66136258.75
20260108102000000,81.62,81.96,81.49,81.5,683400,55843017.0
20260108102500000,81.44,81.62,81.25,81.6,602173,49019695.55
20260108103000000,81.6,82.44,81.6,82.44,1947940,159730233.6
20260108103500000,82.46,83.38,82.46,83.33,4699134,389846194.65
20260108104000000,83.35,83.79,83.04,83.76,3524081,294099714.96
20260108104500000,83.76,83.78,82.82,83.01,1611800,134329649.34
20260108105000000,83.01,83.48,83.0,83.44,1015200,84495138.0
20260108105500000,83.47,83.47,83.09,83.09,611300,50872552.01
20260108110000000,83.09,83.09,82.85,82.9,544200,45139336.84
20260108110500000,82.92,82.92,82.36,82.66,765900,63271071.0
20260108111000000,82.67,82.99,82.53,82.8,514100,42517415.0
20260108111500000,82.8,82.93,82.48,82.48,512600,42429207.0
20260108112000000,82.5,82.5,81.99,82.1,591106,48564485.12
20260108112500000,82.09,82.44,82.09,82.34,181500,14941509.0
20260108113000000,82.34,82.39,82.22,82.34,171400,14109956.0
20260108130500000,82.33,82.33,82.0,82.14,557694,45793279.82
20260108131000000,82.07,82.14,81.66,81.66,505800,41423707.0
20260108131500000,81.65,81.69,81.53,81.69,790300,64501443.0
20260108132000000,81.69,81.88,81.38,81.88,592600,48317880.71
20260108132500000,81.85,81.93,81.58,81.6,257100,21031914.0
20260108133000000,81.6,81.73,81.59,81.7,200250,16352856.0
20260108133500000,81.72,81.72,81.27,81.3,560227,45616582.45
20260108134000000,81.3,81.37,81.25,81.25,382805,31129337.6
20260108134500000,81.25,81.4,81.25,81.38,278700,22676377.0
20260108135000000,81.38,81.38,81.23,81.29,381000,30978590.0
20260108135500000,81.28,81.28,81.06,81.09,699100,56721661.5
20260108140000000,81.1,81.29,80.86,81.01,992303,80407261.28
20260108140500000,81.1,81.1,80.9,81.01,363392,29425289.8
20260108141000000,81.0,81.02,80.86,80.89,376300,30463719.0
20260108141500000,80.9,80.9,80.55,80.76,881500,71139361.97
20260108142000000,80.74,81.1,80.54,81.1,527900,42637863.0
20260108142500000,81.12,81.13,81.0,81.06,208100,16872790.88
20260108143000000,81.07,81.34,81.0,81.33,239806,19450185.6
20260108143500000,81.34,81.4,81.2,81.21,364413,29638777.42
20260108144000000,81.21,81.21,80.85,80.88,335494,27180759.4
20260108144500000,80.86,80.9,80.86,80.89,484800,39213648.0
20260108145000000,80.88,81.06,80.88,80.89,375900,30425202.0
20260108145500000,80.89,81.0,80.81,80.98,585100,47323235.0
20260108150000000,80.98,81.11,80.97,81.11,409715,33215676.75
20260109093500000,79.66,80.0,78.62,79.0,4953200,391854674.67
20260109094000000,79.07,79.24,78.33,79.07,2447900,192770577.0
20260109094500000,79.18,79.2,78.38,78.7,2300071,180786198.31
20260109095000000,78.7,79.23,78.68,78.68,1220200,96381243.0
20260109095500000,78.69,79.47,78.69,79.4,2024300,160066114.0
20260109100000000,79.4,79.69,79.2,79.55,2089402,165948892.46
20260109100500000,79.78,79.99,79.6,79.9,1240205,98992476.9
20260109101000000,79.9,79.9,79.31,79.41,689800,54867182.0
20260109101500000,79.4,79.95,79.36,79.89,440800,35046482.0
20260109102000000,79.86,80.27,79.86,80.18,676900,54211864.0
20260109102500000,80.17,80.77,80.1,80.71,692800,55717012.0
20260109103000000,80.69,81.11,80.56,81.05,997887,80706235.68
20260109103500000,81.1,81.23,80.62,80.65,1106200,89598409.0
20260109104000000,80.62,80.84,80.61,80.83,248900,20083266.0
20260109104500000,80.79,80.79,80.41,80.41,410900,33112164.05
20260109105000000,80.4,80.41,80.14,80.24,614700,49294238.0
20260109105500000,80.27,81.08,80.26,80.6,631800,51058107.0
20260109110000000,80.59,80.99,80.4,80.87,371800,29956835.0
20260109110500000,80.87,80.87,80.3,80.41,308100,24781155.0
20260109111000000,80.41,80.7,80.3,80.45,309500,24896066.0
20260109111500000,80.46,80.95,80.45,80.73,277707,22405241.22
20260109112000000,80.72,81.47,80.72,81.31,1060100,86074217.0
20260109112500000,81.28,81.68,81.08,81.47,868177,70682926.83
20260109113000000,81.45,81.45,80.91,81.0,376500,30577378.0
20260109130500000,81.01,82.04,81.01,82.04,1728800,141360300.62
20260109131000000,82.08,82.94,82.0,82.79,1913292,157801902.73
20260109131500000,82.88,83.0,82.61,82.89,1747600,144847603.0
20260109132000000,82.99,82.99,82.2,82.45,740127,61070251.23
20260109132500000,82.46,82.53,82.01,82.01,544600,44836907.0
20260109133000000,82.0,82.34,81.95,82.31,454900,37360490.5
20260109133500000,82.3,82.31,81.92,81.98,363000,29798482.0
20260109134000000,81.98,82.18,81.96,81.99,305700,25083176.0
20260109134500000,81.99,82.3,81.96,82.13,274900,22573788.0
20260109135000000,82.12,82.12,81.95,82.04,228499,18740216.97
20260109135500000,81.95,81.97,81.61,81.69,323001,26419785.03
20260109140000000,81.69,81.84,81.59,81.68,229300,18726377.0
20260109140500000,81.67,81.74,81.5,81.62,248600,20281006.0
20260109141000000,81.62,81.63,81.5,81.53,190900,15567214.0
20260109141500000,81.51,81.54,81.31,81.31,252300,20540243.0
20260109142000000,81.32,81.48,81.21,81.31,233900,19025417.0
20260109142500000,81.31,81.42,81.26,81.4,246499,20049957.24
20260109143000000,81.39,81.4,81.31,81.32,285600,23232582.0
20260109143500000,81.31,81.31,80.9,80.97,719297,58296860.04
20260109144000000,80.97,81.44,80.97,81.39,581103,47209982.57
20260109144500000,81.37,81.4,81.11,81.16,494800,40223188.0
20260109145000000,81.15,81.19,81.11,81.12,537200,43591926.0
20260109145500000,81.12,81.47,81.1,81.44,951700,77400982.79
20260109150000000,81.43,81.46,81.4,81.46,664288,54103517.7
20260112093500000,80.65,80.79,77.35,77.55,9188400,722957725.02
20260112094000000,77.49,77.81,76.68,77.81,9661239,745251638.5
20260112094500000,77.86,77.9,77.05,77.15,3196100,247056786.0
20260112095000000,77.17,77.5,76.7,76.72,4247200,326791522.45
20260112095500000,76.72,77.47,75.88,77.47,4463583,340964683.68
20260112100000000,77.48,77.48,76.14,76.16,2596860,199356729.0
20260112100500000,76.24,76.7,76.24,76.7,2400380,183571196.24
20260112101000000,76.7,77.0,76.31,76.38,1797405,137565920.06
20260112101500000,76.38,76.99,76.38,76.78,1747900,133854839.0
20260112102000000,76.77,76.87,76.3,76.41,1141137,87377477.11
20260112102500000,76.55,76.76,76.4,76.4,766000,58642475.34
20260112103000000,76.41,76.41,76.16,76.18,1724250,131458519.76
20260112103500000,76.18,76.95,76.1,76.95,1189532,90914805.66
20260112104000000,76.95,77.13,76.83,77.0,1081500,83260640.0
20260112104500000,77.03,77.69,77.01,77.44,1064900,82435311.0
20260112105000000,77.44,77.54,77.33,77.54,507382,39289751.7
20260112105500000,77.49,77.78,77.44,77.75,598500,46463862.0
20260112110000000,77.7,77.75,77.27,77.27,497200,38561589.0
20260112110500000,77.26,77.33,76.97,77.03,730000,56279827.0
20260112111000000,77.03,77.2,76.95,77.14,317500,24469581.0
20260112111500000,77.14,77.64,77.14,77.63,597800,46268100.0
20260112112000000,77.63,77.66,77.5,77.58,471000,36543558.0
20260112112500000,77.58,78.07,77.45,77.64,1371375,106670263.26
20260112113000000,77.64,77.78,77.36,77.73,672700,52185529.0
20260112130500000,77.8,78.18,77.73,78.08,1253683,97644590.53
20260112131000000,78.13,78.45,78.08,78.33,798700,62490863.34
20260112131500000,78.33,78.48,77.95,78.0,770517,60294550.51
20260112132000000,77.98,78.62,77.62,78.61,685279,53526761.82
20260112132500000,78.62,78.73,78.37,78.44,646500,50815021.95
20260112133000000,78.5,78.5,78.07,78.07,326900,25582172.2
20260112133500000,78.09,78.2,77.8,78.2,618500,48240021.0
20260112134000000,78.1,78.44,78.08,78.08,501406,39262385.27
20260112134500000,78.1,78.21,78.01,78.11,351000,27412062.0
20260112135000000,78.11,78.29,78.1,78.28,391460,30614282.41
20260112135500000,78.28,78.48,78.28,78.47,349685,27410714.6
20260112140000000,78.47,78.6,78.43,78.6,544670,42747349.5
20260112140500000,78.61,78.87,78.6,78.6,604198,47579348.31
20260112141000000,78.6,78.86,78.58,78.79,399600,31476248.0
20260112141500000,78.79,78.85,78.55,78.82,440910,34704708.4
20260112142000000,78.82,79.4,78.81,79.35,1206721,95551375.22
20260112142500000,79.34,79.62,79.0,79.0,953200,75656518.0
20260112143000000,79.09,79.29,79.0,79.28,376700,29834205.0
20260112143500000,79.27,79.28,78.57,78.58,586900,46338955.2
20260112144000000,78.56,78.62,78.47,78.6,457638,35935424.62
20260112144500000,78.62,78.86,78.0,78.16,1434362,112261393.24
20260112145000000,78.08,78.18,77.95,77.99,1454300,113492309.56
20260112145500000,78.0,78.38,77.99,78.38,1303221,102016098.51
20260112150000000,78.37,78.44,78.37,78.44,923800,72449182.0
20260113093500000,78.43,79.25,77.95,78.7,6957844,545852572.74
20260113094000000,78.7,79.51,78.13,79.45,3848132,303155153.4
20260113094500000,79.41,79.8,79.26,79.8,2796170,222313632.5
20260113095000000,79.8,80.18,79.41,79.42,2642300,210919338.0
20260113095500000,79.45,79.45,78.6,78.7,1733900,137079700.0
20260113100000000,78.66,78.66,78.0,78.25,1710100,133792715.6
20260113100500000,78.26,78.53,78.22,78.38,954656,74771078.2
20260113101000000,78.38,78.38,77.46,77.47,2535244,197504833.26
20260113101500000,77.45,77.65,77.36,77.52,1642677,127310617.03
20260113102000000,77.53,78.06,77.5,77.5,1074300,83444793.0
20260113102500000,77.5,77.6,77.32,77.4,1052874,81574219.6
20260113103000000,77.36,77.47,77.06,77.08,1345400,104035982.0
20260113103500000,77.08,77.1,77.01,77.03,1629578,125547929.78
20260113104000000,77.03,77.3,77.01,77.03,946100,72948374.0
20260113104500000,77.04,77.28,77.01,77.1,692500,53388893.0
20260113105000000,77.1,77.37,77.1,77.33,603200,46609551.0
20260113105500000,77.33,77.55,77.18,77.23,594600,46010955.0
20260113110000000,77.23,77.23,77.05,77.06,653300,50378746.88
20260113110500000,77.06,77.08,76.7,76.7,1750322,134663012.46
20260113111000000,76.7,77.06,76.68,76.92,804018,61828520.06
20260113111500000,76.9,76.9,76.7,76.72,806900,61954593.26
20260113112000000,76.72,76.89,76.71,76.71,825988,63427316.4
20260113112500000,76.71,77.22,76.71,76.87,693000,53285687.0
20260113113000000,76.88,77.01,76.87,76.98,400800,30831300.0
20260113130500000,77.1,77.2,76.97,77.01,532900,41049246.0
20260113131000000,77.01,77.01,76.79,76.8,477200,36676495.0
20260113131500000,76.78,76.94,76.76,76.86,483000,37106229.0
20260113132000000,76.86,76.93,76.77,76.85,909700,69879998.0
20260113132500000,76.84,76.84,76.68,76.72,984900,75573000.0
20260113133000000,76.7,76.83,76.66,76.69,698282,53566260.76
20260113133500000,76.66,76.72,76.31,76.31,1368400,104717198.0
20260113134000000,76.31,76.33,76.14,76.33,1017800,77589927.0
20260113134500000,76.35,76.5,76.15,76.28,907400,69180337.0
20260113135000000,76.28,76.44,76.15,76.3,663356,50602991.8
20260113135500000,76.3,76.7,76.18,76.66,798798,61013414.18
20260113140000000,76.63,76.86,76.53,76.59,576700,44231985.0
20260113140500000,76.57,76.6,76.43,76.43,401200,30700615.0
20260113141000000,76.43,76.46,76.3,76.32,407802,31136430.86
20260113141500000,76.32,76.32,76.25,76.27,373800,28511279.0
20260113142000000,76.26,76.31,76.2,76.31,532600,40599764.0
20260113142500000,76.31,76.44,76.31,76.38,321098,24520346.34
20260113143000000,76.38,76.41,76.3,76.41,442559,33784812.88
20260113143500000,76.36,76.57,76.26,76.27,465141,35531885.12
20260113144000000,76.26,76.26,76.01,76.06,1067700,81276177.0
20260113144500000,76.04,76.05,75.98,75.98,1271500,96647351.0
20260113145000000,75.99,76.2,75.96,76.17,902908,68677996.87
20260113145500000,76.17,76.53,76.17,76.4,801318,61243858.58
20260113150000000,76.41,76.49,76.3,76.36,510418,38996254.72
20260114093500000,76.7,76.78,75.05,75.12,3922800,296819451.0
20260114094000000,75.08,75.6,75.08,75.21,2302200,173411223.0
20260114094500000,75.22,76.36,75.22,76.2,2018000,152795563.5
20260114095000000,76.18,76.54,75.94,76.4,1569919,119752752.37
20260114095500000,76.4,76.52,76.11,76.48,1357481,103700049.4
20260114100000000,76.48,76.55,76.1,76.52,1438120,109845813.4
20260114100500000,76.56,76.88,76.46,76.53,1765000,135408018.06
20260114101000000,76.53,76.74,76.34,76.36,802000,61371240.0
20260114101500000,76.35,76.39,76.03,76.3,1279400,97510578.0
20260114102000000,76.28,76.28,75.92,75.96,1147200,87206270.0
20260114102500000,76.0,76.08,75.75,76.08,836908,63522013.0
20260114103000000,76.14,76.41,76.14,76.3,516300,39390460.0
20260114103500000,76.3,76.3,75.96,76.01,742700,56491775.0
20260114104000000,75.98,76.01,75.81,75.94,681000,51682905.0
20260114104500000,75.94,76.04,75.51,75.81,1329100,100662286.0
20260114105000000,75.83,76.1,75.83,76.01,418701,31803356.9
20260114105500000,76.04,76.19,75.8,75.92,496699,37746015.08
20260114110000000,75.96,76.14,75.81,76.06,417501,31697460.87
20260114110500000,76.06,76.46,76.0,76.41,715600,54591957.12
20260114111000000,76.46,76.52,76.19,76.26,1192900,90982354.0
20260114111500000,76.29,76.41,76.26,76.39,406200,31017050.0
20260114112000000,76.39,76.4,76.19,76.37,474100,36187647.0
20260114112500000,76.41,76.68,76.41,76.6,922800,70684873.0
20260114113000000,76.6,76.87,76.6,76.64,1099956,84434713.72
20260114130500000,76.7,76.7,75.5,75.79,2233900,169375444.0
20260114131000000,75.79,75.84,75.21,75.36,1326300,100068550.0
20260114131500000,75.36,75.64,75.36,75.41,680600,51386360.0
20260114132000000,75.41,75.41,75.03,75.35,1188870,89366230.06
20260114132500000,75.37,76.12,75.36,76.02,721100,54699168.0
20260114133000000,76.02,76.7,75.66,76.7,829400,63214191.0
20260114133500000,76.75,77.24,76.74,76.77,2038400,156871059.0
20260114134000000,76.78,77.5,76.69,77.32,1649200,127303638.0
20260114134500000,77.32,77.32,76.71,76.71,624000,48074776.0
20260114135000000,76.7,76.75,76.18,76.3,652100,49897915.0
20260114135500000,76.3,76.4,76.29,76.4,465900,35578073.0
20260114140000000,76.39,76.4,75.9,75.92,561200,42731624.0
20260114140500000,75.9,76.06,75.61,76.06,723895,54896926.6
20260114141000000,76.0,76.0,75.66,75.95,399505,30295651.45
20260114141500000,75.96,76.04,75.96,75.98,307500,23367903.0
20260114142000000,75.98,75.98,75.8,75.83,391800,29720499.0
20260114142500000,75.83,75.89,75.8,75.89,309700,23484183.0
20260114143000000,75.9,76.05,75.84,75.99,405100,30769724.0
20260114143500000,75.98,76.03,75.95,76.0,460700,35009729.0
20260114144000000,76.01,76.01,75.81,75.88,401700,30477702.0
20260114144500000,75.94,76.01,75.85,75.97,377400,28665355.0
20260114145000000,75.97,76.01,75.97,75.99,399482,30357139.36
20260114145500000,75.99,76.1,75.99,76.09,494600,37613787.0
20260114150000000,76.09,76.2,76.08,76.2,584900,44549853.0
20260115093500000,75.0,77.4,75.0,77.4,3683402,282290544.39
20260115094000000,77.59,77.83,77.13,77.7,3250400,251981078.41
20260115094500000,77.67,78.19,77.4,77.56,3498985,272343208.37
20260115095000000,77.54,77.9,77.54,77.82,1419500,110344028.0
20260115095500000,77.82,77.84,77.4,77.59,1067300,82792556.0
20260115100000000,77.57,78.49,77.47,78.0,2502753,195623540.25
20260115100500000,77.93,78.0,77.72,77.95,1147000,89342744.73
20260115101000000,77.9,78.0,77.51,77.51,965597,75139650.54
20260115101500000,77.51,77.63,77.01,77.01,1188200,91930734.04
20260115102000000,77.04,77.09,76.66,76.76,1296200,99697677.0
20260115102500000,76.76,77.07,76.67,76.95,655300,50373801.0
20260115103000000,76.94,77.28,76.94,77.02,438000,33747297.0
20260115103500000,77.04,77.35,76.97,77.25,382600,29532286.0
20260115104000000,77.23,77.58,77.23,77.49,493300,38227014.0
20260115104500000,77.48,77.49,77.02,77.02,310460,23969204.6
20260115105000000,77.02,77.2,76.92,77.15,298396,23001171.48
20260115105500000,77.12,77.16,76.91,76.95,351544,27059402.64
20260115110000000,76.95,77.18,76.94,77.07,213200,16433301.0
20260115110500000,77.07,77.15,76.96,76.98,223400,17213309.0
20260115111000000,76.97,77.2,76.97,77.2,259200,19987644.0
20260115111500000,77.18,77.19,76.98,77.0,284900,21962962.0
20260115112000000,77.0,77.08,76.93,77.08,205500,15819620.0
20260115112500000,77.08,77.08,76.72,76.74,382600,29413996.0
20260115113000000,76.74,76.99,76.72,76.97,250000,19195446.0
20260115130500000,76.97,77.09,76.72,76.98,301300,23176768.0
20260115131000000,76.97,77.38,76.97,77.09,335400,25899164.0
20260115131500000,77.09,77.41,77.07,77.41,325700,25144037.0
20260115132000000,77.45,77.75,77.37,77.65,908700,70530976.95
20260115132500000,77.63,77.68,77.43,77.65,366144,28397487.64
20260115133000000,77.65,77.73,77.46,77.46,394656,30646888.92
20260115133500000,77.46,77.73,77.45,77.73,398900,30937862.0
20260115134000000,77.73,77.86,77.54,77.63,445800,34649105.0
20260115134500000,77.63,77.63,77.5,77.51,241800,18762420.44
20260115135000000,77.51,77.7,77.47,77.69,315100,24445677.96
20260115135500000,77.64,77.95,77.64,77.9,724256,56369048.2
20260115140000000,77.83,78.0,77.79,78.0,877900,68384682.0
20260115140500000,78.05,78.12,77.91,78.06,968650,75602853.68
20260115141000000,78.05,78.85,78.03,78.57,3019488,237243407.35
20260115141500000,78.56,78.85,78.49,78.77,2027600,159548166.0
20260115142000000,78.75,78.99,78.7,78.78,2195822,173204727.14
20260115142500000,78.79,79.5,78.75,79.39,2357886,186745425.54
20260115143000000,79.36,79.5,79.2,79.2,1396600,110890244.68
20260115143500000,79.17,79.26,78.9,79.26,995000,78652584.0
20260115144000000,79.25,79.49,79.25,79.38,1054200,83705878.0
20260115144500000,79.41,79.45,79.35,79.38,1109682,88114023.7
20260115145000000,79.38,79.63,79.34,79.63,1846258,146678538.84
20260115145500000,79.63,79.63,79.34,79.34,1077000,85627217.0
20260115150000000,79.34,79.38,79.31,79.38,755300,59940754.0
20260116093500000,80.22,81.3,80.22,80.91,5089333,411743424.97
20260116094000000,80.83,80.88,80.19,80.64,2323841,187013297.8
20260116094500000,80.6,80.64,79.6,79.84,2092208,167352564.65
20260116095000000,79.84,80.1,79.6,80.06,1188100,94820590.0
20260116095500000,80.11,80.33,79.88,80.32,1023300,81967127.48
20260116100000000,80.3,80.5,79.91,80.03,1294742,103860168.0
20260116100500000,80.03,80.48,80.0,80.42,1035100,83026368.0
20260116101000000,80.42,81.0,80.4,80.6,1687210,136198979.0
20260116101500000,80.63,81.1,80.63,81.05,1162136,93953246.65
20260116102000000,81.09,81.5,80.9,81.5,2136032,173617446.4
20260116102500000,81.47,81.49,80.43,80.43,907400,73419638.0
20260116103000000,80.43,80.95,80.43,80.8,576500,46524880.0
20260116103500000,80.81,80.82,80.23,80.23,824500,66389600.0
20260116104000000,80.24,80.55,80.24,80.41,417500,33586778.0
20260116104500000,80.4,80.62,80.36,80.5,490800,39495953.63
20260116105000000,80.51,80.77,80.37,80.62,441700,35563277.0
20260116105500000,80.63,81.48,80.62,81.48,982899,79747960.9
20260116110000000,81.4,81.95,81.39,81.89,2073700,169337388.0
20260116110500000,81.92,81.96,81.61,81.63,993900,81305083.08
20260116111000000,81.61,81.63,81.16,81.19,898900,73126346.0
20260116111500000,81.19,81.36,80.93,81.09,675200,54783414.0
20260116112000000,81.03,81.27,81.03,81.23,364300,29561302.0
20260116112500000,81.24,81.3,81.18,81.29,280400,22781329.0
20260116113000000,81.28,81.32,80.8,80.88,678000,55007061.0
20260116130500000,80.88,80.88,80.4,80.5,925848,74649799.2
20260116131000000,80.52,80.52,80.01,80.03,1144700,91797111.0
20260116131500000,80.05,80.28,79.88,80.28,903800,72366580.0
20260116132000000,80.26,80.45,80.26,80.31,390000,31335789.0
20260116132500000,80.31,80.67,80.31,80.55,330917,26637189.18
20260116133000000,80.55,81.0,80.55,80.78,449600,36336074.0
20260116133500000,80.76,80.76,80.53,80.69,362900,29261591.0
20260116134000000,80.69,80.91,80.69,80.91,320418,25888909.4
20260116134500000,80.92,80.96,80.43,80.63,433245,34947567.14
20260116135000000,80.63,80.92,80.55,80.85,421000,33984374.0
20260116135500000,80.8,80.8,80.41,80.48,415700,33467640.84
20260116140000000,80.41,80.5,80.32,80.5,431400,34693166.56
20260116140500000,80.51,80.51,80.2,80.3,519784,41758028.88
20260116141000000,80.3,80.45,80.25,80.34,307500,24705753.0
20260116141500000,80.35,80.6,80.34,80.59,321200,25850779.0
20260116142000000,80.56,80.59,80.4,80.49,213200,17160492.0
20260116142500000,80.5,80.8,80.48,80.65,468900,37829287.0
20260116143000000,80.65,80.67,80.55,80.61,263500,21242595.0
20260116143500000,80.57,80.65,80.51,80.65,316295,25484237.35
20260116144000000,80.65,80.77,80.54,80.56,586700,47324946.0
20260116144500000,80.6,80.8,80.51,80.52,798800,64403086.26
20260116145000000,80.52,80.52,80.35,80.35,701600,56454600.0
20260116145500000,80.35,80.35,80.3,80.33,746000,59918690.0
20260116150000000,80.33,80.34,80.32,80.33,695480,55869154.4
20260119093500000,78.77,78.95,77.34,78.0,4657574,363276190.36
20260119094000000,77.99,78.08,77.02,77.49,3880226,300905588.3
20260119094500000,77.5,77.82,77.1,77.37,3729700,288750584.0
20260119095000000,77.33,77.34,77.06,77.09,2511093,193706109.23
20260119095500000,77.09,78.05,77.09,77.98,1147529,88937797.14
20260119100000000,77.97,78.02,77.52,77.79,1201765,93451290.0
20260119100500000,77.8,78.17,77.61,77.63,934900,72877549.0
20260119101000000,77.63,78.04,77.58,77.84,1231600,95780665.0
20260119101500000,77.84,78.01,77.39,77.39,1322100,102755347.61
20260119102000000,77.38,77.41,77.26,77.31,1076466,83243328.8
20260119102500000,77.31,77.45,77.31,77.41,611600,47337308.34
20260119103000000,77.41,77.67,77.4,77.57,494900,38344853.0
20260119103500000,77.54,78.0,77.45,77.76,561700,43697195.0
20260119104000000,77.76,78.03,77.7,77.71,618000,48135398.0
20260119104500000,77.7,78.0,77.46,77.82,716500,55693735.0
20260119105000000,77.82,77.82,77.6,77.61,355600,27618791.0
20260119105500000,77.59,77.65,77.51,77.57,400800,31094617.0
20260119110000000,77.59,78.0,77.56,77.96,449127,34917769.39
20260119110500000,77.95,77.96,77.77,77.86,233300,18165876.0
20260119111000000,77.85,77.9,77.61,77.7,347200,26983151.0
20260119111500000,77.69,77.89,77.69,77.86,242500,18867642.0
20260119112000000,77.86,77.89,77.59,77.72,445300,34601728.0
20260119112500000,77.71,77.72,77.38,77.43,701879,54403326.02
20260119113000000,77.4,77.43,77.3,77.38,628380,48601368.08
20260119130500000,77.39,77.68,77.36,77.47,513600,39800524.0
20260119131000000,77.47,77.77,77.45,77.72,373073,28935765.42
20260119131500000,77.72,78.0,77.72,77.89,606000,47185232.0
20260119132000000,77.9,78.37,77.9,78.02,744300,58167505.0
20260119132500000,78.02,78.6,77.99,78.07,1073121,84135839.47
20260119133000000,78.08,78.2,77.98,77.99,251200,19610844.0
20260119133500000,77.99,78.1,77.89,77.89,304700,23760895.0
20260119134000000,77.89,77.89,77.6,77.62,425400,33052868.0
20260119134500000,77.62,77.67,77.59,77.59,390175,30286392.25
20260119135000000,77.59,77.8,77.55,77.55,333300,25874795.0
20260119135500000,77.55,77.73,77.44,77.44,601200,46613692.0
20260119140000000,77.44,77.59,77.43,77.45,423300,32803380.0
20260119140500000,77.44,77.56,77.43,77.53,353725,27409122.72
20260119141000000,77.56,77.6,77.54,77.54,207000,16058231.0
20260119141500000,77.54,77.61,77.43,77.61,423275,32801935.18
20260119142000000,77.6,77.91,77.6,77.9,399100,31027243.0
20260119142500000,77.9,78.24,77.88,78.0,692800,54109196.18
20260119143000000,78.0,78.18,78.0,78.1,467200,36486515.0
20260119143500000,78.11,78.2,77.97,78.2,637400,49781318.2
20260119144000000,78.21,78.26,77.98,78.0,534209,41742019.77
20260119144500000,77.99,78.02,77.87,77.91,405691,31617244.82
20260119145000000,77.91,77.92,77.78,77.78,781000,60829103.73
20260119145500000,77.8,77.83,77.78,77.82,686600,53422748.0
20260119150000000,77.81,77.83,77.8,77.81,539504,41977330.0
20260120093500000,77.5,77.7,76.25,76.4,3814178,293071730.11
20260120094000000,76.4,76.81,76.3,76.55,2538058,194128289.14
20260120094500000,76.56,77.13,76.56,76.85,1073800,82521440.0
20260120095000000,76.9,77.03,76.48,76.48,818276,62731685.96
20260120095500000,76.48,76.5,76.12,76.12,1819800,138887602.0
20260120100000000,76.06,76.09,75.36,75.92,3268583,247602935.09
20260120100500000,75.95,76.08,75.45,75.45,1164800,88220112.0
20260120101000000,75.45,75.45,75.1,75.24,2229837,167787678.55
20260120101500000,75.24,75.3,74.56,74.56,3567600,267354459.24
20260120102000000,74.51,74.83,74.1,74.11,2487533,185145884.26
20260120102500000,74.1,74.24,73.77,74.16,2314533,171206576.52
20260120103000000,74.18,74.3,73.85,74.3,1166200,86273585.0
20260120103500000,74.31,74.31,73.87,74.27,1021718,75630978.9
20260120104000000,74.29,74.98,74.29,74.45,982100,73237680.0
20260120104500000,74.46,74.62,74.4,74.62,599182,44626929.62
20260120105000000,74.63,74.63,74.2,74.29,589700,43882898.0
20260120105500000,74.3,74.35,74.02,74.04,523400,38816421.0
20260120110000000,74.04,74.5,74.02,74.09,669200,49682414.0
20260120110500000,74.08,74.17,74.02,74.15,375000,27782162.0
20260120111000000,74.13,74.13,73.92,73.93,834400,61753161.19
20260120111500000,73.92,73.94,73.81,73.83,1169500,86417252.66
20260120112000000,73.83,73.97,73.83,73.89,799800,59098502.0
20260120112500000,73.88,73.92,73.34,73.34,1735600,127969611.0
20260120113000000,73.33,73.54,73.3,73.4,1056177,77496382.56
20260120130500000,73.4,73.45,73.19,73.2,949023,69625056.44
20260120131000000,73.18,73.68,73.18,73.66,509400,37394201.0
20260120131500000,73.66,73.68,73.5,73.6,455430,33521503.6
20260120132000000,73.6,73.73,73.5,73.67,511000,37604846.0
20260120132500000,73.67,73.78,73.5,73.77,406300,29906221.0
20260120133000000,73.78,74.42,73.77,74.35,552800,40987307.0
20260120133500000,74.38,74.41,73.78,74.06,445900,33018325.0
20260120134000000,74.06,74.36,73.96,74.04,382400,28353894.0
20260120134500000,74.05,74.39,74.02,74.2,418400,31051862.0
20260120135000000,74.2,74.2,73.95,74.2,554800,41087101.0
20260120135500000,74.17,74.2,73.86,73.86,571700,42278346.0
20260120140000000,73.86,73.91,73.61,73.71,753745,55586455.0
20260120140500000,73.71,73.96,73.66,73.66,423300,31252291.0
20260120141000000,73.65,73.65,73.55,73.57,475000,34952704.0
20260120141500000,73.57,73.62,73.52,73.56,376100,27667953.0
20260120142000000,73.56,73.58,73.36,73.41,798299,58641178.66
20260120142500000,73.43,73.51,73.25,73.34,815747,59829922.94
20260120143000000,73.33,73.33,73.06,73.07,1577750,115453452.38
20260120143500000,73.06,73.25,73.05,73.06,959800,70166528.0
20260120144000000,73.06,73.12,73.05,73.07,786932,57511207.92
20260120144500000,73.06,73.41,73.0,73.36,1775873,129730409.6
20260120145000000,73.38,73.67,73.38,73.63,545700,40150663.36
20260120145500000,73.61,73.94,73.61,73.94,590024,43533120.48
20260120150000000,73.95,74.01,73.95,74.0,726556,53759749.0
20260121093500000,73.1,74.07,73.09,74.07,2338600,171676787.0
20260121094000000,74.07,74.27,73.81,74.14,1639100,121416477.0
20260121094500000,74.14,74.28,73.88,74.07,1010700,74911174.3
20260121095000000,74.1,74.53,74.06,74.52,1138800,84568445.0
20260121095500000,74.53,74.97,74.5,74.68,1578994,118066523.88
20260121100000000,74.68,74.81,74.46,74.46,883900,66006444.0
20260121100500000,74.45,74.88,74.45,74.56,732500,54694521.0
20260121101000000,74.56,74.8,74.44,74.46,693200,51734328.0
20260121101500000,74.45,74.69,74.4,74.46,466100,34734885.0
20260121102000000,74.46,74.55,74.34,74.53,547676,40779583.68
20260121102500000,74.57,74.88,74.57,74.88,673600,50321440.0
20260121103000000,74.84,74.97,74.7,74.96,631000,47244965.0
20260121103500000,74.96,74.97,74.77,74.9,411800,30830631.0
20260121104000000,74.91,74.96,74.67,74.78,311100,23282209.0
20260121104500000,74.79,74.83,74.73,74.77,267200,19984767.0
20260121105000000,74.77,74.92,74.62,74.86,449400,33609133.0
20260121105500000,74.85,74.85,74.55,74.55,240972,18014114.16
20260121110000000,74.56,74.72,74.48,74.58,268400,20015484.0
20260121110500000,74.57,74.8,74.55,74.69,283586,21172845.46
20260121111000000,74.69,74.86,74.61,74.63,385900,28839269.0
20260121111500000,74.72,75.19,74.72,74.91,1670494,125256419.5
20260121112000000,74.89,75.15,74.89,75.06,316600,23750112.0
20260121112500000,75.07,75.07,74.69,74.7,458100,34279555.0
20260121113000000,74.7,74.73,74.55,74.56,416400,31075138.0
20260121130500000,74.58,74.88,74.58,74.85,246300,18406304.0
20260121131000000,74.84,75.44,74.82,75.26,1027900,77291075.0
20260121131500000,75.2,75.25,74.83,75.06,431700,32397468.0
20260121132000000,75.01,75.19,74.99,75.18,569100,42724967.0
20260121132500000,75.16,75.17,74.82,74.85,490100,36772683.0
20260121133000000,74.93,75.01,74.83,74.83,438600,32850236.0
20260121133500000,74.81,74.95,74.76,74.88,311900,23342402.0
20260121134000000,74.89,75.0,74.88,74.99,367300,27537020.0
20260121134500000,75.07,75.35,75.07,75.33,834978,62782736.0
20260121135000000,75.32,75.32,75.15,75.18,506500,38104449.0
20260121135500000,75.17,75.32,75.06,75.3,500100,37590810.0
20260121140000000,75.3,75.3,75.08,75.14,321900,24195680.0
20260121140500000,75.13,75.15,75.02,75.02,341306,25630146.94
20260121141000000,75.01,75.18,74.98,75.17,353800,26560337.0
20260121141500000,75.17,75.17,74.88,74.88,447700,33596864.0
20260121142000000,74.87,74.98,74.8,74.82,549600,41142997.0
20260121142500000,74.81,74.92,74.66,74.84,655600,49023378.58
20260121143000000,74.85,74.85,74.37,74.57,979600,73015503.0
20260121143500000,74.56,75.0,74.56,74.83,493000,36879032.0
20260121144000000,74.82,74.99,74.7,74.82,393600,29473128.0
20260121144500000,74.8,74.85,74.68,74.74,496800,37138350.0
20260121145000000,74.73,74.83,74.73,74.74,677948,50693703.96
20260121145500000,74.73,74.75,74.5,74.54,1137200,84839413.0
20260121150000000,74.54,74.6,74.54,74.6,606062,45205061.2
20260122093500000,75.21,75.22,74.63,74.7,1957500,146688873.0
20260122094000000,74.69,75.17,74.27,74.41,2311377,172708269.15
20260122094500000,74.48,74.89,74.34,74.46,1250700,93205564.0
20260122095000000,74.47,74.81,74.37,74.41,1296500,96648273.0
20260122095500000,74.41,74.61,74.0,74.55,2120500,157380323.0
20260122100000000,74.48,74.79,74.2,74.2,1154100,86037230.0
20260122100500000,74.21,74.33,74.03,74.03,864000,64061000.24
20260122101000000,74.02,74.02,73.74,73.89,1360800,100542909.0
20260122101500000,73.9,74.27,73.88,74.0,1073400,79501725.0
20260122102000000,73.96,74.12,73.8,73.82,933186,68977604.5
20260122102500000,73.83,73.91,73.69,73.7,907708,66962767.78
20260122103000000,73.7,73.83,73.5,73.74,1125500,82865760.3
20260122103500000,73.79,74.16,73.66,73.91,513700,37984319.0
20260122104000000,73.9,74.27,73.85,74.26,424800,31481218.0
20260122104500000,74.23,74.36,74.1,74.32,407700,30272195.0
20260122105000000,74.35,74.61,74.26,74.34,439300,32701044.0
20260122105500000,74.31,74.73,74.3,74.53,430500,32117241.0
20260122110000000,74.53,74.68,74.47,74.63,313100,23354989.0
20260122110500000,74.6,74.64,74.44,74.45,291000,21695047.0
20260122111000000,74.44,74.53,74.18,74.31,265900,19768938.0
20260122111500000,74.22,74.42,73.92,74.1,317900,23565931.0
20260122112000000,74.06,74.08,74.0,74.01,244500,18097589.0
20260122112500000,74.03,74.03,73.81,73.83,382795,28293254.95
20260122113000000,73.81,73.91,73.8,73.81,337400,24913223.05
20260122130500000,73.83,74.19,73.8,74.05,415349,30711384.69
20260122131000000,74.04,74.44,73.92,74.11,518000,38385138.0
20260122131500000,74.07,74.25,73.99,74.23,302400,22410480.0
20260122132000000,74.22,74.55,74.21,74.43,421500,31352659.0
20260122132500000,74.4,74.98,74.3,74.84,1527900,114316606.58
20260122133000000,74.89,74.96,74.66,74.79,444600,33267255.0
20260122133500000,74.78,74.8,74.4,74.46,370000,27585551.0
20260122134000000,74.46,74.46,74.27,74.28,456300,33919364.0
20260122134500000,74.27,74.28,74.13,74.16,309400,22959348.0
20260122135000000,74.17,74.69,74.17,74.44,559000,41610870.0
20260122135500000,74.43,74.43,74.22,74.29,252000,18716603.0
20260122140000000,74.27,74.53,74.27,74.4,281902,20978520.58
20260122140500000,74.4,74.59,74.3,74.38,366400,27266803.0
20260122141000000,74.38,74.57,74.38,74.48,405900,30238925.0
20260122141500000,74.52,74.68,74.2,74.29,951600,70785580.0
20260122142000000,74.27,74.61,74.14,74.56,703200,52249939.0
20260122142500000,74.55,74.9,74.55,74.63,807500,60336310.0
20260122143000000,74.6,75.35,74.5,75.34,1999100,149929910.0
20260122143500000,75.36,75.73,75.25,75.67,2954203,222922564.93
20260122144000000,75.68,75.8,75.41,75.75,1747206,132159073.26
20260122144500000,75.8,75.82,75.41,75.45,1367400,103444055.63
20260122145000000,75.49,75.55,75.3,75.4,988600,74551387.0
20260122145500000,75.41,75.81,75.41,75.81,1236891,93539433.26
20260122150000000,75.81,75.93,75.8,75.93,1588900,120591909.0
20260123093500000,75.73,75.73,73.72,73.95,4024500,300776545.3
20260123094000000,74.07,74.3,73.86,73.99,3393035,251151518.18
20260123094500000,73.9,74.11,73.76,74.03,2543300,187832724.0
20260123095000000,74.03,74.03,73.72,73.72,1980800,146179106.0
20260123095500000,73.7,73.85,73.63,73.63,2355900,173652460.0
20260123100000000,73.63,73.63,73.01,73.05,4391400,322018750.0
20260123100500000,73.06,73.46,73.06,73.44,1336666,97937225.78
20260123101000000,73.42,73.42,73.05,73.05,1480700,108426075.94
20260123101500000,73.05,73.45,73.04,73.45,1080771,79104589.54
20260123102000000,73.45,73.45,73.12,73.23,899929,65900329.99
20260123102500000,73.21,73.42,73.18,73.41,511800,37499813.33
20260123103000000,73.39,73.39,73.15,73.15,861100,63081822.0
20260123103500000,73.15,73.17,73.01,73.17,1360000,99355670.0
20260123104000000,73.18,73.21,73.07,73.18,505300,36946457.0
20260123104500000,73.18,73.18,73.1,73.14,532800,38958289.0
20260123105000000,73.14,73.17,73.07,73.08,584800,42756713.0
20260123105500000,73.07,73.59,73.06,73.34,787600,57693654.89
20260123110000000,73.23,73.3,73.1,73.1,381100,27895983.0
20260123110500000,73.11,73.13,73.07,73.09,489432,35775696.82
20260123111000000,73.08,73.17,73.04,73.17,423600,30957491.08
20260123111500000,73.16,73.16,73.03,73.05,654617,47827136.02
20260123112000000,73.04,73.05,73.0,73.01,1684723,123002434.46
20260123112500000,73.0,73.15,73.0,73.12,601099,43907644.0
20260123113000000,73.11,73.24,73.08,73.1,346712,25358303.84
20260123130500000,73.11,73.12,73.0,73.12,1337167,97654717.17
20260123131000000,73.12,73.24,73.04,73.22,430700,31504188.0
20260123131500000,73.21,73.29,73.1,73.27,391400,28647151.0
20260123132000000,73.22,73.54,73.22,73.35,513900,37703973.16
20260123132500000,73.35,73.4,73.16,73.16,468800,34364723.0
20260123133000000,73.13,73.16,73.06,73.14,639757,46764848.84
20260123133500000,73.12,73.2,73.12,73.18,368400,26952652.0
20260123134000000,73.17,73.26,73.17,73.26,316500,23173622.0
20260123134500000,73.26,73.36,73.24,73.36,352800,25865574.0
20260123135000000,73.35,73.37,73.24,73.29,521700,38259498.0
20260123135500000,73.3,73.34,73.28,73.3,282950,20740773.0
20260123140000000,73.3,73.34,73.21,73.25,328812,24091645.64
20260123140500000,73.23,73.25,73.18,73.24,351988,25765930.24
20260123141000000,73.24,73.25,73.15,73.2,536700,39283928.0
20260123141500000,73.2,73.21,73.06,73.06,732364,53540854.26
20260123142000000,73.07,73.14,73.07,73.14,208100,15212875.0
20260123142500000,73.14,73.14,73.09,73.11,419400,30660958.0
20260123143000000,73.1,73.16,73.1,73.13,377600,27616026.0
20260123143500000,73.12,73.12,73.01,73.02,1177800,86051049.0
20260123144000000,73.02,73.06,73.01,73.03,910009,66452262.09
20260123144500000,73.03,73.16,73.02,73.16,610200,44598445.0
20260123145000000,73.16,73.19,73.08,73.1,835841,61127300.51
20260123145500000,73.1,73.16,73.07,73.09,1060344,77521631.08
20260123150000000,73.08,73.1,73.08,73.1,969600,70871707.0
20260126093500000,73.0,74.32,72.3,74.07,4160365,305258493.54
20260126094000000,74.07,74.1,73.08,73.52,1568283,115611089.2
20260126094500000,73.52,73.57,73.0,73.04,1394702,102069487.08
20260126095000000,73.03,73.17,72.85,73.02,889100,64936906.0
20260126095500000,72.99,73.18,72.8,72.8,817986,59658663.8
20260126100000000,72.8,73.21,72.8,73.19,978213,71436389.13
20260126100500000,73.15,73.35,72.97,73.02,729000,53302338.22
20260126101000000,73.0,73.25,73.0,73.04,409829,29962270.16
20260126101500000,73.04,73.5,73.03,73.45,622424,45624635.38
20260126102000000,73.42,73.42,73.07,73.2,421079,30821334.5
20260126102500000,73.19,73.47,73.19,73.31,470719,34534443.32
20260126103000000,73.31,73.92,73.3,73.72,1022700,75323160.0
20260126103500000,73.71,73.85,73.55,73.73,714700,52659117.0
20260126104000000,73.73,73.88,73.4,73.41,482800,35588391.0
20260126104500000,73.41,73.41,73.1,73.14,336191,24626643.92
20260126105000000,73.12,73.26,73.09,73.25,355890,26028504.2
20260126105500000,73.25,73.25,73.05,73.14,352100,25749176.3
20260126110000000,73.11,73.11,72.8,72.8,802700,58545963.0
20260126110500000,72.8,72.99,72.7,72.99,419500,30546198.0
20260126111000000,72.98,73.2,72.98,72.98,195500,14289279.0
20260126111500000,73.0,73.2,72.98,73.12,146200,10689879.0
20260126112000000,73.12,73.18,73.01,73.14,169900,12416820.0
20260126112500000,73.16,73.32,73.13,73.17,234300,17158760.0
20260126113000000,73.17,73.46,73.1,73.3,246700,18087451.0
20260126130500000,73.32,73.32,72.9,73.09,279200,20404321.0
20260126131000000,73.21,73.27,73.05,73.06,174300,12744946.0
20260126131500000,73.05,73.11,73.01,73.04,373600,27292121.0
20260126132000000,73.15,73.16,72.91,72.91,312900,22858515.0
20260126132500000,72.9,73.12,72.88,73.0,292402,21330091.76
20260126133000000,73.0,73.01,72.76,72.82,403898,29427704.2
20260126133500000,72.83,72.88,72.7,72.74,511900,37238889.0
20260126134000000,72.73,72.81,72.72,72.8,358000,26045031.74
20260126134500000,72.8,72.81,72.52,72.52,517700,37606349.0
20260126135000000,72.51,72.51,72.4,72.45,802027,58112475.8
20260126135500000,72.45,72.68,72.45,72.65,299590,21740039.66
20260126140000000,72.66,72.73,72.53,72.61,270900,19669538.48
20260126140500000,72.6,72.61,72.51,72.52,212700,15428228.0
20260126141000000,72.52,72.69,72.52,72.6,263800,19150545.0
20260126141500000,72.6,72.68,72.42,72.42,448327,32503771.23
20260126142000000,72.41,72.43,72.15,72.38,1029456,74437931.04
20260126142500000,72.38,73.13,72.38,73.05,607100,44281745.0
20260126143000000,73.05,73.13,72.98,73.07,429300,31364618.0
20260126143500000,73.08,73.21,72.99,73.01,422800,30919929.0
20260126144000000,73.0,73.07,72.81,72.88,300800,21930422.0
20260126144500000,72.89,73.11,72.89,73.05,370100,27028171.0
20260126145000000,73.07,73.1,72.9,72.91,471200,34404663.0
20260126145500000,72.92,72.95,72.67,72.73,792660,57729350.8
20260126150000000,72.76,73.11,72.73,73.11,860607,62884702.63
20260127093500000,72.5,72.83,72.17,72.61,1623252,117612905.64
20260127094000000,72.67,73.3,72.6,72.72,1180900,86276272.0
20260127094500000,72.7,72.8,72.42,72.57,588800,42763461.2
20260127095000000,72.57,72.96,72.4,72.67,723300,52520305.0
20260127095500000,72.62,73.08,72.62,72.85,537890,39232562.45
20260127100000000,72.85,72.86,72.33,72.36,551900,40053033.0
20260127100500000,72.36,72.43,71.7,72.43,2056900,148054121.0
20260127101000000,72.4,72.87,72.2,72.82,1032916,74755765.84
20260127101500000,72.82,73.48,72.76,73.45,1731790,126686957.7
20260127102000000,73.43,74.11,73.29,73.91,2561283,188812157.1
20260127102500000,73.94,74.34,73.7,74.25,2772291,205383464.7
20260127103000000,74.25,74.37,73.9,74.25,1996600,148156141.0
20260127103500000,74.2,74.48,74.14,74.46,2055100,152719567.0
20260127104000000,74.48,75.18,74.48,74.97,3545466,265067811.93
20260127104500000,74.96,74.97,74.72,74.74,1115989,83586776.49
20260127105000000,74.74,75.18,74.72,74.81,1916897,143718406.06
20260127105500000,74.83,74.9,74.5,74.51,901400,67328559.5
20260127110000000,74.51,74.78,74.5,74.78,718423,53606566.5
20260127110500000,74.68,74.94,74.66,74.66,555450,41560647.5
20260127111000000,74.64,74.82,74.5,74.82,459100,34264853.0
20260127111500000,74.85,75.23,74.84,75.19,2139328,160599832.48
20260127112000000,75.2,75.65,75.2,75.5,3016327,227608155.07
20260127112500000,75.49,75.6,75.38,75.46,1042000,78664447.05
20260127113000000,75.47,75.68,75.46,75.5,1050939,79443644.96
20260127130500000,75.5,75.8,75.5,75.68,1338221,101276528.78
20260127131000000,75.69,75.9,75.66,75.89,1256552,95262490.6
20260127131500000,75.89,76.22,75.81,75.92,2201300,167325637.0
20260127132000000,75.92,76.0,75.9,75.99,751400,57079228.72
20260127132500000,75.99,76.12,75.99,76.11,829779,63118159.7
20260127133000000,76.11,76.15,75.93,76.01,792500,60281885.64
20260127133500000,76.0,76.19,75.89,76.18,992368,75495506.48
20260127134000000,76.18,76.19,75.6,75.78,769200,58404963.0
20260127134500000,75.78,75.87,75.44,75.69,548000,41447090.0
20260127135000000,75.69,75.72,75.51,75.67,395200,29895798.0
20260127135500000,75.67,75.7,75.4,75.4,466700,35275745.0
20260127140000000,75.43,75.49,75.31,75.31,408000,30777638.0
20260127140500000,75.31,75.44,75.03,75.41,809200,60865402.0
20260127141000000,75.42,75.7,75.37,75.61,546633,41312394.21
20260127141500000,75.62,75.69,75.46,75.55,318500,24074879.0
20260127142000000,75.56,75.75,75.46,75.75,462200,34959157.0
20260127142500000,75.73,76.49,75.69,76.49,2676887,203782084.36
20260127143000000,76.49,76.85,76.36,76.69,1937499,148420494.57
20260127143500000,76.7,76.85,76.61,76.85,1685500,129400008.0
20260127144000000,76.85,77.0,76.78,76.84,2385800,183457424.0
20260127144500000,76.85,76.97,76.8,76.96,1463200,112493812.0
20260127145000000,76.96,76.99,76.88,76.91,1310400,100818347.0
20260127145500000,76.91,76.91,76.45,76.49,1310800,100472625.0
20260127150000000,76.52,76.54,76.5,76.54,901708,69005533.68
20260128093500000,76.99,77.85,76.7,76.77,5071400,392318903.0
20260128094000000,76.68,77.2,76.56,76.79,2637800,202843210.17
20260128094500000,76.91,77.13,76.26,76.46,2503200,191797259.46
20260128095000000,76.46,77.16,76.34,76.74,2206100,169294676.0
20260128095500000,76.75,76.75,76.32,76.48,1465592,112181286.31
20260128100000000,76.44,76.44,75.87,76.23,1524116,116018666.76
20260128100500000,76.2,76.22,75.73,75.82,1057100,80276872.0
20260128101000000,75.91,76.07,75.2,75.34,1189300,89992572.0
20260128101500000,75.36,75.9,75.36,75.5,491700,37193091.0
20260128102000000,75.51,75.68,75.51,75.6,451900,34158397.0
20260128102500000,75.6,75.6,75.22,75.22,669200,50475502.0
20260128103000000,75.21,75.26,74.9,75.23,1690116,126846159.92
20260128103500000,75.23,75.24,74.82,74.95,826200,61986087.0
20260128104000000,74.95,75.3,74.8,75.25,958793,71892219.0
20260128104500000,75.25,75.35,75.03,75.28,512000,38487420.0
20260128105000000,75.25,75.3,74.99,75.1,679807,51035476.07
20260128105500000,75.15,75.15,74.88,74.9,813900,61028681.64
20260128110000000,74.9,74.94,74.8,74.8,603800,45182776.0
20260128110500000,74.8,75.25,74.75,75.1,633600,47449980.0
20260128111000000,75.1,75.44,75.0,75.35,662756,49870225.36
20260128111500000,75.32,75.98,75.32,75.44,850400,64379743.0
20260128112000000,75.44,75.74,75.31,75.74,406800,30719667.0
20260128112500000,75.8,75.85,75.4,75.74,321000,24297608.0
20260128113000000,75.74,76.06,75.64,75.98,838700,63644833.0
20260128130500000,76.0,76.05,75.4,75.66,928200,70401817.0
20260128131000000,75.66,75.75,75.0,75.22,502600,37874216.0
20260128131500000,75.23,75.46,75.11,75.29,470000,35369763.0
20260128132000000,75.28,75.32,75.0,75.0,519300,39023838.0
20260128132500000,75.0,75.08,74.81,74.86,868900,65095177.0
20260128133000000,74.86,74.98,74.82,74.85,569700,42652404.0
20260128133500000,74.85,75.15,74.83,75.15,470600,35269538.18
20260128134000000,75.15,75.3,75.06,75.29,304200,22861019.0
20260128134500000,75.24,75.36,75.14,75.14,346900,26093890.0
20260128135000000,75.15,75.19,75.11,75.17,169400,12728928.0
20260128135500000,75.17,75.5,75.16,75.2,442200,33292095.0
20260128140000000,75.2,75.4,75.15,75.25,412300,31035179.0
20260128140500000,75.43,75.43,75.25,75.3,376000,28325178.0
20260128141000000,75.3,75.5,75.15,75.5,471626,35533970.2
20260128141500000,75.52,75.75,75.52,75.6,671838,50809451.4
20260128142000000,75.58,75.73,75.5,75.65,396100,29952701.0
20260128142500000,75.65,75.75,75.4,75.4,498200,37641043.0
20260128143000000,75.41,75.61,75.17,75.61,462900,34916856.0
20260128143500000,75.59,75.67,75.43,75.59,459100,34696297.0
20260128144000000,75.58,75.67,75.17,75.17,611900,46114789.0
20260128144500000,75.16,75.21,74.85,74.88,1019050,76393295.5
20260128145000000,74.88,74.91,74.8,74.84,1103620,82598868.0
20260128145500000,74.81,74.88,74.7,74.85,1535330,114834670.0
20260128150000000,74.87,74.87,74.8,74.83,731700,54753520.0
20260129093500000,75.56,77.47,75.56,75.68,5422339,415568113.79
20260129094000000,75.64,75.96,75.44,75.96,1348298,102059617.98
20260129094500000,75.98,76.63,75.85,76.18,1262600,96149591.0
20260129095000000,76.21,76.51,75.94,76.5,1254100,95597987.0
20260129095500000,76.5,76.74,76.01,76.08,938000,71672075.0
20260129100000000,76.1,76.24,75.79,75.92,942500,71640097.0
20260129100500000,75.9,76.07,75.44,75.44,1034200,78380703.0
20260129101000000,75.38,75.4,74.92,75.33,1079200,81120746.0
20260129101500000,75.32,75.46,75.27,75.43,458100,34522804.0
20260129102000000,75.44,75.67,75.17,75.63,582200,43916421.0
20260129102500000,75.57,75.95,75.26,75.54,567851,42968569.05
20260129103000000,75.56,76.66,75.56,76.41,1131948,86371575.52
20260129103500000,76.4,76.5,76.16,76.19,634500,48441813.0
20260129104000000,76.16,76.16,75.72,75.78,293900,22327768.0
20260129104500000,75.78,76.83,75.75,76.79,939000,71762885.0
20260129105000000,76.77,77.0,76.34,76.7,1120800,86057168.0
20260129105500000,76.61,76.65,75.91,75.93,471400,35942965.0
20260129110000000,75.96,76.14,75.92,76.13,437518,33252977.0
20260129110500000,76.14,76.35,76.02,76.06,395900,30157850.0
20260129111000000,76.03,76.48,75.89,75.9,517782,39398653.0
20260129111500000,75.88,75.89,75.63,75.78,454470,34432407.6
20260129112000000,75.78,75.97,75.65,75.8,404200,30611984.8
20260129112500000,75.69,75.93,75.61,75.61,418200,31680475.0
20260129113000000,75.67,75.67,75.32,75.5,534672,40346469.68
20260129130500000,75.5,75.88,75.12,75.75,1164600,87819182.4
20260129131000000,75.87,76.35,75.55,76.0,696592,52966915.52
20260129131500000,76.0,76.3,75.7,76.28,798000,60641345.2
20260129132000000,76.25,76.64,75.95,76.35,1203800,91855411.8
20260129132500000,76.35,76.35,76.0,76.11,541200,41203869.0
20260129133000000,76.1,76.14,75.8,75.88,470691,35779067.47
20260129133500000,76.0,76.0,75.66,75.89,489300,37078620.0
20260129134000000,75.88,76.2,75.69,76.09,442600,33637903.0
20260129134500000,76.09,76.16,75.8,75.81,358900,27272013.0
20260129135000000,75.81,75.91,75.31,75.31,702300,53020444.0
20260129135500000,75.31,75.47,75.23,75.47,492156,37060546.78
20260129140000000,75.47,75.5,75.31,75.42,273400,20614519.28
20260129140500000,75.42,75.5,75.3,75.36,281344,21202147.28
20260129141000000,75.4,75.74,75.34,75.66,415500,31386515.0
20260129141500000,75.8,75.8,75.21,75.24,441617,33270035.44
20260129142000000,75.23,75.37,75.13,75.37,462000,34749805.0
20260129142500000,75.35,75.94,75.3,75.66,439400,33244382.16
20260129143000000,75.66,75.77,75.3,75.35,411000,31081862.0
20260129143500000,75.31,75.43,75.16,75.29,366300,27575595.0
20260129144000000,75.3,75.3,75.12,75.21,506900,38126748.0
20260129144500000,75.21,75.3,75.17,75.2,460600,34641865.0
20260129145000000,75.18,75.23,75.06,75.19,748502,56247803.3
20260129145500000,75.19,75.33,75.11,75.11,710300,53414977.92
20260129150000000,75.15,75.2,75.15,75.18,676600,50864536.0
20260130093500000,73.52,75.13,73.52,74.31,1872900,139336670.0
20260130094000000,74.18,75.05,74.06,74.9,834000,62114019.0
20260130094500000,74.87,75.12,74.32,74.58,705098,52689605.9
20260130095000000,74.57,75.0,74.57,74.59,502200,37571085.75
20260130095500000,74.6,74.98,74.3,74.3,497800,37165303.0
20260130100000000,74.33,74.69,74.3,74.56,509800,37951347.0
20260130100500000,74.53,75.77,74.43,75.77,1360802,102298348.06
20260130101000000,75.79,76.16,75.54,75.88,1726400,131040077.0
20260130101500000,75.86,75.88,75.58,75.68,631600,47822408.0
20260130102000000,75.61,75.61,75.02,75.06,421700,31758597.0
20260130102500000,75.06,75.2,74.92,75.1,573300,43019652.0
20260130103000000,75.03,75.37,74.94,74.94,556100,41803155.0
20260130103500000,74.88,75.18,74.84,74.84,635000,47630939.0
20260130104000000,74.84,75.5,74.84,75.5,569278,42819662.56
20260130104500000,75.5,76.14,75.5,75.87,1135429,86237793.75
20260130105000000,75.87,76.34,75.75,76.34,1350997,102817608.55
20260130105500000,76.39,76.8,76.32,76.7,2572648,197195797.8
20260130110000000,76.68,77.18,76.68,77.01,2729212,209926499.64
20260130110500000,77.0,77.18,76.97,76.98,1386800,106894476.0
20260130111000000,76.98,77.18,76.81,77.17,1181000,91037892.0
20260130111500000,77.17,77.19,76.95,77.0,988900,76247779.0
20260130112000000,76.98,77.04,76.72,76.85,596200,45841239.0
20260130112500000,76.84,77.06,76.65,77.06,657938,50582663.34
20260130113000000,77.06,77.29,77.04,77.29,1462441,112839012.46
20260130130500000,77.31,78.3,77.3,78.03,3944698,306972789.1
20260130131000000,78.03,78.3,77.88,78.27,1331900,104032691.4
20260130131500000,78.27,78.27,77.7,77.9,885700,68989848.0
20260130132000000,77.85,78.18,77.76,77.96,702900,54814961.0
20260130132500000,77.96,78.11,77.75,77.75,535300,41736374.0
20260130133000000,77.68,78.1,77.58,78.05,784200,61036195.0
20260130133500000,78.1,78.11,77.85,77.85,1032792,80576469.04
20260130134000000,77.85,78.05,77.69,77.91,861700,67079309.0
20260130134500000,77.91,78.11,77.91,78.03,1004700,78422665.0
20260130135000000,78.03,78.15,78.03,78.1,850600,66434077.0
20260130135500000,78.1,78.1,77.99,78.01,539900,42138084.0
20260130140000000,78.0,78.08,77.79,77.79,436800,34070648.0
20260130140500000,77.8,78.07,77.73,78.06,523200,40754218.48
20260130141000000,78.1,78.1,77.97,77.98,626900,48934591.0
20260130141500000,78.0,78.1,77.99,78.07,633600,49470595.0
20260130142000000,78.08,78.08,77.98,78.02,348200,27166426.0
20260130142500000,78.03,78.03,77.85,77.86,295100,23006098.0
20260130143000000,77.9,77.9,77.51,77.51,531400,41281820.0
20260130143500000,77.57,77.58,77.3,77.53,661100,51192539.0
20260130144000000,77.52,77.56,77.39,77.39,349100,27055788.68
20260130144500000,77.38,77.82,77.29,77.69,632382,49042734.58
20260130145000000,77.69,77.69,77.5,77.51,446500,34629351.32
20260130145500000,77.5,77.52,77.42,77.42,583918,45239077.28
20260130150000000,77.41,77.42,77.35,77.36,822208,63616629.54
20260202093500000,77.39,79.76,77.3,79.76,5768633,456580690.02
20260202094000000,79.79,79.99,78.48,78.58,3584792,283890934.84
20260202094500000,78.57,78.88,78.27,78.56,2029600,159437556.18
20260202095000000,78.56,78.9,78.12,78.8,1639700,128751553.0
20260202095500000,78.85,79.19,78.36,79.19,1091600,86012970.0
20260202100000000,79.2,80.43,79.2,80.2,5251731,419878822.2
20260202100500000,80.1,80.32,79.68,79.74,2606300,208694244.6
20260202101000000,79.82,79.99,79.45,79.45,1161029,92473916.3
20260202101500000,79.46,79.73,79.4,79.41,892500,70979241.0
20260202102000000,79.42,79.42,79.0,79.02,1150900,91103795.0
20260202102500000,79.01,79.15,78.5,78.68,1180500,93093132.0
20260202103000000,78.7,79.0,78.52,78.65,863200,67933335.0
20260202103500000,78.67,78.67,78.24,78.28,860500,67488641.0
20260202104000000,78.3,78.68,78.24,78.55,527200,41348166.84
20260202104500000,78.52,78.55,78.01,78.02,895000,69997896.0
20260202105000000,78.02,78.18,77.86,78.06,764982,59680475.0
20260202105500000,78.06,78.14,77.9,77.95,495100,38624612.0
20260202110000000,77.96,77.99,77.8,77.87,518600,40386639.0
20260202110500000,77.89,78.1,77.85,77.9,549400,42847193.0
20260202111000000,77.87,78.1,77.87,78.1,354000,27593522.0
20260202111500000,78.1,78.41,78.1,78.16,392200,30681409.0
20260202112000000,78.25,78.39,78.11,78.25,356300,27892639.0
20260202112500000,78.25,78.32,77.91,77.97,286500,22376048.0
20260202113000000,77.97,77.99,77.79,77.86,399600,31121876.0
20260202130500000,77.87,78.08,77.54,77.93,536000,41714539.0
20260202131000000,77.92,78.12,77.9,78.07,535800,41780761.0
20260202131500000,78.17,78.2,77.88,77.97,555500,43308684.0
20260202132000000,78.0,78.02,77.87,77.88,604000,47067916.0
20260202132500000,77.94,78.09,77.84,77.84,654900,51026390.0
20260202133000000,77.85,77.88,77.72,77.72,503500,39174894.0
20260202133500000,77.75,77.99,77.72,77.76,377500,29390718.35
20260202134000000,77.76,77.8,77.64,77.64,562000,43674340.0
20260202134500000,77.64,77.8,77.63,77.72,317300,24659919.0
20260202135000000,77.74,77.97,77.7,77.92,681400,53045887.8
20260202135500000,78.04,78.17,77.86,78.1,549070,42844624.1
20260202140000000,78.12,78.8,78.12,78.76,999730,78552488.3
20260202140500000,78.76,79.07,78.66,78.95,919300,72506372.0
20260202141000000,78.98,79.55,78.98,79.32,1210400,96067393.0
20260202141500000,79.26,79.48,79.08,79.2,955200,75735318.0
20260202142000000,79.2,79.31,79.09,79.19,920400,72910429.98
20260202142500000,79.25,79.26,78.92,78.94,756100,59818200.0
20260202143000000,78.95,78.99,78.76,78.8,745600,58805124.0
20260202143500000,78.81,78.81,78.62,78.7,599500,47190205.0
20260202144000000,78.7,78.75,78.28,78.53,858900,67473612.0
20260202144500000,78.49,78.53,78.16,78.33,1129700,88468529.6
20260202145000000,78.3,78.35,77.82,77.82,896900,70090896.0
20260202145500000,77.82,77.92,77.77,77.92,961600,74834023.0
20260202150000000,77.9,77.93,77.85,77.87,805688,62747497.56
20260203093500000,78.87,79.19,78.29,78.96,3250700,256318590.68
20260203094000000,78.96,79.9,78.96,79.72,2635026,209780018.96
20260203094500000,79.72,79.87,79.15,79.24,1275600,101309586.0
20260203095000000,79.23,80.31,79.22,79.87,2767467,221229941.9
20260203095500000,79.86,79.86,79.11,79.11,1403300,111537959.0
20260203100000000,79.11,79.48,78.75,79.19,1161800,91838957.0
20260203100500000,79.15,79.4,79.05,79.18,719400,56975918.0
20260203101000000,79.0,79.01,78.01,78.44,1916800,150397632.64
20260203101500000,78.35,78.35,77.82,77.86,1203800,93855855.93
20260203102000000,77.83,78.02,77.5,77.63,1673700,130050120.91
20260203102500000,77.64,78.15,77.6,78.15,1023387,79629032.25
20260203103000000,78.12,78.21,77.8,77.8,520700,40601438.0
20260203103500000,77.8,77.85,77.33,77.42,1459700,113203190.0
20260203104000000,77.41,77.87,77.2,77.23,915600,70905542.0
20260203104500000,77.27,77.48,77.1,77.33,837378,64670564.76
20260203105000000,77.33,77.39,77.16,77.19,530400,40983426.0
20260203105500000,77.19,77.52,77.06,77.52,665904,51389740.4
20260203110000000,77.51,77.51,77.16,77.16,376700,29138977.0
20260203110500000,77.16,77.48,77.08,77.48,510700,39444954.0
20260203111000000,77.5,77.51,77.1,77.1,465000,35910531.0
20260203111500000,77.1,77.39,77.07,77.1,586500,45241914.0
20260203112000000,77.09,77.26,77.0,77.24,710000,54710548.0
20260203112500000,77.18,77.46,77.18,77.3,337600,26117163.0
20260203113000000,77.3,77.3,77.0,77.07,430900,33229248.0
20260203130500000,77.14,77.87,77.08,77.56,1553401,120070604.63
20260203131000000,77.5,77.58,77.15,77.38,364800,28226488.0
20260203131500000,77.37,77.37,76.93,77.14,607401,46837923.0
20260203132000000,77.13,77.32,77.1,77.25,533999,41220375.89
20260203132500000,77.24,77.35,77.1,77.11,465156,35916952.32
20260203133000000,77.11,77.26,77.06,77.26,554900,42805692.0
20260203133500000,77.28,77.46,77.19,77.22,445100,34402277.0
20260203134000000,77.24,77.45,77.2,77.39,380600,29427533.0
20260203134500000,77.39,77.77,77.35,77.76,509200,39479911.0
20260203135000000,77.76,77.76,77.42,77.51,352800,27371935.0
20260203135500000,77.57,77.73,77.56,77.62,344700,26758562.0
20260203140000000,77.62,77.88,77.62,77.64,496300,38582909.0
20260203140500000,77.63,77.77,77.38,77.39,352200,27323356.0
20260203141000000,77.39,77.47,77.36,77.37,538200,41663433.0
20260203141500000,77.41,77.41,77.14,77.19,887700,68549664.0
20260203142000000,77.21,77.43,77.14,77.3,472682,36525505.22
20260203142500000,77.3,77.32,77.15,77.15,526218,40638182.78
20260203143000000,77.14,77.18,77.04,77.05,964600,74358267.0
20260203143500000,77.05,77.14,76.96,77.0,1365300,105157670.8
20260203144000000,77.0,77.25,76.96,77.07,819802,63151962.2
20260203144500000,77.06,77.13,77.0,77.08,899857,69319524.0
20260203145000000,77.08,77.1,76.98,77.01,1030800,79407841.86
20260203145500000,77.0,77.02,76.91,76.99,1402286,107937732.28
20260203150000000,76.98,77.02,76.97,77.02,873305,67247734.42
20260204093500000,76.2,76.2,74.23,74.39,4615728,347283265.44
20260204094000000,74.38,74.4,73.63,74.33,4373900,323783526.0
20260204094500000,74.4,74.48,73.3,73.3,2829200,208748191.38
20260204095000000,73.3,73.47,72.53,72.82,3881900,282935579.95
20260204095500000,72.83,73.42,72.82,73.07,1810400,132406784.0
20260204100000000,73.07,73.27,73.0,73.04,1512000,110488131.24
20260204100500000,73.03,73.4,72.92,73.2,807200,59051855.98
20260204101000000,73.2,73.52,73.14,73.47,909900,66722425.0
20260204101500000,73.48,73.7,73.0,73.45,1056600,77354664.0
20260204102000000,73.46,73.9,73.25,73.82,873900,64323004.0
20260204102500000,73.82,73.83,73.31,73.36,472500,34717215.0
20260204103000000,73.36,73.42,73.2,73.2,432000,31682618.0
20260204103500000,73.19,73.21,73.01,73.11,566997,41440906.88
20260204104000000,73.04,73.33,73.04,73.2,361636,26462739.44
20260204104500000,73.2,73.66,73.1,73.33,477500,35029522.0
20260204105000000,73.33,73.33,73.1,73.14,326000,23868294.0
20260204105500000,73.12,73.12,73.0,73.02,506600,37004724.68
20260204110000000,73.02,73.03,72.9,72.9,747467,54554371.0
20260204110500000,72.91,72.95,72.89,72.92,418700,30528842.0
20260204111000000,72.92,72.92,72.66,72.74,1009500,73463127.0
20260204111500000,72.74,72.91,72.74,72.8,302700,22046087.0
20260204112000000,72.79,72.79,72.61,72.61,630000,45785823.0
20260204112500000,72.61,72.96,72.6,72.76,605800,44048115.0
20260204113000000,72.66,72.75,72.6,72.61,453800,32974339.0
20260204130500000,72.62,72.62,72.1,72.11,2593500,187819728.0
20260204131000000,72.11,72.34,72.1,72.14,856800,61848998.95
20260204131500000,72.14,72.24,72.09,72.09,767303,55340326.48
20260204132000000,72.1,72.13,72.03,72.09,993000,71568232.26
20260204132500000,72.13,72.44,72.09,72.3,1227500,88619129.0
20260204133000000,72.29,72.58,72.22,72.26,1015546,73541760.81
20260204133500000,72.27,72.39,72.22,72.33,653357,47232672.09
20260204134000000,72.34,72.4,72.23,72.27,520600,37639681.72
20260204134500000,72.26,72.5,72.2,72.27,909465,65752550.0
20260204135000000,72.24,72.47,72.24,72.37,660800,47809316.0
20260204135500000,72.36,72.45,72.22,72.3,568600,41114734.0
20260204140000000,72.3,72.3,72.1,72.1,631700,45610934.0
20260204140500000,72.11,72.15,72.05,72.07,822500,59289530.25
20260204141000000,72.06,72.12,71.95,71.97,1871500,134769205.0
20260204141500000,71.95,72.15,71.89,72.01,1440111,103620449.11
20260204142000000,72.02,72.33,72.02,72.09,1007321,72662471.21
20260204142500000,72.09,72.44,72.09,72.34,622000,44948035.0
20260204143000000,72.3,72.53,72.15,72.15,665100,48075843.0
20260204143500000,72.17,72.5,72.13,72.49,729200,52683218.0
20260204144000000,72.55,72.69,72.31,72.69,676215,49003205.85
20260204144500000,72.69,72.72,72.55,72.62,587100,42631873.0
20260204145000000,72.57,72.82,72.57,72.69,698000,50757134.0
20260204145500000,72.73,72.93,72.7,72.9,624484,45495409.04
20260204150000000,72.92,72.97,72.91,72.94,878256,64062629.64
20260205093500000,71.8,71.91,70.75,71.19,3332300,237245993.75
20260205094000000,71.15,71.19,70.05,70.65,3947104,278732618.52
20260205094500000,70.67,70.67,69.7,69.75,4185100,292757244.0
20260205095000000,69.72,69.72,68.68,68.7,5659883,390674228.39
20260205095500000,68.68,68.75,68.24,68.54,6102987,417871760.23
20260205100000000,68.55,68.55,67.55,67.58,3722196,253580413.65
20260205100500000,67.58,67.75,67.22,67.75,4122695,278164443.24
20260205101000000,67.77,68.16,67.77,68.16,1619900,109963069.91
20260205101500000,68.16,68.26,67.88,67.91,1615800,109929007.0
20260205102000000,67.88,67.88,67.46,67.47,1617400,109371296.0
20260205102500000,67.43,67.72,67.28,67.48,1276500,86123931.0
20260205103000000,67.52,67.64,67.45,67.64,1237000,83521992.0
20260205103500000,67.62,68.04,67.62,67.94,1307500,88799750.0
20260205104000000,67.95,68.56,67.9,68.44,1087400,74065046.0
20260205104500000,68.36,68.76,68.3,68.75,812403,55706504.11
20260205105000000,68.75,68.77,68.57,68.66,1068300,73395001.0
20260205105500000,68.66,68.69,68.27,68.38,1057800,72431896.0
20260205110000000,68.38,69.12,68.34,69.12,980400,67334386.0
20260205110500000,69.13,69.69,69.13,69.58,1293400,89835786.0
20260205111000000,69.58,69.6,69.27,69.38,736900,51179765.0
20260205111500000,69.37,69.43,69.05,69.11,655700,45414271.0
20260205112000000,69.11,69.13,68.57,68.58,793100,54625642.0
20260205112500000,68.58,68.97,68.5,68.85,474300,32598046.0
20260205113000000,68.8,68.87,68.5,68.53,556200,38228795.0
20260205130500000,69.21,70.99,69.21,70.92,3364117,236073048.93
20260205131000000,70.93,72.8,70.91,72.8,4679098,337366683.4
20260205131500000,72.86,73.44,71.9,72.91,3419900,248983171.14
20260205132000000,72.92,72.93,72.5,72.91,1535000,111681371.0
20260205132500000,72.91,73.2,72.68,73.17,1846200,134850187.0
20260205133000000,73.19,73.9,73.19,73.9,2322000,170661295.0
20260205133500000,73.93,74.22,73.46,73.93,2082508,154027212.15
20260205134000000,73.95,74.06,73.82,73.82,872200,64467736.51
20260205134500000,73.8,74.05,73.75,74.02,1285615,95057533.1
20260205135000000,74.05,74.35,73.93,73.94,1442700,107044359.0
20260205135500000,73.94,73.98,73.74,73.79,750800,55440188.0
20260205140000000,73.75,73.78,73.0,73.01,691700,50778147.0
20260205140500000,73.01,73.29,73.01,73.29,674900,49384251.0
20260205141000000,73.29,73.29,73.0,73.03,546600,39946233.0
20260205141500000,73.03,73.05,72.7,72.7,540700,39433689.0
20260205142000000,72.72,72.72,72.51,72.69,389300,28274825.0
20260205142500000,72.7,73.0,72.7,73.0,374500,27290053.0
20260205143000000,73.0,73.03,72.67,72.75,570800,41594046.0
20260205143500000,72.74,72.99,72.74,72.99,553500,40346106.0
20260205144000000,72.99,73.45,72.99,73.41,944900,69195756.0
20260205144500000,73.42,73.8,73.35,73.8,1352300,99483693.0
20260205145000000,73.81,73.81,73.39,73.4,1133500,83411991.0
20260205145500000,73.4,73.48,73.27,73.35,1165299,85495437.84
20260205150000000,73.35,73.4,73.35,73.4,726288,53298402.2
20260206093500000,70.84,71.36,69.57,70.0,6184022,435285792.4
20260206094000000,69.95,70.4,69.39,69.67,4754314,331863807.68
20260206094500000,69.73,70.9,69.72,70.9,3463834,243826879.48
20260206095000000,70.9,71.58,70.63,70.63,2246370,159852335.78
20260206095500000,70.68,71.45,70.68,71.35,2165500,154088072.0
20260206100000000,71.36,71.5,71.1,71.12,1065200,75958969.0
20260206100500000,71.11,71.13,70.5,70.69,1103700,78167828.0
20260206101000000,70.7,70.81,70.41,70.46,827400,58384593.0
20260206101500000,70.46,70.85,70.45,70.84,1163000,82087777.56
20260206102000000,70.84,71.46,70.61,71.29,1084500,77116565.0
20260206102500000,71.29,71.34,71.11,71.17,496000,35318888.0
20260206103000000,71.16,71.27,70.9,71.27,677300,48156370.0
20260206103500000,71.28,71.72,71.28,71.72,2144900,153461444.0
20260206104000000,71.72,71.86,71.44,71.69,1182800,84828110.0
20260206104500000,71.7,72.02,71.57,72.02,1009400,72418212.0
20260206105000000,72.03,73.3,72.0,73.3,3101880,225513978.0
20260206105500000,73.15,74.47,73.0,74.18,5060085,373834446.72
20260206110000000,74.19,74.33,74.0,74.09,1997500,148143059.0
20260206110500000,74.11,74.39,74.08,74.37,2106700,156512679.26
20260206111000000,74.41,74.47,74.02,74.02,1229300,91394278.0
20260206111500000,74.01,74.05,73.71,74.05,929300,68708549.0
20260206112000000,74.02,74.87,74.02,74.87,3072500,229297267.0
20260206112500000,74.87,74.98,74.43,74.46,1764700,131836925.0
20260206113000000,74.43,74.9,74.38,74.9,1127100,84047787.0
20260206130500000,74.85,74.94,73.7,74.0,3020800,224641228.0
20260206131000000,74.01,74.23,73.6,73.83,1037200,76677207.0
20260206131500000,73.84,73.84,73.2,73.65,1794300,131739925.0
20260206132000000,73.64,73.74,73.39,73.49,827000,60823728.0
20260206132500000,73.49,73.49,73.28,73.3,709100,52041586.0
20260206133000000,73.3,73.5,73.01,73.44,871034,63812747.36
20260206133500000,73.44,73.6,73.29,73.52,805600,59140243.0
20260206134000000,73.52,73.54,73.29,73.31,439400,32260858.0
20260206134500000,73.31,73.32,73.0,73.3,642900,47037527.0
20260206135000000,73.3,73.33,73.0,73.03,800300,58505445.0
20260206135500000,73.03,73.3,73.02,73.27,349400,25578920.0
20260206140000000,73.29,73.33,73.01,73.32,414300,30326260.0
20260206140500000,73.33,73.54,73.29,73.31,616700,45281864.0
20260206141000000,73.33,73.49,73.23,73.48,413800,30342609.0
20260206141500000,73.48,73.56,73.12,73.21,738200,54193079.0
20260206142000000,73.21,73.39,73.16,73.35,397692,29146276.52
20260206142500000,73.35,73.36,72.78,72.83,1213008,88638624.24
20260206143000000,72.86,73.2,72.8,73.19,627100,45729988.0
20260206143500000,73.2,73.2,72.91,72.97,589100,43011040.0
20260206144000000,72.97,73.06,72.9,72.9,726800,53024618.0
20260206144500000,72.91,72.97,72.63,72.72,1073400,78126839.0
20260206145000000,72.72,72.8,72.59,72.59,923100,67139148.51
20260206145500000,72.57,72.59,72.3,72.48,1317384,95495564.44
20260206150000000,72.48,72.49,72.45,72.47,935800,67816120.61
20260209093500000,74.71,74.9,73.95,74.6,6724400,501094494.0
20260209094000000,74.6,75.23,74.56,75.13,4731756,354656747.56
20260209094500000,75.08,75.36,74.69,74.99,3120000,234342494.44
20260209095000000,75.0,75.21,74.75,74.86,1973899,147961272.03
20260209095500000,74.98,75.44,74.98,75.25,2839278,213662710.7
20260209100000000,75.25,75.5,75.23,75.4,2491600,187860957.0
20260209100500000,75.38,75.55,75.17,75.3,2450300,184826509.0
20260209101000000,75.35,75.52,75.21,75.52,1129200,85129130.0
20260209101500000,75.51,75.69,75.4,75.63,2224100,168090233.0
20260209102000000,75.65,75.65,74.8,74.8,2019900,151883990.0
20260209102500000,74.8,74.8,74.11,74.64,2302195,171162333.33
20260209103000000,74.68,74.8,74.31,74.59,1180306,88042353.4
20260209103500000,74.57,74.77,74.31,74.31,959000,71503410.0
20260209104000000,74.32,74.33,73.89,74.01,2021279,149708876.85
20260209104500000,74.02,74.23,73.56,73.77,1404000,103629849.0
20260209105000000,73.79,74.11,73.79,74.11,668100,49391195.0
20260209105500000,74.12,74.19,73.88,74.1,710288,52595893.2
20260209110000000,74.13,74.54,74.13,74.42,635650,47256891.0
20260209110500000,74.4,74.6,74.26,74.55,697936,51949350.4
20260209111000000,74.55,74.73,74.4,74.73,549100,40943271.0
20260209111500000,74.75,74.75,74.24,74.29,523100,38903762.0
20260209112000000,74.26,74.68,74.26,74.59,430200,32063888.0
20260209112500000,74.68,74.79,74.41,74.52,486600,36296707.0
20260209113000000,74.52,74.8,74.52,74.69,581900,43460687.0
20260209130500000,74.85,75.86,74.85,74.9,4268807,322227098.51
20260209131000000,74.96,75.19,74.9,75.16,685300,51423642.0
20260209131500000,75.12,75.25,74.99,75.15,430364,32334560.0
20260209132000000,75.14,75.19,74.94,75.02,402300,30194288.1
20260209132500000,75.02,75.12,74.93,75.04,481600,36130461.0
20260209133000000,75.05,75.16,75.03,75.05,437100,32823647.0
20260209133500000,75.04,75.05,74.94,74.94,321800,24138336.0
20260209134000000,74.92,75.35,74.92,75.15,767500,57716913.0
20260209134500000,75.17,75.22,75.04,75.04,294500,22131285.34
20260209135000000,75.04,75.06,74.86,74.9,391600,29345829.0
20260209135500000,74.92,74.92,74.81,74.85,286300,21430235.0
20260209140000000,74.86,74.91,74.7,74.88,413700,30954059.0
20260209140500000,74.89,75.02,74.74,75.02,419984,31440595.68
20260209141000000,75.03,75.06,74.91,74.99,369500,27717844.0
20260209141500000,74.99,75.08,74.88,75.0,470000,35248465.0
20260209142000000,75.01,75.02,74.91,74.99,409100,30673698.95
20260209142500000,75.0,75.01,74.95,74.97,463900,34785796.0
20260209143000000,74.97,74.99,74.8,74.83,373900,28006301.0
20260209143500000,74.81,74.83,74.7,74.78,539450,40340211.5
20260209144000000,74.78,74.85,74.76,74.8,271736,20323762.72
20260209144500000,74.8,74.93,74.8,74.87,471400,35294913.0
20260209145000000,74.88,74.94,74.87,74.87,526700,39452003.0
20260209145500000,74.86,74.89,74.85,74.86,765400,57303835.83
20260209150000000,74.86,74.91,74.83,74.91,972017,72786263.47
20260210093500000,75.03,77.38,74.9,77.34,6789911,520011460.36
20260210094000000,77.34,78.48,76.93,78.48,6924371,538685620.09
20260210094500000,78.49,78.68,78.08,78.08,5276680,413940259.27
20260210095000000,78.0,78.48,77.84,77.94,2515500,196334509.32
20260210095500000,77.99,78.16,77.7,77.7,1372000,106998936.0
20260210100000000,77.7,78.02,77.67,77.69,1160600,90340645.0
20260210100500000,77.69,77.69,77.26,77.36,1560716,120867745.2
20260210101000000,77.32,77.58,77.21,77.49,765800,59254746.0
20260210101500000,77.52,78.02,77.52,77.93,1146400,89258791.0
20260210102000000,77.97,78.11,77.7,77.91,850030,66274963.1
20260210102500000,77.91,77.97,77.57,77.57,616800,47996635.3
20260210103000000,77.58,77.63,77.17,77.2,763800,59091491.0
20260210103500000,77.2,77.52,77.06,77.25,720600,55667243.0
20260210104000000,77.18,77.25,76.96,77.05,914700,70495408.0
20260210104500000,77.07,77.52,77.07,77.48,1183806,91569016.68
20260210105000000,77.49,77.98,77.49,77.72,1676006,130414809.94
20260210105500000,77.69,77.79,77.62,77.75,663900,51590569.0
20260210110000000,77.72,77.75,77.59,77.68,406000,31537542.0
20260210110500000,77.68,77.7,77.32,77.32,447800,34729917.0
20260210111000000,77.32,77.34,77.2,77.26,516800,39932656.0
20260210111500000,77.26,77.28,77.01,77.16,707310,54556238.0
20260210112000000,77.18,77.41,77.1,77.1,400200,30915552.0
20260210112500000,77.1,77.28,77.1,77.17,407100,31413963.0
20260210113000000,77.17,77.2,77.01,77.03,422300,32547432.0
20260210130500000,77.04,77.12,76.52,77.03,952800,73224208.0
20260210131000000,77.08,77.28,77.04,77.14,399500,30814225.0
20260210131500000,77.09,77.22,77.05,77.12,377400,29106149.0
20260210132000000,77.11,77.24,77.06,77.21,344700,26585277.0
20260210132500000,77.22,77.32,77.14,77.15,400200,30903032.0
20260210133000000,77.15,77.2,77.07,77.08,274300,21153255.0
20260210133500000,77.08,77.45,77.02,77.29,521900,40326788.0
20260210134000000,77.33,77.35,77.21,77.24,203000,15689164.0
20260210134500000,77.2,77.3,77.15,77.15,158900,12270649.0
20260210135000000,77.15,77.25,77.1,77.11,248900,19206023.0
20260210135500000,77.09,77.26,77.09,77.16,271100,20919721.0
20260210140000000,77.12,77.14,77.08,77.11,230200,17750249.0
20260210140500000,77.09,77.23,77.07,77.2,369700,28520108.0
20260210141000000,77.16,77.29,77.1,77.24,597100,46094404.0
20260210141500000,77.25,77.29,77.17,77.28,332760,25697123.6
20260210142000000,77.29,77.3,77.22,77.22,344000,26580770.0
20260210142500000,77.22,77.23,77.1,77.11,341900,26382531.0
20260210143000000,77.12,77.14,77.0,77.12,590300,45496724.0
20260210143500000,77.12,77.17,77.03,77.13,435400,33574063.0
20260210144000000,77.12,77.14,76.98,77.01,749100,57738968.0
20260210144500000,77.01,77.1,76.98,77.02,843100,64941510.0
20260210145000000,77.03,77.08,76.81,76.86,1054800,81202904.0
20260210145500000,76.87,77.11,76.87,77.0,1049400,80829955.04
20260210150000000,76.99,77.03,76.99,77.03,754396,58097678.04
20260211093500000,76.5,77.49,75.8,75.94,2533545,194061699.78
20260211094000000,75.88,76.3,75.8,75.9,1743600,132472079.0
20260211094500000,75.8,76.24,75.38,75.4,2597600,196746002.06
20260211095000000,75.39,75.58,74.5,74.5,3907388,293478578.65
20260211095500000,74.52,74.59,73.07,73.59,5252200,387066029.22
20260211100000000,73.63,73.87,73.0,73.5,3751200,275055268.0
20260211100500000,73.5,73.5,72.67,72.75,5141300,375060485.2
20260211101000000,72.75,73.26,72.58,73.18,3711200,270128482.0
20260211101500000,73.06,73.06,72.6,72.81,2327600,169393878.0
20260211102000000,72.81,72.81,72.4,72.52,3140000,227796622.62
20260211102500000,72.54,73.27,72.53,73.27,1074000,78255216.0
20260211103000000,73.29,73.32,73.08,73.08,876100,64122424.0
20260211103500000,73.1,73.26,72.63,73.25,876503,63886810.09
20260211104000000,73.24,73.33,73.03,73.23,670200,49070958.0
20260211104500000,73.23,73.3,73.18,73.24,429900,31490093.0
20260211105000000,73.23,73.25,73.03,73.18,370000,27061887.91
20260211105500000,73.18,73.27,73.08,73.17,356100,26061049.0
20260211110000000,73.17,73.2,72.75,72.75,890997,65002949.88
20260211110500000,72.75,72.78,72.7,72.71,628500,45712592.0
20260211111000000,72.72,72.77,72.61,72.69,685000,49794992.0
20260211111500000,72.69,72.82,72.69,72.76,477800,34759451.0
20260211112000000,72.75,72.75,72.59,72.7,495000,35958228.0
20260211112500000,72.69,72.69,72.53,72.55,769900,55878413.0
20260211113000000,72.56,72.66,72.5,72.52,889900,64566072.0
20260211130500000,72.53,72.58,72.26,72.56,1730000,125269242.0
20260211131000000,72.57,72.65,72.3,72.3,989900,71688984.0
20260211131500000,72.3,72.46,72.26,72.35,906400,65562683.0
20260211132000000,72.34,72.36,72.31,72.31,603100,43626504.0
20260211132500000,72.31,72.31,72.24,72.27,817700,59087660.0
20260211133000000,72.26,72.39,72.26,72.34,576600,41689267.0
20260211133500000,72.34,72.35,72.24,72.27,725400,52432266.0
20260211134000000,72.27,72.28,72.26,72.27,631000,45602112.0
20260211134500000,72.28,72.69,72.21,72.69,1110400,80293618.0
20260211135000000,72.68,73.08,72.68,73.05,1273100,92867949.0
20260211135500000,72.98,72.98,72.6,72.6,515500,37517009.0
20260211140000000,72.59,72.59,72.48,72.53,448400,32522182.0
20260211140500000,72.53,72.59,72.31,72.59,685800,49688037.0
20260211141000000,72.6,72.87,72.6,72.81,647000,47045619.0
20260211141500000,72.81,72.91,72.66,72.66,581700,42330469.0
20260211142000000,72.66,72.76,72.61,72.68,478631,34784360.91
20260211142500000,72.68,72.68,72.64,72.65,398400,28947031.0
20260211143000000,72.65,72.66,72.42,72.42,587769,42657712.25
20260211143500000,72.42,72.45,72.32,72.45,861100,62324477.0
20260211144000000,72.45,72.46,72.32,72.34,866900,62728983.0
20260211144500000,72.33,72.39,72.33,72.36,875300,63333841.0
20260211145000000,72.35,72.46,72.31,72.36,1456250,105380905.5
20260211145500000,72.36,72.4,72.28,72.32,1551265,112187555.1
20260211150000000,72.31,72.39,72.31,72.33,801500,57971884.0
20260212093500000,72.5,72.99,72.06,72.06,2155400,156360392.94
20260212094000000,72.01,72.68,72.01,72.61,1236400,89493163.0
20260212094500000,72.68,72.94,72.58,72.7,1609600,117157321.8
20260212095000000,72.71,73.31,72.71,73.02,1835503,134050730.13
20260212095500000,73.02,73.21,72.96,73.18,983900,71937030.0
20260212100000000,73.17,73.25,72.9,72.9,1060500,77577577.0
20260212100500000,72.92,73.05,72.54,72.66,945900,68787598.44
20260212101000000,72.66,72.8,72.43,72.52,743732,54003712.72
20260212101500000,72.52,72.58,72.01,72.01,1185500,85709912.69
20260212102000000,72.01,72.27,71.93,72.14,1060557,76385354.05
20260212102500000,72.1,72.1,71.96,71.97,897800,64651040.0
20260212103000000,71.97,72.06,71.94,71.97,565800,40725217.0
20260212103500000,71.97,71.98,71.81,71.91,761900,54771616.0
20260212104000000,71.91,71.97,71.58,71.58,866300,62202681.0
20260212104500000,71.58,71.8,71.58,71.72,587100,42098852.0
20260212105000000,71.71,71.72,71.6,71.7,543100,38906322.0
20260212105500000,71.71,71.88,71.59,71.86,567300,40698762.0
20260212110000000,71.83,72.13,71.83,72.12,292300,21061011.0
20260212110500000,72.14,72.44,72.12,72.3,468300,33845518.0
20260212111000000,72.21,72.48,72.2,72.48,434500,31430929.0
20260212111500000,72.49,73.26,72.47,72.97,1842200,134488476.0
20260212112000000,72.94,73.99,72.87,73.85,3931899,288972153.6
20260212112500000,73.83,76.27,73.53,76.19,5752580,431563204.4
20260212113000000,76.21,76.62,75.63,76.38,6512694,496094258.88
20260212130500000,76.38,77.5,76.06,76.91,6064796,466285507.84
20260212131000000,76.9,77.08,76.64,76.83,3051000,234808322.0
20260212131500000,76.91,77.05,76.7,76.72,2131900,164001481.0
20260212132000000,76.7,76.7,76.38,76.49,1518600,116107292.0
20260212132500000,76.48,76.9,76.47,76.51,1103500,84611342.0
20260212133000000,76.54,76.75,76.54,76.73,748056,57351170.94
20260212133500000,76.74,77.14,76.72,77.0,2736698,210691649.84
20260212134000000,77.0,77.2,76.92,77.0,1591300,122646446.0
20260212134500000,77.0,77.14,76.9,76.94,986900,76008338.0
20260212135000000,76.98,77.05,76.92,77.03,1007759,77600622.41
20260212135500000,77.04,77.06,76.83,77.0,822800,63336991.0
20260212140000000,77.0,77.03,76.85,77.02,1006800,77511595.0
20260212140500000,77.01,77.07,76.95,77.0,935300,72037083.0
20260212141000000,76.97,77.03,76.97,76.99,792400,61015709.0
20260212141500000,76.99,77.07,76.97,77.07,1347500,103771027.0
20260212142000000,77.09,77.44,77.09,77.43,2966780,229118735.6
20260212142500000,77.45,77.76,77.43,77.6,2803150,217465111.0
20260212143000000,77.6,77.71,77.6,77.69,1352600,105066317.0
20260212143500000,77.69,77.69,77.3,77.3,973800,75426116.0
20260212144000000,77.31,77.45,77.27,77.32,854450,66093335.72
20260212144500000,77.31,77.32,77.17,77.17,1098400,84839120.0
20260212145000000,77.16,77.3,77.14,77.28,1312256,101372102.94
20260212145500000,77.29,77.43,77.25,77.4,1921421,148589861.45
20260212150000000,77.41,77.41,77.37,77.38,1183000,91549226.14
20260213093500000,76.08,76.78,75.28,76.78,5251500,398430130.0
20260213094000000,76.79,76.8,76.32,76.5,2123500,162549445.0
20260213094500000,76.53,76.98,76.12,76.97,1826300,139604002.0
20260213095000000,77.0,78.16,76.92,78.01,3333520,259044784.0
20260213095500000,78.04,78.33,77.87,78.1,2045600,159785778.0
20260213100000000,78.11,78.11,77.49,77.64,1115000,86756804.0
20260213100500000,77.64,77.87,77.24,77.24,830200,64331205.0
20260213101000000,77.28,77.28,76.53,76.55,1159300,89057876.0
20260213101500000,76.55,76.78,76.33,76.78,1101038,84252407.42
20260213102000000,76.78,76.97,76.72,76.72,477900,36740218.0
20260213102500000,76.7,76.93,76.57,76.88,557500,42794753.8
20260213103000000,76.92,77.08,76.82,76.99,454000,34930697.0
20260213103500000,77.02,77.02,76.52,76.52,535800,41092296.0
20260213104000000,76.51,76.9,76.51,76.81,409600,31406302.0
20260213104500000,76.85,76.99,76.68,76.75,308100,23668400.0
20260213105000000,76.76,76.9,76.68,76.85,214700,16490813.0
20260213105500000,76.86,76.9,76.72,76.83,246300,18916633.0
20260213110000000,76.86,76.86,76.58,76.63,318100,24387057.0
20260213110500000,76.63,77.17,76.6,77.17,297000,22808310.0
20260213111000000,77.17,77.34,77.03,77.03,609500,47054538.0
20260213111500000,77.03,77.3,77.03,77.11,502600,38807816.0
20260213112000000,77.08,77.12,76.91,76.91,405900,31257054.0
20260213112500000,76.93,77.17,76.91,76.92,311900,24024558.0
20260213113000000,76.92,76.97,76.82,76.89,426700,32819661.0
20260213130500000,76.8,76.96,76.35,76.47,1348100,103238717.0
20260213131000000,76.46,76.79,76.36,76.68,523900,40077441.0
20260213131500000,76.71,76.77,76.57,76.57,440800,33791967.0
20260213132000000,76.58,76.72,76.5,76.72,436800,33450728.0
20260213132500000,76.72,76.72,76.44,76.47,587400,44957041.0
20260213133000000,76.5,76.51,76.35,76.46,513552,39250526.2
20260213133500000,76.46,77.1,76.46,77.1,463800,35565172.0
20260213134000000,77.1,79.0,77.08,78.79,6055000,474786878.0
20260213134500000,78.83,79.43,78.67,79.0,4400000,347706445.0
20260213135000000,79.0,79.04,78.71,78.96,1834972,144891981.2
20260213135500000,78.91,79.0,78.07,78.11,1583100,124386988.0
20260213140000000,78.11,78.5,78.04,78.43,1164400,91120438.0
20260213140500000,78.4,78.45,78.15,78.21,871400,68222628.0
20260213141000000,78.23,78.25,77.9,78.05,828200,64675161.0
20260213141500000,78.04,78.27,77.99,78.27,932800,72849791.0
20260213142000000,78.27,78.3,78.08,78.09,1012200,79164411.0
20260213142500000,78.04,78.08,77.82,77.92,930500,72551687.0
20260213143000000,77.91,78.09,77.9,78.09,979400,76397192.0
20260213143500000,78.05,78.26,77.95,78.26,978900,76497393.0
20260213144000000,78.24,78.3,78.04,78.08,1247700,97570844.0
20260213144500000,78.08,78.21,78.08,78.14,1290151,100817275.63
20260213145000000,78.07,78.15,77.92,77.99,1357944,105935899.21
20260213145500000,78.0,78.02,77.98,78.0,1380300,107660161.0
20260213150000000,78.0,78.0,77.97,77.98,1210300,94385081.0
20260224093500000,80.38,80.38,78.01,78.86,7109141,565058023.67
20260224094000000,78.87,79.4,78.49,79.37,2645239,208943813.42
20260224094500000,79.3,79.49,78.5,78.5,2907867,229835510.25
20260224095000000,78.64,80.98,78.54,80.98,4257897,341034391.61
20260224095500000,80.98,80.99,80.29,80.57,3418079,275894830.66
20260224100000000,80.57,80.57,79.8,80.28,1575021,126146414.3
20260224100500000,80.3,80.38,79.66,80.04,1504900,120370625.0
20260224101000000,80.04,81.0,80.04,80.7,2657900,214377107.0
20260224101500000,80.66,80.9,80.63,80.8,1773400,143255772.0
20260224102000000,80.82,80.82,79.93,80.0,989500,79421424.0
20260224102500000,79.97,80.15,79.72,79.82,1573000,125716036.0
20260224103000000,79.82,80.2,79.82,80.08,667500,53446219.0
20260224103500000,80.07,80.43,80.04,80.19,579300,46451653.0
20260224104000000,80.08,80.15,79.9,79.9,676103,54096198.0
20260224104500000,79.89,79.94,79.66,79.87,985659,78650204.94
20260224105000000,79.83,79.83,79.5,79.83,889800,70854212.0
20260224105500000,79.84,80.01,79.51,79.7,774800,61806021.0
20260224110000000,79.7,79.97,79.7,79.97,390200,31177410.0
20260224110500000,79.97,80.04,79.79,80.04,343200,27430175.0
20260224111000000,80.05,80.21,80.0,80.01,578100,46313835.0
20260224111500000,80.0,80.29,79.98,80.27,537600,43079453.0
20260224112000000,80.29,80.5,80.26,80.5,727402,58478157.8
20260224112500000,80.49,80.5,80.19,80.19,694500,55843646.82
20260224113000000,80.18,80.18,79.95,80.0,386400,30922240.0
20260224130500000,79.9,79.9,79.09,79.35,1970600,156944850.0
20260224131000000,79.29,79.42,78.94,79.0,1276000,101069921.0
20260224131500000,78.9,79.14,78.9,79.04,829000,65499968.0
20260224132000000,79.0,79.04,78.74,78.74,687100,54224088.0
20260224132500000,78.75,79.01,78.74,78.83,670900,52917530.37
20260224133000000,78.81,78.85,78.33,78.6,1872800,147031771.0
20260224133500000,78.47,78.82,78.47,78.69,840800,66143100.0
20260224134000000,78.7,79.05,78.69,78.86,385000,30391237.0
20260224134500000,78.85,78.85,78.63,78.7,328000,25825249.0
20260224135000000,78.67,78.81,78.64,78.76,280500,22077756.0
20260224135500000,78.77,79.02,78.77,79.02,285500,22524068.0
20260224140000000,79.05,79.05,78.81,78.89,346209,27329534.1
20260224140500000,78.86,78.91,78.8,78.81,277800,21903146.0
20260224141000000,78.8,78.98,78.78,78.9,211600,16686974.0
20260224141500000,78.89,78.95,78.84,78.9,257037,20279045.08
20260224142000000,78.9,78.91,78.8,78.84,293200,23123154.89
20260224142500000,78.84,78.92,78.81,78.89,345400,27239326.63
20260224143000000,78.9,78.93,78.84,78.92,341600,26949067.0
20260224143500000,78.89,79.0,78.86,78.93,565200,44617106.0
20260224144000000,78.94,79.06,78.92,79.05,466700,36861337.0
20260224144500000,79.06,79.17,79.06,79.06,580500,45928475.0
20260224145000000,79.07,79.08,78.94,78.96,593900,46907376.0
20260224145500000,78.95,78.97,78.93,78.94,753500,59484035.64
20260224150000000,78.94,78.94,78.9,78.91,831400,65607360.0
20260225093500000,78.98,79.8,78.58,79.6,3360800,265777591.0
20260225094000000,79.71,81.34,79.6,81.3,5314600,427141142.0
20260225094500000,81.38,81.49,80.96,81.11,4952403,402777881.08
20260225095000000,81.06,81.11,80.26,80.26,1799177,145421600.15
20260225095500000,80.3,80.67,79.81,79.88,1739700,139470103.54
20260225100000000,79.91,79.98,79.44,79.48,1265100,100831798.0
20260225100500000,79.5,79.8,79.33,79.65,1069400,85024918.0
20260225101000000,79.64,80.05,79.58,79.82,749608,59864021.88
20260225101500000,79.88,80.03,79.52,79.54,699000,55727035.0
20260225102000000,79.57,79.7,79.28,79.37,983100,78110224.54
20260225102500000,79.42,79.44,79.0,79.11,1047100,82896307.0
20260225103000000,79.1,79.4,79.09,79.11,850700,67407401.79
20260225103500000,79.12,79.27,79.09,79.2,508500,40246504.0
20260225104000000,79.2,79.24,79.0,79.01,713000,56426212.0
20260225104500000,79.0,79.0,78.62,78.81,1248800,98432375.0
20260225105000000,78.81,78.99,78.56,78.8,937401,73816873.8
20260225105500000,78.83,79.41,78.8,79.36,767599,60734513.2
20260225110000000,79.38,79.73,79.29,79.65,411700,32718272.0
20260225110500000,79.57,79.74,79.21,79.27,430900,34241883.0
20260225111000000,79.27,79.79,79.23,79.78,433600,34455613.0
20260225111500000,79.79,79.92,79.52,79.87,455800,36367453.0
20260225112000000,79.85,80.29,79.76,80.29,873600,69905645.56
20260225112500000,80.34,80.9,80.34,80.88,1911244,154083456.64
20260225113000000,80.86,81.15,80.4,81.13,1802400,145629065.17
20260225130500000,81.13,81.13,80.42,80.42,929700,75133305.58
20260225131000000,80.41,80.45,80.1,80.1,535900,43002814.0
20260225131500000,80.1,80.1,79.51,79.6,887500,70715767.0
20260225132000000,79.6,79.9,79.52,79.52,590089,46994667.95
20260225132500000,79.5,79.5,79.32,79.34,808600,64189644.0
20260225133000000,79.33,79.59,79.14,79.5,741500,58825563.0
20260225133500000,79.51,79.8,79.51,79.62,379800,30273679.0
20260225134000000,79.62,79.64,79.5,79.55,353900,28167279.5
20260225134500000,79.55,79.57,79.2,79.22,931200,73861326.0
20260225135000000,79.25,79.3,79.03,79.21,984100,77901002.0
20260225135500000,79.2,79.44,79.03,79.03,716700,56763714.0
20260225140000000,79.04,79.25,79.02,79.24,488300,38637463.0
20260225140500000,79.24,79.44,79.22,79.29,298200,23650197.0
20260225141000000,79.3,79.5,79.26,79.34,353700,28080348.0
20260225141500000,79.31,79.8,79.31,79.66,702689,55931807.4
20260225142000000,79.68,79.68,79.56,79.58,434354,34580124.89
20260225142500000,79.59,79.59,79.39,79.44,414446,32943891.22
20260225143000000,79.41,79.45,79.29,79.31,343600,27269120.0
20260225143500000,79.3,79.37,79.28,79.33,518200,41099264.0
20260225144000000,79.33,79.42,79.31,79.37,629800,49982516.0
20260225144500000,79.37,79.53,79.36,79.46,651400,51738743.0
20260225145000000,79.46,79.52,79.43,79.48,625985,49754163.1
20260225145500000,79.48,79.53,79.45,79.51,850108,67588136.64
20260225150000000,79.51,79.52,79.5,79.52,920936,73227790.0
20260226093500000,79.7,81.47,79.7,79.95,5805307,467898825.27
20260226094000000,79.97,81.91,79.86,81.78,8097197,658302888.34
20260226094500000,81.72,82.38,81.62,82.0,5599667,459295075.88
20260226095000000,82.01,83.0,81.77,82.5,5135300,423527205.0
20260226095500000,82.47,83.29,82.22,83.15,5007040,414776577.0
20260226100000000,83.15,83.66,83.15,83.48,4005700,334402608.0
20260226100500000,83.46,83.65,83.29,83.4,2368099,197633004.09
20260226101000000,83.39,83.64,83.17,83.32,2477869,206739008.12
20260226101500000,83.3,83.8,83.28,83.47,1869796,156270760.96
20260226102000000,83.47,84.44,83.44,84.33,3494016,293638243.01
20260226102500000,84.4,84.89,84.4,84.51,3098680,262411411.6
20260226103000000,84.5,85.85,84.4,85.15,5302913,451714609.36
20260226103500000,85.1,85.75,84.84,85.7,1714062,146239322.48
20260226104000000,85.71,86.51,85.55,86.17,3009947,258887503.61
20260226104500000,86.23,86.4,85.69,86.09,1540028,132559885.6
20260226105000000,86.09,86.15,85.88,85.88,1207806,103890288.68
20260226105500000,85.88,86.25,85.7,86.2,1259100,108204689.0
20260226110000000,86.2,86.5,85.82,85.91,1280700,110424973.0
20260226110500000,85.92,86.45,85.83,85.91,1161637,100032994.15
20260226111000000,85.9,86.82,85.76,86.82,2027300,175057477.0
20260226111500000,86.85,86.93,86.5,86.58,1344600,116685733.0
20260226112000000,86.58,86.82,86.38,86.78,1132002,98091564.2
20260226112500000,86.86,87.28,86.31,86.31,2579700,224428982.87
20260226113000000,86.57,87.09,86.57,86.86,953113,82864691.44
20260226130500000,86.87,87.47,86.86,87.44,6819596,595767279.41
20260226131000000,87.47,87.47,87.47,87.47,3913055,342274519.85
20260226131500000,87.47,87.47,87.09,87.1,2636919,230185675.27
20260226132000000,87.07,87.07,86.67,86.68,2084858,180867687.7
20260226132500000,86.69,86.88,86.65,86.86,1256321,109000025.67
20260226133000000,86.85,87.1,86.81,86.81,639400,55578133.0
20260226133500000,86.83,86.83,86.47,86.67,824500,71424030.0
20260226134000000,86.68,87.0,86.68,86.8,918800,79821342.0
20260226134500000,86.79,86.95,86.78,86.78,519100,45090349.0
20260226135000000,86.78,86.81,86.61,86.81,824578,71492796.36
20260226135500000,86.8,86.84,86.62,86.63,491300,42606759.0
20260226140000000,86.65,87.1,86.61,86.8,1254000,108979136.0
20260226140500000,86.8,86.97,86.7,86.9,575700,50001707.0
20260226141000000,86.89,86.89,86.6,86.61,611700,53073940.0
20260226141500000,86.64,86.76,86.61,86.65,1045487,90623735.55
20260226142000000,86.66,86.72,86.49,86.49,1186571,102765740.06
20260226142500000,86.5,86.66,86.47,86.55,609812,52805229.06
20260226143000000,86.55,86.55,86.1,86.1,1243267,107272458.61
20260226143500000,86.11,86.24,85.85,85.89,1562500,134407243.0
20260226144000000,85.88,85.98,85.78,85.87,1537831,132046194.68
20260226144500000,85.83,85.86,85.53,85.58,1972106,168957871.4
20260226145000000,85.58,85.86,85.5,85.86,1838471,157350923.15
20260226145500000,85.87,86.0,85.7,85.73,1286700,110387992.86
20260226150000000,85.7,85.89,85.66,85.89,1284766,110192846.33
20260227093500000,84.05,87.82,84.05,87.82,14104796,1211976230.17
20260227094000000,88.0,88.28,86.91,87.9,6771549,593488988.04
20260227094500000,87.9,88.29,87.06,87.06,4797045,420428910.5
20260227095000000,86.95,87.13,86.36,86.44,3278600,284215549.0
20260227095500000,86.44,87.08,86.32,86.81,1944067,168574786.61
20260227100000000,86.8,87.16,86.5,86.95,1897100,164818286.0
20260227100500000,86.95,87.87,86.95,87.36,2047700,179303460.0
20260227101000000,87.36,87.5,87.19,87.4,1234618,107844801.56
20260227101500000,87.35,87.4,86.78,87.24,1225818,106705837.16
20260227102000000,87.25,87.6,87.05,87.23,1188000,103762443.0
20260227102500000,87.5,87.6,86.58,86.94,1378200,119996388.92
20260227103000000,86.91,87.65,86.7,87.2,1412354,123176881.95
20260227103500000,87.23,87.23,86.8,86.81,881400,76674728.0
20260227104000000,86.81,86.96,86.66,86.85,880602,76421802.14
20260227104500000,86.83,87.17,86.75,86.81,743800,64631883.0
20260227105000000,86.81,87.15,86.72,86.73,852900,74127306.0
20260227105500000,86.71,86.71,86.31,86.41,1340800,115963731.94
20260227110000000,86.49,86.59,86.3,86.5,734600,63497645.0
20260227110500000,86.44,87.15,86.38,87.0,575483,49917620.59
20260227111000000,87.09,87.13,86.75,86.85,667900,58108553.0
20260227111500000,86.79,87.01,86.62,86.64,488300,42400446.0
20260227112000000,86.63,86.7,86.36,86.37,625500,54129911.0
20260227112500000,86.36,86.39,85.83,85.86,1487200,128041791.0
20260227113000000,85.9,86.07,85.75,86.07,1304700,112015331.0
20260227130500000,86.08,86.48,85.92,86.29,1128150,97106216.5
20260227131000000,86.33,86.39,86.1,86.1,445400,38417885.0
20260227131500000,86.1,86.31,85.99,86.31,1038861,89444473.59
20260227132000000,86.32,86.72,86.25,86.35,570700,49366254.0
20260227132500000,86.3,86.35,86.07,86.17,427600,36849720.0
20260227133000000,86.21,86.36,86.18,86.26,524832,45273850.12
20260227133500000,86.32,86.57,86.07,86.19,730056,63015421.52
20260227134000000,86.19,86.6,86.1,86.57,694700,60007817.0
20260227134500000,86.48,86.49,86.01,86.09,970600,83631351.0
20260227135000000,86.06,86.16,85.88,85.94,690100,59355446.0
20260227135500000,85.94,85.94,85.58,85.62,1063300,91168153.0
20260227140000000,85.64,85.68,85.48,85.48,1020100,87289650.0
20260227140500000,85.45,85.6,85.42,85.53,1061200,90735337.0
20260227141000000,85.56,85.66,85.41,85.6,969800,82958304.0
20260227141500000,85.62,85.75,85.43,85.43,1401500,119780451.0
20260227142000000,85.39,85.56,85.28,85.28,1291700,110362482.0
20260227142500000,85.26,85.38,85.13,85.26,1859079,158385252.48
20260227143000000,85.24,85.34,85.11,85.17,1248400,106377133.0
20260227143500000,85.12,85.26,84.91,85.0,1378300,117218005.0
20260227144000000,84.97,85.13,84.81,84.81,1283200,109048881.0
20260227144500000,84.8,84.9,84.6,84.6,2504344,212078834.4
20260227145000000,84.6,85.49,84.6,85.47,1858300,157849366.96
20260227145500000,85.36,85.6,85.09,85.6,1670000,142460412.0
20260227150000000,85.62,85.62,85.42,85.55,1567780,134114260.7
20260302093500000,84.0,86.48,84.0,85.89,8144886,695024502.11
20260302094000000,85.89,87.1,85.62,86.63,4020400,347728387.08
20260302094500000,86.71,88.2,86.65,86.65,4630059,404522270.82
20260302095000000,86.46,87.02,86.38,86.49,2166690,188015464.74
20260302095500000,86.48,86.55,86.06,86.54,1555429,134341905.54
20260302100000000,86.54,87.2,86.44,87.2,1436000,124677092.0
20260302100500000,87.1,88.4,87.1,88.31,3988697,350890599.45
20260302101000000,88.47,88.5,87.6,88.25,2243459,197598713.53
20260302101500000,88.24,89.06,87.81,88.57,4397800,388780357.0
20260302102000000,88.47,88.47,87.59,87.82,1974800,173590272.96
20260302102500000,87.73,88.02,87.31,87.84,1600700,140308718.0
20260302103000000,87.87,87.9,87.6,87.69,917000,80485090.0
20260302103500000,87.71,88.63,87.57,88.6,1272781,112087631.88
20260302104000000,88.63,89.34,88.41,88.93,2110009,187707590.72
20260302104500000,88.92,89.29,88.76,88.93,1152100,102553345.0
20260302105000000,88.96,89.1,88.56,88.7,755000,67141298.0
20260302105500000,88.66,88.89,88.28,88.28,574400,50910228.0
20260302110000000,88.26,88.61,88.07,88.46,653600,57733068.0
20260302110500000,88.46,88.46,87.93,88.2,564700,49786583.91
20260302111000000,88.24,88.74,88.12,88.5,609009,53870252.9
20260302111500000,88.64,88.7,87.6,87.6,798000,70359721.0
20260302112000000,87.59,87.8,87.58,87.7,814600,71427142.0
20260302112500000,87.71,88.26,87.58,88.21,770000,67618886.0
20260302113000000,88.21,89.04,88.17,88.98,1035477,91894103.0
20260302130500000,89.05,91.03,88.98,90.5,5882800,530425870.0
20260302131000000,90.42,90.54,89.98,90.0,1774700,160210604.0
20260302131500000,89.89,89.89,89.19,89.23,832900,74657224.13
20260302132000000,89.25,90.0,89.23,90.0,945300,84723007.33
20260302132500000,90.0,90.81,89.61,90.78,1488900,134558987.0
20260302133000000,90.74,90.89,90.3,90.31,1287234,116645844.0
20260302133500000,90.33,91.0,90.19,90.91,1630500,147945841.0
20260302134000000,90.9,91.9,90.9,90.95,3439591,314237704.25
20260302134500000,90.92,90.92,90.23,90.67,913408,82671244.55
20260302135000000,90.67,90.69,90.13,90.5,902700,81583400.0
20260302135500000,90.51,90.6,90.24,90.42,545700,49365139.0
20260302140000000,90.41,90.7,89.68,89.7,2554300,230133180.0
20260302140500000,89.63,90.5,89.57,90.11,3255800,293570641.0
20260302141000000,90.15,91.01,90.15,90.88,1044900,94896481.0
20260302141500000,90.88,91.06,90.49,90.98,1578511,143344810.84
20260302142000000,90.99,91.0,90.66,90.72,623400,56637456.0
20260302142500000,90.7,91.02,90.6,90.98,821300,74645775.0
20260302143000000,90.98,91.16,90.91,91.09,1185700,107927867.0
20260302143500000,91.07,91.65,91.06,91.44,2017300,184452571.0
20260302144000000,91.44,91.67,91.4,91.48,1473900,134873031.0
20260302144500000,91.43,91.53,91.18,91.19,1789872,163562594.82
20260302145000000,91.2,91.2,90.95,91.06,1470714,133940671.24
20260302145500000,91.05,91.07,90.95,91.02,1646502,149839835.1
20260302150000000,91.04,91.04,90.98,91.03,1301400,118452316.0
20260303093500000,95.57,95.87,93.86,94.8,17249182,1637102445.23
20260303094000000,94.91,95.96,94.48,95.6,7681634,731664546.19
20260303094500000,95.68,96.18,95.29,95.63,5461069,523515623.33
20260303095000000,95.6,95.69,93.9,94.02,5254100,497789226.59
20260303095500000,94.0,94.77,93.78,94.0,3304891,311339730.74
20260303100000000,94.06,94.4,93.7,94.18,3262400,306594640.36
20260303100500000,94.07,95.03,94.0,94.04,2124150,200800509.0
20260303101000000,94.0,94.48,93.65,93.99,3283621,308596237.85
20260303101500000,93.88,94.13,93.28,93.7,1722679,161437853.72
20260303102000000,93.57,93.67,92.83,93.03,2815314,262208707.84
20260303102500000,93.01,95.33,92.88,95.01,2362610,222006636.7
20260303103000000,95.14,95.55,94.62,94.68,2128200,202345435.92
20260303103500000,94.65,95.49,94.3,95.05,1638498,155625840.8
20260303104000000,95.33,95.99,94.92,95.32,2861274,273677817.54
20260303104500000,95.32,96.18,95.2,95.48,1830400,175215424.0
20260303105000000,95.5,95.5,94.99,95.35,769200,73244861.0
20260303105500000,95.24,95.37,94.74,95.27,770900,73278376.0
20260303110000000,95.26,95.85,94.8,95.85,760100,72401691.0
20260303110500000,95.79,96.9,95.79,96.85,2649626,255540552.5
20260303111000000,96.8,96.93,96.01,96.31,1150600,110985511.0
20260303111500000,96.47,96.98,96.23,96.59,1633200,158061916.0
20260303112000000,96.43,96.45,95.82,95.96,635277,61048994.9
20260303112500000,95.96,96.79,95.91,96.74,1027247,99105861.84
20260303113000000,96.72,97.3,96.62,96.99,1996300,193576620.0
20260303130500000,97.03,97.48,96.47,96.79,2677400,259682739.45
20260303131000000,96.75,97.29,96.59,97.28,1411598,136872949.56
20260303131500000,97.25,98.66,97.15,98.01,3497200,342890782.96
20260303132000000,97.9,98.32,97.38,98.3,1764900,172851613.0
20260303132500000,98.3,98.38,97.23,97.53,1477900,144675011.64
20260303133000000,97.52,97.82,96.82,97.08,1508900,146631107.0
20260303133500000,97.03,97.2,96.54,96.54,1289300,125083511.0
20260303134000000,96.55,96.69,96.1,96.22,1933800,186321510.0
20260303134500000,96.22,96.44,96.0,96.33,1401000,134760237.0
20260303135000000,96.33,96.47,96.08,96.08,643300,61970197.0
20260303135500000,96.07,96.46,95.79,95.91,963700,92482137.0
20260303140000000,95.88,96.0,95.55,95.82,1507200,144246785.0
20260303140500000,95.78,95.8,95.26,95.29,1839137,175642304.51
20260303141000000,95.26,95.61,95.0,95.0,1907700,181566058.0
20260303141500000,94.98,95.37,94.93,94.99,1447700,137652912.0
20260303142000000,94.98,95.34,94.2,94.28,3084867,292169681.97
20260303142500000,94.34,94.98,94.28,94.43,2093486,197943616.37
20260303143000000,94.5,95.6,94.41,95.46,2086000,197986248.68
20260303143500000,95.4,95.92,95.23,95.55,1185133,113264695.16
20260303144000000,95.54,95.54,94.42,94.43,1262320,119678862.05
20260303144500000,94.37,94.94,94.33,94.42,1713320,162009127.6
20260303145000000,94.4,94.7,94.34,94.34,2006367,189453363.66
20260303145500000,94.34,94.75,94.11,94.11,1892680,178664133.85
20260303150000000,94.16,94.88,94.11,94.88,1935900,182914840.06
20260304093500000,91.0,93.87,91.0,93.78,7947000,737000218.79
20260304094000000,93.72,94.5,92.7,93.01,4125523,386920831.53
20260304094500000,93.25,93.93,91.99,93.93,4036680,373981224.47
20260304095000000,93.87,94.31,93.66,94.1,2309723,217048629.85
20260304095500000,94.15,94.15,92.67,93.06,1704798,159051551.8
20260304100000000,93.08,93.17,91.5,91.53,2804900,258292591.68
20260304100500000,91.49,92.94,91.49,92.68,2205397,202818871.22
20260304101000000,92.68,94.52,92.68,94.47,1849500,173291615.0
20260304101500000,94.47,94.99,94.1,94.3,1792700,169544403.0
20260304102000000,94.29,94.48,94.05,94.05,933278,88009538.58
20260304102500000,94.05,94.3,93.13,93.23,1073100,100401936.0
20260304103000000,93.16,93.69,93.02,93.1,1002400,93500923.22
20260304103500000,93.11,93.36,92.71,92.82,1135100,105538800.82
20260304104000000,92.82,93.36,92.58,92.9,1396529,129658837.5
20260304104500000,92.83,92.83,92.01,92.2,1463500,135120358.47
20260304105000000,92.2,92.87,92.15,92.72,722200,66744862.0
20260304105500000,92.75,93.32,92.69,92.89,639800,59549816.0
20260304110000000,92.86,93.1,92.6,92.6,350400,32561579.0
20260304110500000,92.6,92.8,92.41,92.54,313700,29053953.0
20260304111000000,92.54,93.0,92.49,92.67,478384,44345410.6
20260304111500000,92.66,93.69,92.66,93.67,701700,65414721.0
20260304112000000,93.73,95.53,93.54,95.45,2688200,255029545.0
20260304112500000,95.36,96.14,95.2,95.45,2765212,264625492.28
20260304113000000,95.36,95.37,94.44,94.58,1019700,96844542.0
20260304130500000,95.0,95.41,94.2,94.21,1657600,156953326.0
20260304131000000,94.27,94.86,94.17,94.66,1737700,164338162.0
20260304131500000,94.66,95.99,94.66,95.3,2129600,203326951.0
20260304132000000,95.31,96.43,95.24,96.24,2275600,218308548.0
20260304132500000,96.27,96.3,95.4,95.52,1605200,154014921.0
20260304133000000,95.58,96.3,95.42,95.45,1238500,118755966.0
20260304133500000,95.44,95.45,94.8,95.05,881500,83772860.0
20260304134000000,95.01,95.53,94.74,95.48,598300,56963655.0
20260304134500000,95.46,96.23,95.3,95.91,1168200,112061305.0
20260304135000000,96.02,96.05,95.62,95.62,672400,64475934.24
20260304135500000,95.55,95.75,95.41,95.6,412300,39389466.0
20260304140000000,95.62,95.68,95.06,95.16,444800,42443383.0
20260304140500000,95.15,95.25,94.88,95.12,598800,56921060.0
20260304141000000,95.11,95.38,95.06,95.1,344200,32766056.0
20260304141500000,95.12,95.3,94.94,95.04,492500,46868691.0
20260304142000000,95.05,95.2,94.89,94.93,421900,40084198.0
20260304142500000,94.94,95.0,94.55,94.57,639900,60655045.0
20260304143000000,94.57,94.64,94.43,94.64,995578,94145481.34
20260304143500000,94.64,94.82,94.51,94.81,1016300,96271381.0
20260304144000000,94.8,94.8,94.4,94.49,930100,88001932.0
20260304144500000,94.52,94.7,94.24,94.31,1039499,98148316.73
20260304145000000,94.33,94.78,94.28,94.58,1433052,135335865.0
20260304145500000,94.54,94.63,94.37,94.51,987383,93341818.73
20260304150000000,94.56,95.0,94.37,95.0,1205078,114261950.0
20260305093500000,97.85,97.85,93.81,93.81,10512000,1008701712.76
20260305094000000,93.73,94.87,93.3,93.49,4269600,401463382.31
20260305094500000,93.41,93.6,92.73,92.9,3608168,335888483.19
20260305095000000,92.82,94.17,92.79,93.33,2697000,251808307.61
20260305095500000,93.33,93.83,92.58,93.15,2795500,260779290.43
20260305100000000,93.16,94.8,93.0,94.8,1866000,175342977.55
20260305100500000,94.9,96.29,94.9,96.0,4308544,412555937.2
20260305101000000,96.0,96.56,95.45,96.0,4046300,387367428.0
20260305101500000,96.0,96.89,95.76,96.82,2503517,241199088.97
20260305102000000,96.74,96.99,96.0,96.15,1868100,180517849.0
20260305102500000,96.27,96.9,95.85,95.85,1273200,122851745.0
20260305103000000,95.96,97.17,95.79,97.1,2401900,232158674.0
20260305103500000,96.98,97.01,95.9,95.98,1362300,131378183.0
20260305104000000,95.95,95.98,94.6,94.97,1594400,151548855.8
20260305104500000,94.93,94.97,94.13,94.27,1284500,121432495.82
20260305105000000,94.25,94.27,93.5,93.97,1330700,124770358.0
20260305105500000,93.86,93.86,93.22,93.28,1337800,125153194.0
20260305110000000,93.3,93.6,93.0,93.37,1190306,111069491.0
20260305110500000,93.29,93.85,93.22,93.33,807600,75567901.0
20260305111000000,93.31,93.58,92.96,92.96,2172814,202314487.82
20260305111500000,93.06,93.28,92.96,93.13,892300,83034549.0
20260305112000000,93.15,93.38,93.0,93.22,565500,52669577.0
20260305112500000,93.21,93.59,93.15,93.59,951574,88786507.94
20260305113000000,93.59,93.95,93.58,93.83,401700,37668719.29
20260305130500000,93.76,94.23,93.44,93.85,1145500,107586966.0
20260305131000000,93.85,94.5,93.6,94.32,580702,54598957.16
20260305131500000,94.34,94.34,93.66,93.72,496400,46694579.0
20260305132000000,93.72,93.79,93.39,93.61,686600,64229522.0
20260305132500000,93.63,94.01,93.61,94.01,419900,39390009.0
20260305133000000,94.02,94.15,93.69,93.78,395100,37104379.0
20260305133500000,93.79,93.79,93.3,93.3,846500,79127398.0
20260305134000000,93.25,93.25,92.78,92.93,1433410,133283683.0
20260305134500000,92.94,93.13,92.89,92.97,667400,62052681.0
20260305135000000,93.03,93.09,92.78,92.78,711900,66144712.0
20260305135500000,92.73,92.79,92.58,92.6,1020501,94585636.6
20260305140000000,92.61,92.8,92.57,92.75,620070,57459394.7
20260305140500000,92.72,92.75,92.55,92.55,605530,56107672.48
20260305141000000,92.52,92.6,92.26,92.26,1173700,108523325.0
20260305141500000,92.25,92.41,92.09,92.14,1388200,127995389.0
20260305142000000,92.13,92.33,92.05,92.06,855600,78871707.0
20260305142500000,92.05,92.46,92.02,92.46,732800,67586325.0
20260305143000000,92.46,92.7,92.42,92.58,637600,58996205.0
20260305143500000,92.58,92.8,92.28,92.61,2071600,191107014.0
20260305144000000,92.61,92.78,92.53,92.63,560749,51939647.3
20260305144500000,92.52,92.97,92.27,92.3,2092603,193515732.23
20260305145000000,92.33,92.55,92.22,92.31,829000,76572494.0
20260305145500000,92.28,92.55,92.27,92.5,1048714,96986297.58
20260305150000000,92.52,93.2,92.52,92.7,866221,80389752.38
20260306093500000,90.06,92.15,89.57,89.73,8692062,786287586.99
20260306094000000,89.73,90.47,88.88,88.88,7178015,643509833.65
20260306094500000,88.87,88.87,88.01,88.39,6418321,566933131.97
20260306095000000,88.32,89.69,88.32,89.62,2626700,234281737.0
20260306095500000,89.57,89.97,88.9,88.9,1955000,175039086.62
20260306100000000,88.9,89.03,88.0,88.18,3305812,292003664.96
20260306100500000,88.18,89.6,88.16,89.18,1473800,131034295.0
20260306101000000,89.18,89.3,88.74,88.97,1435900,127851694.4
20260306101500000,88.97,89.3,88.57,89.24,1407812,125287074.4
20260306102000000,89.24,89.38,88.53,88.99,1566988,139513449.8
20260306102500000,89.01,89.5,88.88,89.3,886000,79017883.0
20260306103000000,89.24,89.41,88.84,89.36,2275800,202759144.0
20260306103500000,89.37,89.84,89.32,89.71,1026000,91899063.0
20260306104000000,89.72,90.15,89.63,89.64,1786900,160619006.0
20260306104500000,89.67,90.31,89.66,90.25,1535937,138233329.04
20260306105000000,90.18,90.67,90.18,90.54,986282,89231868.38
20260306105500000,90.51,90.87,90.48,90.52,726400,65830996.0
20260306110000000,90.4,90.69,90.34,90.6,635000,57456424.0
20260306110500000,90.59,91.6,90.58,91.58,923100,84138487.0
20260306111000000,91.71,92.31,91.46,91.99,1482900,136118794.0
20260306111500000,91.98,92.39,91.9,92.38,751100,69179800.0
20260306112000000,92.33,92.48,92.18,92.21,1003000,92553710.0
20260306112500000,92.19,92.58,92.18,92.5,575000,53119539.0
20260306113000000,92.48,92.87,92.44,92.71,957000,88609496.72
20260306130500000,92.76,94.98,92.72,94.94,3719800,349423576.52
20260306131000000,94.88,97.6,94.74,97.03,5786319,558267135.24
20260306131500000,97.0,97.51,96.04,96.2,4094724,396861093.79
20260306132000000,96.1,96.56,95.7,95.7,1475100,141842966.0
20260306132500000,95.68,95.99,95.39,95.46,1176000,112547939.0
20260306133000000,95.42,95.83,95.32,95.77,1392500,133122655.0
20260306133500000,95.7,98.39,95.69,98.14,4773987,464720523.71
20260306134000000,98.1,98.1,96.8,96.86,1558474,151445489.56
20260306134500000,96.87,97.0,96.44,96.44,1293000,125056231.0
20260306135000000,96.45,96.8,96.03,96.48,1014200,97698156.0
20260306135500000,96.38,96.59,95.8,95.81,877800,84458035.5
20260306140000000,95.87,95.88,95.48,95.77,1048700,100308794.0
20260306140500000,95.63,95.77,95.4,95.43,783400,74834211.0
20260306141000000,95.43,95.43,94.91,95.02,761241,72380121.69
20260306141500000,95.03,95.37,94.91,95.28,679000,64559455.0
20260306142000000,95.29,95.29,95.04,95.19,637700,60673692.0
20260306142500000,95.16,95.5,94.99,95.48,759100,72188271.0
20260306143000000,95.48,95.69,95.04,95.04,621103,59205477.47
20260306143500000,95.03,95.08,94.9,95.08,781400,74212512.0
20260306144000000,95.11,95.11,94.9,95.08,1078600,102436449.0
20260306144500000,95.03,95.09,94.67,94.82,821400,77934314.0
20260306145000000,94.81,95.01,94.72,94.97,843100,80007944.1
20260306145500000,94.98,95.28,94.95,95.16,1258294,119645150.06
20260306150000000,95.26,95.55,95.2,95.45,1266776,120844960.95
20260309093500000,90.3,90.59,87.49,87.54,12670774,1125832097.21
20260309094000000,87.52,89.4,87.38,88.02,7695952,678541929.07
20260309094500000,87.98,88.93,87.9,88.33,4918800,435031633.26
20260309095000000,88.21,89.41,88.0,89.0,3095000,274726809.0
20260309095500000,88.94,89.04,87.57,87.88,3066000,270233391.98
20260309100000000,88.24,88.59,87.9,88.34,3010563,265909188.06
20260309100500000,88.38,89.28,88.16,89.28,1546424,136891058.36
20260309101000000,89.36,91.18,89.27,91.0,3421451,309382293.09
20260309101500000,91.17,91.17,90.25,90.6,1849900,167625546.0
20260309102000000,90.45,90.72,90.0,90.49,1413700,127787140.0
20260309102500000,90.47,90.97,90.39,90.7,1536100,139115595.0
20260309103000000,90.72,91.0,89.7,89.82,949400,85778882.94
20260309103500000,89.8,91.1,89.8,90.83,1008700,91341518.0
20260309104000000,90.86,90.89,90.1,90.1,754900,68304764.0
20260309104500000,90.06,90.35,89.81,90.13,801500,72217269.0
20260309105000000,90.05,90.06,89.6,89.8,1072000,96183214.76
20260309105500000,89.67,89.86,89.55,89.85,469092,42076256.4
20260309110000000,89.85,90.33,89.84,90.02,518000,46651423.0
20260309110500000,90.35,91.06,90.35,91.0,802300,72818678.0
20260309111000000,91.01,91.64,91.0,91.34,1088000,99316088.0
20260309111500000,91.38,91.75,90.97,91.1,979400,89579018.0
20260309112000000,91.09,91.39,90.95,91.22,493700,44998402.0
20260309112500000,91.18,91.38,90.82,91.0,652700,59486620.0
20260309113000000,90.9,91.44,90.89,91.18,460300,41969909.0
20260309130500000,91.2,91.45,90.25,91.39,1595500,144852834.6
20260309131000000,91.39,91.43,91.0,91.1,422500,38529769.0
20260309131500000,91.1,91.28,90.8,91.25,549881,50044198.79
20260309132000000,91.25,91.26,90.83,90.86,484500,44102654.0
20260309132500000,90.9,91.35,90.6,91.35,398700,36273415.0
20260309133000000,91.36,92.32,91.34,92.17,1308200,120094430.0
20260309133500000,92.08,92.72,91.77,92.72,1030500,95211706.0
20260309134000000,92.72,92.78,92.24,92.28,817800,75661333.75
20260309134500000,92.26,93.66,92.01,93.59,1552875,144666621.5
20260309135000000,93.33,93.71,92.77,93.39,1044700,97529724.0
20260309135500000,93.31,94.02,93.01,94.02,1379200,128963264.0
20260309140000000,93.9,94.22,93.8,94.22,876800,82398993.24
20260309140500000,94.22,94.88,94.03,94.82,2053300,194279703.81
20260309141000000,94.8,95.56,94.6,95.16,1689800,160758511.0
20260309141500000,95.25,95.63,94.93,95.21,1874759,178840613.14
20260309142000000,95.3,95.31,94.64,95.05,1232600,117037512.0
20260309142500000,95.05,96.2,94.7,96.2,1506494,143539301.86
20260309143000000,96.0,97.54,95.68,97.51,2870400,277708450.06
20260309143500000,97.52,97.77,96.58,96.61,1784993,173640203.73
20260309144000000,96.61,97.36,96.53,96.77,1586800,153661629.78
20260309144500000,96.95,97.65,96.51,97.5,1736815,168506183.17
20260309145000000,97.45,97.48,96.75,96.8,1643704,159587038.51
20260309145500000,96.81,98.2,96.81,98.17,4163399,406480357.98
20260309150000000,98.16,98.32,98.0,98.24,2563701,251844991.24
20260310093500000,102.0,103.8,101.65,102.67,16548463,1694361704.46
20260310094000000,102.73,104.8,102.51,104.57,8893144,924446041.11
20260310094500000,104.4,104.94,103.83,103.98,6619608,691799964.91
20260310095000000,103.94,104.9,103.61,104.68,3462128,361155090.88
20260310095500000,104.69,105.26,104.57,104.99,3844700,403587898.0
20260310100000000,104.99,105.09,104.1,104.45,1877000,196078807.0
20260310100500000,104.45,104.49,103.71,103.71,2781797,289482460.58
20260310101000000,103.68,104.18,103.35,103.35,3985587,413079993.87
20260310101500000,103.4,103.85,102.83,103.85,1602900,165536183.0
20260310102000000,103.89,105.79,103.89,105.49,3497300,367482603.02
20260310102500000,105.49,105.49,104.88,105.37,1033600,108692945.0
20260310103000000,105.37,105.37,104.5,105.0,1641677,172162255.81
20260310103500000,105.02,106.82,105.02,106.43,3234623,343280815.13
20260310104000000,106.4,107.32,105.8,107.32,2771746,295636181.02
20260310104500000,107.29,107.57,107.11,107.34,2295486,246459063.5
20260310105000000,107.35,107.5,106.36,106.9,1414000,151302508.94
20260310105500000,106.89,107.0,106.59,106.63,1088800,116208327.58
20260310110000000,106.58,106.58,106.16,106.58,763400,81234066.0
20260310110500000,106.58,106.6,106.3,106.3,611700,65135459.06
20260310111000000,106.29,106.89,106.18,106.76,686501,73148691.31
20260310111500000,106.76,106.82,105.87,105.87,958500,101819341.0
20260310112000000,105.79,106.6,105.79,106.6,1067946,113278290.8
20260310112500000,106.58,107.51,106.5,107.25,1531300,164125259.0
20260310113000000,107.12,107.39,106.48,106.71,746000,79795354.8
20260310130500000,106.7,107.2,106.25,107.0,1500783,160162389.23
20260310131000000,107.08,107.32,106.8,107.27,663000,70973899.86
20260310131500000,107.27,107.78,107.11,107.42,1471871,158226813.8
20260310132000000,107.36,107.67,106.8,107.54,1303563,139909793.32
20260310132500000,107.53,108.0,107.47,108.0,1847200,199208584.0
20260310133000000,107.97,108.06,107.5,108.06,6368631,687923340.03
20260310133500000,108.06,108.06,108.06,108.06,2412500,260694750.0
20260310134000000,108.06,108.06,108.06,108.06,377849,40830362.94
20260310134500000,108.06,108.06,108.06,108.06,241400,26085684.0
20260310135000000,108.06,108.06,108.06,108.06,129900,14036994.0
20260310135500000,108.06,108.06,108.06,108.06,201100,21730866.0
20260310140000000,108.06,108.06,108.06,108.06,122600,13248156.0
20260310140500000,108.06,108.06,108.06,108.06,110600,11951436.0
20260310141000000,108.06,108.06,108.06,108.06,81200,8774472.0
20260310141500000,108.06,108.06,108.06,108.06,72600,7845156.0
20260310142000000,108.06,108.06,108.06,108.06,151400,16360284.0
20260310142500000,108.06,108.06,108.06,108.06,97334,10517912.04
20260310143000000,108.06,108.06,108.06,108.06,128100,13842486.0
20260310143500000,108.06,108.06,108.06,108.06,88500,9563310.0
20260310144000000,108.06,108.06,108.06,108.06,161000,17397660.0
20260310144500000,108.06,108.06,108.06,108.06,152500,16479150.0
20260310145000000,108.06,108.06,108.06,108.06,243100,26269386.0
20260310145500000,108.06,108.06,108.06,108.06,210920,22792015.2
20260310150000000,108.06,108.06,108.06,108.06,237641,25679486.46
20260311093500000,109.33,111.6,109.33,109.61,14315656,1581203270.05
20260311094000000,109.61,109.78,108.28,109.0,5757928,628487481.25
20260311094500000,108.91,109.99,108.18,108.18,3449669,376309583.49
20260311095000000,108.11,108.59,107.0,107.01,5285070,569769161.11
20260311095500000,107.0,107.93,106.33,106.4,4731281,506203879.26
20260311100000000,106.34,106.51,105.89,106.07,4018799,426438902.38
20260311100500000,106.13,106.38,105.08,105.27,3076000,324939496.04
20260311101000000,105.33,106.15,105.03,105.08,2394964,252785566.68
20260311101500000,105.08,105.87,105.08,105.41,1956604,206243639.16
20260311102000000,105.39,105.93,105.22,105.42,1645300,173586476.49
20260311102500000,105.34,105.65,105.18,105.65,1517984,160045730.46
20260311103000000,105.65,106.51,105.49,105.54,1597800,169439651.6
20260311103500000,105.57,105.93,105.11,105.6,1094600,115419331.78
20260311104000000,105.67,105.96,105.14,105.9,862000,90972394.0
20260311104500000,105.86,106.87,105.75,106.78,978269,103947428.58
20260311105000000,106.9,106.9,105.8,105.92,940700,100126217.0
20260311105500000,105.94,106.07,105.71,106.07,852600,90419446.0
20260311110000000,106.02,106.21,105.51,105.72,1418900,150286433.0
20260311110500000,105.5,105.71,105.23,105.23,1242800,130964244.0
20260311111000000,105.2,105.37,105.0,105.03,1718946,180713768.78
20260311111500000,105.05,105.29,104.65,104.8,1176344,123511671.48
20260311112000000,104.8,104.87,104.44,104.45,1134666,118706400.04
20260311112500000,104.43,105.29,104.3,105.27,930200,97404248.0
20260311113000000,105.21,105.29,104.91,105.18,679900,71427256.0
20260311130500000,105.18,105.58,104.69,105.13,1441676,151456255.16
20260311131000000,105.13,105.42,104.92,105.2,583400,61352647.0
20260311131500000,105.17,105.25,104.78,104.85,863400,90614944.0
20260311132000000,104.83,104.86,104.55,104.63,968774,101425838.31
20260311132500000,104.63,105.0,104.49,104.56,1255200,131416865.0
20260311133000000,104.53,104.88,104.36,104.68,866500,90583361.0
20260311133500000,104.55,104.84,104.4,104.58,1410500,147519884.0
20260311134000000,104.54,104.62,104.16,104.28,1182700,123380953.84
20260311134500000,104.38,104.77,104.27,104.36,704000,73569253.0
20260311135000000,104.3,104.51,104.04,104.29,1278859,133251188.36
20260311135500000,104.25,104.25,103.73,104.2,1992100,207073228.0
20260311140000000,104.13,104.69,104.09,104.61,1296100,135396190.4
20260311140500000,104.61,104.64,104.0,104.15,946500,98716277.0
20260311141000000,104.1,104.23,103.87,103.93,793800,82541994.0
20260311141500000,103.89,104.11,103.81,103.98,941638,97899118.78
20260311142000000,103.99,104.51,103.91,104.01,1150500,119846264.0
20260311142500000,104.01,104.14,103.88,104.0,965800,100426529.0
20260311143000000,104.0,104.61,103.9,104.61,1374000,143319724.0
20260311143500000,104.61,104.71,104.24,104.52,1261050,131793129.75
20260311144000000,104.52,104.52,103.98,104.42,1389200,144781505.0
20260311144500000,104.42,104.48,104.09,104.41,1352600,140988470.69
20260311145000000,104.4,104.58,104.2,104.5,1448900,151179733.84
20260311145500000,104.44,104.95,104.29,104.86,1616527,168985570.86
20260311150000000,104.85,105.2,104.76,104.8,1508390,158172560.89
20260312093500000,106.09,106.32,104.02,104.02,7110763,751503251.44
20260312094000000,104.05,105.32,104.05,104.4,2661879,278346236.18
20260312094500000,104.39,105.74,103.61,105.4,2496699,261252955.45
20260312095000000,105.4,107.45,105.2,106.63,5380766,573867149.51
20260312095500000,106.49,106.63,105.54,105.56,2108300,223464224.85
20260312100000000,105.57,105.63,104.52,105.07,1647900,173141412.0
20260312100500000,105.07,105.07,103.24,103.64,2373201,247015917.66
20260312101000000,103.7,104.13,103.01,103.05,1659697,171787003.86
20260312101500000,103.04,104.15,102.82,103.62,1675738,173086131.56
20260312102000000,103.62,104.03,103.15,103.6,1145162,118740615.5
20260312102500000,103.49,103.57,102.68,102.99,1446000,148896147.0
20260312103000000,102.99,103.19,102.84,103.02,734700,75637429.0
20260312103500000,102.88,103.63,102.86,103.16,837669,86371735.52
20260312104000000,103.22,103.23,102.34,102.43,1119117,114884404.62
20260312104500000,102.47,102.94,102.22,102.92,1296000,132783479.0
20260312105000000,102.99,103.22,102.33,102.84,1265406,129941248.64
20260312105500000,102.87,103.0,102.6,102.61,689100,70884305.0
20260312110000000,102.51,103.0,102.45,102.84,618400,63474655.0
20260312110500000,102.85,102.87,102.17,102.2,984200,100932693.0
20260312111000000,102.16,102.6,102.16,102.31,452300,46302459.0
20260312111500000,102.29,102.86,102.26,102.54,472000,48387366.0
20260312112000000,102.5,102.8,102.47,102.63,500800,51401266.0
20260312112500000,102.63,103.28,102.54,102.8,534727,54970072.09
20260312113000000,102.7,103.0,102.57,102.59,430800,44283103.0
20260312130500000,102.53,102.98,102.26,102.88,895484,91785083.16
20260312131000000,102.87,102.87,102.1,102.24,1001900,102579736.0
20260312131500000,102.24,102.34,101.76,101.82,1172600,119508103.0
20260312132000000,101.8,102.15,101.75,101.83,690305,70342488.36
20260312132500000,101.8,101.98,101.22,101.64,1466116,148774118.92
20260312133000000,101.64,101.79,101.5,101.65,724604,73632423.32
20260312133500000,101.66,102.16,101.65,101.69,711300,72480825.0
20260312134000000,101.69,102.2,101.64,101.88,785144,79999866.52
20260312134500000,101.88,103.14,101.88,102.67,1618100,166211670.0
20260312135000000,102.63,103.1,102.31,102.54,491736,50498893.52
20260312135500000,102.58,103.84,102.58,103.84,933000,96280509.0
20260312140000000,103.79,103.79,103.06,103.23,1313800,135944438.35
20260312140500000,103.26,104.42,103.2,104.15,1388759,144282599.87
20260312141000000,104.25,105.18,103.9,104.6,2652990,277477333.57
20260312141500000,104.49,104.49,103.86,103.9,915000,95401553.39
20260312142000000,103.88,104.07,103.77,104.02,690800,71800329.49
20260312142500000,104.0,104.3,103.6,103.79,801000,83309735.0
20260312143000000,103.8,104.01,103.41,103.85,687200,71265871.0
20260312143500000,103.93,104.58,103.64,104.37,1351253,140651837.36
20260312144000000,104.6,104.8,103.83,103.83,1328300,138620189.0
20260312144500000,103.97,104.3,103.88,104.19,1461420,152144950.0
20260312145000000,104.09,105.84,104.04,105.81,4079592,427816951.16
20260312145500000,105.81,108.06,105.41,108.06,6493161,693893380.47
20260312150000000,108.1,109.3,107.5,109.3,5901588,640689191.97
20260313093500000,111.1,118.62,111.1,117.4,24870575,2888052525.38
20260313094000000,117.31,117.36,114.9,115.73,10607188,1231687487.34
20260313094500000,115.85,116.42,115.17,115.7,5634512,652375079.2
20260313095000000,115.67,117.53,115.4,115.89,4564997,532287107.08
20260313095500000,115.89,117.56,115.89,116.96,2509400,293482674.72
20260313100000000,117.08,117.48,115.75,116.0,3435736,400312573.88
20260313100500000,116.15,116.88,115.4,116.7,1948300,225739671.64
20260313101000000,116.7,116.76,114.45,115.11,1894157,218644602.49
20260313101500000,115.12,115.19,113.8,114.01,2488766,284540500.7
20260313102000000,114.04,115.2,114.0,115.1,1427000,163774444.18
20260313102500000,115.1,115.75,114.95,115.16,1051800,121296203.0
20260313103000000,115.16,115.27,114.5,115.2,899000,103305960.1
20260313103500000,115.31,115.69,114.42,114.52,769700,88394978.0
20260313104000000,114.54,114.99,114.44,114.58,740497,84902391.28
20260313104500000,114.65,115.0,114.09,114.24,825075,94441818.25
20260313105000000,114.17,114.17,113.13,113.41,1584500,179990168.0
20260313105500000,113.4,113.5,112.3,112.89,2117600,238513666.0
20260313110000000,112.93,113.5,112.91,113.14,847178,95847500.42
20260313110500000,113.34,113.58,112.8,113.58,594232,67262789.12
20260313111000000,113.57,113.86,113.3,113.71,916000,103971184.0
20260313111500000,113.8,114.24,112.99,113.3,666400,75676350.0
20260313112000000,113.28,113.85,113.03,113.22,500306,56700349.0
20260313112500000,113.24,113.81,113.1,113.62,615700,69865369.0
20260313113000000,113.62,114.0,113.12,113.36,555111,63083029.09
20260313130500000,113.2,114.37,113.05,114.22,1395900,158523099.52
20260313131000000,114.3,114.63,113.41,114.5,1046745,119576427.65
20260313131500000,114.45,114.53,113.88,113.88,610155,69645500.7
20260313132000000,113.88,114.23,113.68,113.73,650401,74136044.0
20260313132500000,113.78,114.16,113.05,113.11,974392,110500787.18
20260313133000000,113.27,113.47,112.7,112.83,1019094,115147041.34
20260313133500000,112.85,113.1,112.69,112.91,900025,101564855.25
20260313134000000,112.76,113.48,112.73,113.39,1036231,117145514.25
20260313134500000,113.37,113.64,113.06,113.53,895599,101478486.79
20260313135000000,113.52,113.92,112.5,113.0,974900,110438400.0
20260313135500000,112.83,113.23,112.83,112.84,585700,66186587.5
20260313140000000,112.85,112.94,112.25,112.6,1025354,115476402.08
20260313140500000,112.57,112.57,111.9,111.94,1568846,175980372.52
20260313141000000,111.99,112.51,111.71,112.3,1524277,170704088.28
20260313141500000,112.29,112.58,112.0,112.0,929029,104361083.37
20260313142000000,111.99,112.4,111.8,111.85,1086763,121707857.07
20260313142500000,111.87,111.98,111.5,111.5,1267327,141589366.65
20260313143000000,111.49,111.52,110.89,110.89,2504100,278477621.0
20260313143500000,111.0,111.5,110.71,110.84,2018718,224090638.74
20260313144000000,110.81,111.12,110.59,110.75,1666700,184638101.38
20260313144500000,110.92,111.28,110.67,110.67,1697200,188283448.23
20260313145000000,110.62,110.64,110.14,110.46,2211049,244144748.55
20260313145500000,110.47,111.05,110.47,110.73,2024200,224341326.74
20260313150000000,110.73,111.1,110.49,110.93,2126123,235710776.82
20260316093500000,112.71,114.77,112.41,113.2,10699066,1212988297.75
20260316094000000,113.06,113.15,111.21,112.51,4780357,537010074.59
20260316094500000,112.54,112.96,111.66,112.09,2888963,324621644.79
20260316095000000,111.96,116.07,111.86,116.0,6266237,719380784.48
20260316095500000,116.01,116.87,115.39,116.69,6890015,800942980.39
20260316100000000,116.73,117.28,115.46,115.64,3343358,389086039.38
20260316100500000,115.71,115.87,113.41,113.62,2275290,260943128.16
20260316101000000,113.71,113.99,112.88,113.01,2374900,269334890.0
20260316101500000,113.02,113.67,112.85,113.53,1129004,127927722.76
20260316102000000,113.53,114.2,113.39,114.0,1129200,128478960.0
20260316102500000,114.0,114.36,113.43,113.44,1021000,116324321.0
20260316103000000,113.5,114.39,113.5,114.3,699500,79670410.0
20260316103500000,114.33,114.5,113.6,113.92,1369799,156143897.73
20260316104000000,114.0,114.87,113.76,114.52,736900,84257877.5
20260316104500000,114.6,115.18,114.36,115.15,909650,104430175.0
20260316105000000,115.02,115.11,113.88,114.49,876418,100288244.0
20260316105500000,114.5,114.93,114.36,114.85,653713,74907483.98
20260316110000000,114.86,114.98,114.15,114.36,636100,72821389.0
20260316110500000,114.31,114.5,114.2,114.47,330000,37719192.0
20260316111000000,114.39,115.33,114.37,114.75,785574,90206856.0
20260316111500000,114.78,115.32,114.4,115.21,639100,73450635.28
20260316112000000,115.17,115.17,114.0,114.22,718500,82358037.0
20260316112500000,114.15,114.45,113.91,114.45,564978,64451844.84
20260316113000000,114.45,114.92,114.43,114.73,428600,49177017.0
20260316130500000,114.68,115.64,114.11,115.45,1188300,136500399.0
20260316131000000,115.44,117.28,115.28,116.34,3092900,360608357.0
20260316131500000,116.39,118.3,116.39,117.02,3024000,356026892.16
20260316132000000,117.0,118.5,117.0,118.4,1723800,203179776.16
20260316132500000,118.39,118.79,117.77,118.56,1809800,214004153.0
20260316133000000,118.53,119.75,118.4,119.21,2828750,337312285.0
20260316133500000,119.22,119.85,118.78,118.86,1782100,212666406.08
20260316134000000,118.83,119.84,118.36,119.79,1287900,153480145.0
20260316134500000,119.8,120.0,119.52,119.53,1514485,181532863.34
20260316135000000,119.51,119.53,118.37,118.92,872700,103720153.0
20260316135500000,118.88,120.05,118.87,120.05,1561200,186923052.6
20260316140000000,120.0,120.35,119.49,119.53,1349500,161897728.0
20260316140500000,119.53,119.53,118.74,118.78,755500,89862534.0
20260316141000000,118.76,118.98,118.5,118.98,775300,92024766.0
20260316141500000,118.97,118.98,118.72,118.76,657000,78081372.0
20260316142000000,118.75,119.38,118.75,119.17,667700,79479086.0
20260316142500000,119.17,119.76,119.17,119.26,756526,90330594.54
20260316143000000,119.24,119.34,118.72,118.72,688600,81973265.52
20260316143500000,118.7,118.74,118.18,118.3,1164600,137831487.0
20260316144000000,118.31,118.32,117.75,118.22,1077200,127120906.0
20260316144500000,118.18,118.34,117.97,118.3,1237188,146150079.45
20260316145000000,118.33,118.33,117.69,117.85,1198500,141368453.49
20260316145500000,117.82,118.6,117.81,118.46,1591728,188113338.3
20260316150000000,118.45,119.5,118.36,119.0,2513407,298980306.18
20260317093500000,117.0,117.0,113.96,114.7,10756318,1241368016.56
20260317094000000,114.53,114.66,112.53,113.24,7308118,830701068.83
20260317094500000,113.22,113.22,109.6,109.72,10189954,1131450694.58
20260317095000000,109.93,110.71,109.26,110.24,6390473,703198185.89
20260317095500000,110.03,113.24,110.0,112.46,5758761,644702320.07
20260317100000000,112.42,112.71,111.14,112.42,2749100,308076246.81
20260317100500000,112.32,112.39,111.05,111.33,2014329,224798787.11
20260317101000000,111.5,112.62,111.5,112.08,1262900,141765056.0
20260317101500000,112.08,112.42,111.33,111.86,1463000,163364758.0
20260317102000000,111.88,112.97,111.5,112.74,1352100,151610739.0
20260317102500000,112.79,112.99,111.88,112.0,1220200,137197548.92
20260317103000000,112.02,112.17,111.02,111.34,1330079,148171811.13
20260317103500000,111.34,113.26,111.34,113.26,997600,112098128.0
20260317104000000,113.25,113.44,112.41,112.66,1501500,169518807.36
20260317104500000,112.65,113.2,112.45,112.65,647700,73086805.0
20260317105000000,112.72,112.86,111.61,111.79,662800,74415419.08
20260317105500000,111.8,111.85,111.4,111.53,782000,87276760.4
20260317110000000,111.53,112.35,111.17,111.18,878257,98050366.28
20260317110500000,111.17,111.27,110.35,110.54,1424275,157721014.54
20260317111000000,110.5,110.65,110.13,110.36,1486207,164059091.5
20260317111500000,110.4,110.6,110.14,110.37,1224703,135183518.9
20260317112000000,110.4,110.52,109.9,109.9,1855700,204531931.8
20260317112500000,109.88,109.99,109.71,109.97,803325,88251634.0
20260317113000000,109.94,110.5,109.7,110.32,910475,100238607.45
20260317130500000,110.34,113.65,110.01,113.22,2219268,248237409.36
20260317131000000,113.4,114.0,112.3,112.85,2013000,228282844.0
20260317131500000,112.8,113.02,112.42,112.63,1007704,113598474.86
20260317132000000,112.63,113.4,112.6,112.76,764600,86332434.0
20260317132500000,112.65,112.66,111.94,112.16,832313,93445229.21
20260317133000000,112.19,112.19,111.69,111.69,951300,106484465.0
20260317133500000,111.74,111.74,111.2,111.32,1007100,112228572.0
20260317134000000,111.34,111.46,111.0,111.37,813300,90446516.0
20260317134500000,111.22,111.57,110.9,111.57,849500,94465422.0
20260317135000000,111.56,111.64,111.4,111.53,411300,45872348.0
20260317135500000,111.6,111.97,111.4,111.76,508400,56713513.0
20260317140000000,111.76,111.84,111.0,111.01,552000,61525481.0
20260317140500000,111.0,111.19,110.63,110.8,741700,82252275.88
20260317141000000,110.65,110.95,110.3,110.92,1219856,134893110.92
20260317141500000,110.93,110.93,110.3,110.49,795000,87862193.0
20260317142000000,110.4,110.68,109.8,109.93,1534400,169071469.0
20260317142500000,110.01,110.32,109.42,109.42,2184200,239815861.0
20260317143000000,109.42,109.88,109.25,109.76,2011979,220136115.96
20260317143500000,109.73,109.73,109.3,109.51,1233536,135130166.92
20260317144000000,109.51,109.77,109.01,109.35,1372800,150158391.0
20260317144500000,109.35,109.76,109.0,109.1,2557500,279578663.0
20260317145000000,109.19,110.36,109.19,109.7,1746662,191691359.9
20260317145500000,109.68,109.68,108.92,109.16,2207678,241073625.8
20260317150000000,109.16,109.71,109.01,109.71,2739557,299822262.72
20260318093500000,111.93,113.8,109.92,109.92,11070266,1244120789.06
20260318094000000,109.88,110.75,108.96,110.35,4734828,519843571.58
20260318094500000,110.51,111.06,110.04,110.47,2957809,327145696.56
20260318095000000,110.41,110.47,108.5,108.5,3432540,375326675.92
20260318095500000,108.31,108.89,107.38,107.9,4533963,489867045.8
20260318100000000,107.84,107.89,106.44,106.49,4744508,507033194.0
20260318100500000,106.74,107.48,106.56,106.56,3193200,342076473.95
20260318101000000,106.56,106.98,106.03,106.37,3985800,424253191.12
20260318101500000,106.45,106.54,105.0,105.0,7166989,757706561.4
20260318102000000,104.96,105.77,104.52,105.6,7544732,793328002.86
20260318102500000,105.55,106.02,104.91,105.68,4986000,525980202.91
20260318103000000,105.63,105.84,103.1,103.28,7551096,785149288.77
20260318103500000,103.35,104.52,103.19,104.35,4317016,447738873.96
20260318104000000,104.35,105.21,103.98,103.98,2350207,245538133.02
20260318104500000,103.98,106.64,103.9,105.99,2255958,238986664.01
20260318105000000,105.99,106.52,105.76,106.14,1526100,162079630.0
20260318105500000,106.16,106.35,104.95,104.95,1065700,112788954.0
20260318110000000,104.95,105.06,103.73,104.31,1837178,191650940.06
20260318110500000,104.26,104.99,103.8,104.09,1707301,178185724.01
20260318111000000,104.01,104.32,103.58,104.22,1210229,125778352.25
20260318111500000,104.19,105.29,103.89,104.04,1895700,198234467.87
20260318112000000,104.06,104.44,103.67,103.99,1052402,109435015.8
20260318112500000,103.97,104.39,103.74,103.92,1041200,108250869.4
20260318113000000,103.88,103.95,102.97,103.2,2022400,208989170.0
20260318130500000,102.55,105.3,102.55,104.56,3678200,382860591.6
20260318131000000,104.56,104.56,102.58,102.58,1540000,159498042.0
20260318131500000,102.53,102.76,102.13,102.39,2937206,301018107.86
20260318132000000,102.3,103.31,102.13,103.31,3111294,318856234.84
20260318132500000,103.3,103.3,102.3,102.41,2024900,207843112.0
20260318133000000,102.5,102.86,102.4,102.42,1193000,122425215.0
20260318133500000,102.41,103.23,101.9,102.11,2203499,225506170.96
20260318134000000,102.11,103.8,102.1,103.77,1832306,188700997.26
20260318134500000,103.77,104.31,103.69,104.16,1289000,133917026.0
20260318135000000,104.15,104.69,104.12,104.37,1154299,120530150.6
20260318135500000,104.3,104.88,104.19,104.83,1107422,115756657.2
20260318140000000,104.77,105.41,104.59,105.39,1409458,148002551.58
20260318140500000,105.41,106.49,105.41,106.25,2194536,232601470.48
20260318141000000,106.42,107.21,105.79,106.98,2326814,247980864.04
20260318141500000,107.0,107.35,106.79,106.9,1920100,205563400.05
20260318142000000,106.9,107.7,106.9,107.55,2336239,250865208.6
20260318142500000,107.66,107.94,107.33,107.78,1802800,194081771.0
20260318143000000,107.78,108.27,107.63,107.89,1773000,191412525.0
20260318143500000,107.9,109.29,107.71,109.12,2655002,287423675.52
20260318144000000,109.2,109.2,107.94,108.07,2864700,311220099.0
20260318144500000,108.11,108.5,107.75,107.99,2928534,316798495.34
20260318145000000,107.88,108.02,107.68,107.98,1323600,142794264.0
20260318145500000,107.88,107.88,107.4,107.4,1629666,175341978.35
20260318150000000,107.49,107.6,107.3,107.38,1843915,198070818.17
20260319093500000,104.0,108.56,104.0,107.67,11298480,1210323741.81
20260319094000000,107.69,109.32,107.69,108.8,6268509,682189618.77
20260319094500000,108.8,110.88,108.28,110.28,5738997,629264836.96
20260319095000000,110.22,111.27,109.66,110.84,4950500,546905805.76
20260319095500000,110.9,111.1,110.15,110.17,2713700,300358912.65
20260319100000000,110.37,110.96,109.76,109.93,2098291,231442472.02
20260319100500000,110.04,111.7,110.04,111.08,3024400,336088859.54
20260319101000000,111.08,111.08,110.1,110.56,1590160,175561805.2
20260319101500000,110.39,111.18,110.39,110.6,1694654,187867532.63
20260319102000000,110.6,111.48,110.21,111.04,1638515,181726009.0
20260319102500000,111.24,111.48,110.22,110.3,1030500,114091059.0
20260319103000000,110.31,111.23,110.0,111.23,1237200,136553805.0
20260319103500000,111.3,113.11,111.26,112.73,4516203,507765036.29
20260319104000000,112.78,112.98,112.62,112.92,1408713,158933469.76
20260319104500000,112.91,114.09,112.91,113.47,4797566,544920304.57
20260319105000000,113.42,113.82,112.68,112.75,1017000,115194851.54
20260319105500000,112.73,113.52,112.72,112.75,540199,61058822.11
20260319110000000,112.75,112.86,112.0,112.4,1091700,122472390.0
20260319110500000,112.48,113.34,112.41,113.34,604177,68295260.01
20260319111000000,113.34,113.89,113.12,113.88,694000,78779461.0
20260319111500000,113.88,114.08,113.52,113.53,1274400,145047423.0
20260319112000000,113.49,114.1,113.01,113.84,1141700,129849489.64
20260319112500000,113.84,114.0,113.3,113.32,672800,76459031.0
20260319113000000,113.34,113.48,113.13,113.16,498300,56442752.6
20260319130500000,113.16,114.0,112.75,113.51,1711900,194056958.0
20260319131000000,113.4,114.06,113.3,113.3,802100,91276078.1
20260319131500000,113.3,113.3,112.51,112.98,1247300,140716639.0
20260319132000000,112.91,113.3,112.5,113.3,1338600,150987256.0
20260319132500000,113.31,113.42,112.69,112.74,545826,61662346.06
20260319133000000,112.7,112.73,112.11,112.33,915810,102879758.2
20260319133500000,112.33,112.88,112.28,112.6,620486,69837759.64
20260319134000000,112.58,112.82,112.33,112.66,640100,71982903.0
20260319134500000,112.63,112.64,112.27,112.27,499987,56248953.72
20260319135000000,112.24,112.44,112.22,112.26,428500,48139305.88
20260319135500000,112.25,112.6,111.88,112.24,970400,108862362.0
20260319140000000,112.24,112.62,112.1,112.35,453300,50944078.0
20260319140500000,112.21,112.36,111.6,112.36,786100,88020610.0
20260319141000000,112.35,113.1,112.07,112.82,880000,98967114.0
20260319141500000,112.82,113.0,112.3,112.3,351691,39630939.43
20260319142000000,112.25,112.48,112.25,112.3,416100,46765411.0
20260319142500000,112.19,112.49,111.83,111.83,669500,75100753.77
20260319143000000,111.83,111.83,111.54,111.67,827900,92443383.0
20260319143500000,111.7,111.96,111.35,111.41,779860,87018875.2
20260319144000000,111.41,111.8,111.29,111.78,956500,106589644.0
20260319144500000,111.78,111.78,111.12,111.13,892300,99493560.0
20260319145000000,111.11,111.36,110.91,111.35,1666000,185171853.0
20260319145500000,111.35,111.72,111.22,111.72,1292300,144084019.0
20260319150000000,111.76,111.9,111.72,111.72,1483423,165784632.56
20260320093500000,117.06,117.06,114.11,114.83,17672686,2051188110.92
20260320094000000,114.81,117.28,114.53,116.81,6988324,813508926.02
20260320094500000,116.87,117.05,115.84,117.05,4687280,545903132.28
20260320095000000,117.0,119.35,117.0,118.2,8118554,962372177.68
20260320095500000,118.03,118.18,116.58,116.8,4358500,512014070.73
20260320100000000,116.8,117.81,116.0,117.59,2287900,266902920.0
20260320100500000,117.59,118.8,117.4,118.4,2828800,334495444.0
20260320101000000,118.41,118.88,118.08,118.27,1939200,229835626.97
20260320101500000,118.27,119.2,117.72,117.72,2624300,311486645.0
20260320102000000,117.7,119.07,117.27,118.99,2272415,268525413.49
20260320102500000,118.99,119.45,118.66,118.97,2655900,316446116.0
20260320103000000,118.98,119.51,118.85,119.13,1710110,203780820.3
20260320103500000,119.08,119.13,118.6,119.01,1130290,134458052.7
20260320104000000,119.01,119.21,117.99,118.0,988500,117041996.0
20260320104500000,118.1,118.73,117.46,118.2,1414600,167054468.82
20260320105000000,118.08,118.22,117.65,118.0,877100,103468997.0
20260320105500000,118.0,118.5,117.6,117.6,769500,90813283.0
20260320110000000,117.56,117.56,117.01,117.12,1552600,182036680.0
20260320110500000,117.17,117.48,116.69,116.8,1310000,153254897.93
20260320111000000,116.8,117.05,116.4,116.92,1204800,140634535.0
20260320111500000,116.84,117.07,116.2,117.07,1375607,160387642.72
20260320112000000,117.11,117.48,116.81,117.45,846177,99207234.0
20260320112500000,117.41,117.48,117.0,117.26,478600,56118731.0
20260320113000000,117.29,117.32,116.0,116.9,1155326,134507536.98
20260320130500000,116.95,117.63,115.89,117.46,2293700,267549808.0
20260320131000000,117.38,118.95,117.1,118.74,1604000,189516440.0
20260320131500000,118.64,118.64,116.88,116.88,1018700,120011046.82
20260320132000000,116.8,116.8,116.38,116.66,988392,115474535.62
20260320132500000,116.66,116.81,116.4,116.74,624438,72784908.0
20260320133000000,116.74,117.65,116.62,117.65,710900,83224323.92
20260320133500000,117.69,117.69,117.0,117.25,751600,88254458.0
20260320134000000,117.25,117.61,116.92,117.0,614193,72008452.77
20260320134500000,117.0,117.0,116.66,116.77,362600,42371932.98
20260320135000000,116.66,116.66,116.3,116.56,546400,63607842.12
20260320135500000,116.6,116.93,116.34,116.51,427100,49773633.0
20260320140000000,116.4,116.72,116.23,116.68,489200,56974971.82
20260320140500000,116.66,116.88,116.31,116.45,546600,63698087.0
20260320141000000,116.43,116.85,116.37,116.42,433700,50553526.0
20260320141500000,116.41,116.72,116.3,116.56,572489,66666545.38
20260320142000000,116.51,116.89,116.3,116.89,680836,79338762.42
20260320142500000,116.76,116.98,116.17,116.97,713900,83321421.26
20260320143000000,116.97,117.02,116.78,116.86,730300,85368785.0
20260320143500000,116.87,116.93,116.01,116.38,835200,97136082.34
20260320144000000,116.26,116.6,115.99,116.5,1374924,159867936.0
20260320144500000,116.34,116.43,116.01,116.08,789600,91730470.88
20260320145000000,116.05,116.33,116.02,116.12,1116400,129654779.0
20260320145500000,116.11,116.24,115.68,116.24,1592422,184630348.12
20260320150000000,116.29,116.29,115.8,116.06,1796947,208558242.88
20260323093500000,110.27,111.02,109.21,110.8,9928310,1093275009.88
20260323094000000,110.75,110.75,109.58,110.23,6146715,676848654.3
20260323094500000,110.05,111.3,109.59,110.97,3876914,427890767.94
20260323095000000,110.85,111.13,109.73,110.01,3427541,378350494.63
20260323095500000,110.0,111.21,109.92,110.99,1713500,189407159.8
20260323100000000,111.09,112.04,110.88,111.85,1852200,206649987.26
20260323100500000,111.82,113.4,111.72,113.31,2306800,259569078.0
20260323101000000,113.28,113.84,112.77,113.67,2644704,299596235.98
20260323101500000,113.5,113.78,111.68,111.68,1190000,134061330.0
20260323102000000,111.62,112.85,111.61,112.8,821160,92017398.66
20260323102500000,112.73,112.8,112.12,112.23,583200,65640725.24
20260323103000000,112.0,112.12,111.3,111.3,887600,99149956.03
20260323103500000,111.25,111.35,110.5,110.52,1389300,154088681.0
20260323104000000,110.68,111.02,110.5,110.82,1526200,169192417.0
20260323104500000,110.82,111.97,110.82,111.89,1275300,141705580.0
20260323105000000,111.9,111.9,111.04,111.15,761700,84865153.0
20260323105500000,111.15,111.25,110.53,110.53,674200,74782963.0
20260323110000000,110.55,111.0,110.04,110.04,887310,98112160.3
20260323110500000,110.03,110.44,109.86,110.44,1195400,131639073.0
20260323111000000,110.43,110.45,109.5,109.51,1179600,129517422.0
20260323111500000,109.43,109.43,108.78,108.92,2373460,258669359.2
20260323112000000,108.92,109.16,108.61,108.71,1411700,153647143.0
20260323112500000,108.77,108.85,108.1,108.13,1472609,159678461.72
20260323113000000,108.14,108.18,108.0,108.01,1288412,139258095.54
20260323130500000,107.98,109.28,107.85,108.97,1938400,210194940.8
20260323131000000,108.96,108.96,107.99,107.99,1211100,131179381.0
20260323131500000,108.09,108.5,107.66,108.14,1253800,135404398.0
20260323132000000,108.08,108.13,107.19,107.25,1420300,152668667.0
20260323132500000,107.18,107.41,106.91,107.26,1127403,120780376.24
20260323133000000,107.3,107.3,106.51,106.51,1389992,148521959.08
20260323133500000,106.62,107.67,106.62,107.51,1182600,126665153.0
20260323134000000,107.5,107.8,107.17,107.31,1251900,134519805.0
20260323134500000,107.3,107.3,106.66,106.66,1050000,112312463.0
20260323135000000,106.65,106.93,106.46,106.6,797200,85012436.4
20260323135500000,106.57,106.99,106.3,106.66,1091200,116315751.0
20260323140000000,106.65,107.52,106.64,107.08,1181100,126484996.0
20260323140500000,107.01,107.01,106.1,106.1,881700,93975487.0
20260323141000000,106.08,106.21,105.67,105.91,1914700,202837747.0
20260323141500000,105.7,105.7,105.01,105.25,2262874,238398753.1
20260323142000000,105.32,105.99,105.3,105.77,1059600,112021851.0
20260323142500000,105.78,106.0,105.11,105.91,1336400,140967895.0
20260323143000000,105.86,106.5,105.59,106.0,1817800,193015227.0
20260323143500000,105.75,105.99,105.59,105.67,895500,94743778.0
20260323144000000,105.63,105.96,105.55,105.96,1079300,114107387.0
20260323144500000,105.9,106.0,105.58,105.61,1103400,116672359.0
20260323145000000,105.61,105.61,105.15,105.15,1693700,178441908.01
20260323145500000,105.33,105.59,104.92,104.97,2118800,223085133.0
20260323150000000,105.06,105.29,105.06,105.23,1465316,154125625.68
20260324093500000,108.3,108.3,104.88,104.94,6454800,687591089.93
20260324094000000,104.76,104.89,103.18,103.3,5545906,577508177.83
20260324094500000,103.26,103.62,102.5,103.16,6025488,621352429.04
20260324095000000,103.19,105.26,103.19,105.26,3354600,349903853.0
20260324095500000,105.2,106.2,104.81,104.81,2768100,292061130.0
20260324100000000,104.78,105.28,103.69,103.69,1686900,176043252.0
20260324100500000,103.68,103.75,102.11,102.11,3555978,366088034.0
20260324101000000,102.13,103.11,102.04,102.96,3010391,308499221.01
20260324101500000,103.01,103.56,102.05,102.05,1544258,158708769.26
20260324102000000,102.08,102.39,101.76,102.39,1883565,192046904.72
20260324102500000,102.36,103.64,102.36,103.4,1153017,118912183.95
20260324103000000,103.36,104.52,103.2,104.52,1041724,108070118.0
20260324103500000,104.52,105.58,104.37,104.92,1350400,141889161.12
20260324104000000,104.86,105.06,104.43,105.02,678500,71079833.0
20260324104500000,104.89,105.76,104.38,105.76,889511,93435561.3
20260324105000000,105.8,105.8,105.17,105.17,1088300,114738735.67
20260324105500000,105.22,105.46,104.98,105.4,717189,75436623.45
20260324110000000,105.41,105.44,104.99,105.28,659100,69376838.0
20260324110500000,105.28,105.38,105.0,105.33,466000,49015889.24
20260324111000000,105.3,105.68,104.8,104.86,721800,75933303.54
20260324111500000,104.81,105.06,104.5,104.78,437846,45875331.4
20260324112000000,104.77,105.15,104.65,104.65,315000,33046593.0
20260324112500000,104.73,105.23,104.71,105.04,336000,35274543.68
20260324113000000,105.06,105.4,104.74,105.4,445603,46778464.03
20260324130500000,105.4,105.48,104.77,104.8,1101197,115808463.92
20260324131000000,104.79,104.79,103.67,103.67,986000,102841189.0
20260324131500000,103.73,104.0,103.56,103.56,611900,63514096.0
20260324132000000,103.5,103.73,103.21,103.4,777600,80462389.0
20260324132500000,103.35,103.68,103.32,103.45,828021,85741796.5
20260324133000000,103.45,103.45,103.02,103.18,772403,79744971.15
20260324133500000,103.16,104.42,103.16,104.33,501099,52030565.78
20260324134000000,104.38,104.81,104.1,104.66,555300,58046151.0
20260324134500000,104.66,104.66,104.06,104.11,391300,40865038.0
20260324135000000,104.16,104.47,104.09,104.23,326200,34004367.0
20260324135500000,104.2,104.34,104.01,104.01,470600,49022389.0
20260324140000000,103.98,104.65,103.88,104.49,338851,35342548.45
20260324140500000,104.47,104.7,104.4,104.7,282100,29489024.0
20260324141000000,104.7,104.9,104.54,104.81,416200,43581095.0
20260324141500000,104.81,105.41,104.73,105.36,686900,72204864.0
20260324142000000,105.35,105.88,105.19,105.59,1006700,106248468.0
20260324142500000,105.6,106.27,105.58,106.17,1571015,166611355.4
20260324143000000,106.15,107.07,105.99,106.88,1575700,167909304.6
20260324143500000,106.88,107.31,106.77,107.26,1330800,142548360.0
20260324144000000,107.25,107.86,106.87,106.87,1784100,191959434.0
20260324144500000,106.84,107.26,106.6,107.26,1030100,110227451.0
20260324145000000,107.24,107.74,106.98,107.14,1482300,159216749.92
20260324145500000,107.11,107.84,107.04,107.55,1272022,136815405.0
20260324150000000,107.7,108.29,107.52,107.52,2122500,228818445.0
20260325093500000,113.9,114.57,111.97,112.0,16024369,1820554652.56
20260325094000000,112.0,113.47,111.77,112.96,5115100,576475249.08
20260325094500000,112.88,112.96,112.0,112.09,3112700,349973404.57
20260325095000000,112.06,112.06,111.0,111.59,3047684,340080723.44
20260325095500000,111.55,111.55,110.5,110.89,2325311,258028186.7
20260325100000000,110.82,111.65,110.46,111.57,1987101,220348802.38
20260325100500000,111.52,113.26,111.25,112.9,3416210,384114087.0
20260325101000000,112.8,112.9,112.17,112.62,1335771,150497261.07
20260325101500000,112.45,113.34,111.85,112.97,1499229,168794759.09
20260325102000000,112.97,113.0,112.32,112.95,933238,105266940.0
20260325102500000,113.08,113.12,112.56,112.98,938700,105921091.0
20260325103000000,112.95,113.21,112.5,113.19,1214300,137188760.0
20260325103500000,113.24,113.24,112.25,112.32,706200,79597490.0
20260325104000000,112.24,112.29,111.52,111.53,1212742,135662562.76
20260325104500000,111.51,111.88,111.28,111.88,1628400,181734631.0
20260325105000000,111.88,112.76,111.7,112.6,1507400,169146084.0
20260325105500000,112.58,113.09,111.81,112.01,1172466,131910053.66
20260325110000000,111.9,112.19,111.59,111.8,662700,74131025.0
20260325110500000,111.6,111.79,110.59,110.6,1303700,144645871.7
20260325111000000,110.63,110.66,110.11,110.32,1406600,155401338.0
20260325111500000,110.34,110.55,109.8,109.82,1331200,146669074.0
20260325112000000,109.8,109.9,109.5,109.72,788700,86467861.18
20260325112500000,109.7,109.7,109.0,109.07,1114727,121772924.78
20260325113000000,109.08,109.32,109.08,109.24,917300,100191116.0
20260325130500000,109.28,109.85,109.28,109.83,1155259,126536750.81
20260325131000000,109.84,109.84,109.1,109.21,594400,65035659.0
20260325131500000,109.21,110.2,109.2,109.9,908300,99705755.0
20260325132000000,109.98,110.58,109.89,110.38,883900,97513124.0
20260325132500000,110.32,110.96,110.14,110.75,870600,96277620.0
20260325133000000,110.74,111.0,110.45,110.88,717800,79522586.0
20260325133500000,110.87,110.87,109.6,109.6,588200,64761438.0
20260325134000000,109.7,109.9,109.5,109.74,701862,76954621.38
20260325134500000,109.75,110.0,109.66,109.74,927700,101886152.0
20260325135000000,109.74,109.78,109.37,109.49,1088000,119209256.0
20260325135500000,109.47,109.65,108.99,108.99,1340900,146378414.08
20260325140000000,109.0,109.46,108.99,109.13,1006100,109868623.0
20260325140500000,109.16,109.33,108.8,109.13,1049643,114523376.59
20260325141000000,109.12,109.12,108.58,108.75,849700,92478848.0
20260325141500000,108.6,108.9,108.23,108.25,1505300,163412004.0
20260325142000000,108.23,108.53,108.22,108.53,1069620,115950349.88
20260325142500000,108.54,108.74,108.31,108.38,919100,99763820.0
20260325143000000,108.37,108.39,108.0,108.04,1856700,200844737.24
20260325143500000,108.04,108.16,107.86,108.02,1503798,162451692.36
20260325144000000,107.98,108.18,107.8,108.07,1453039,156904008.44
20260325144500000,108.1,108.2,107.89,108.1,1288753,139249997.75
20260325145000000,108.1,108.13,107.89,107.9,1428000,154234689.0
20260325145500000,107.9,108.16,107.9,108.11,1464121,158233607.94
20260325150000000,108.12,108.26,108.09,108.21,1345619,145577870.25
20260326093500000,107.29,107.29,106.41,107.28,9476574,1012655812.42
20260326094000000,107.44,108.01,106.54,107.97,4007800,429973446.1
20260326094500000,107.76,108.46,106.95,107.09,2680900,289046046.0
20260326095000000,107.0,107.32,106.47,106.93,2397700,256360990.0
20260326095500000,106.91,107.4,106.79,107.4,1256910,134530649.2
20260326100000000,107.42,108.37,107.4,108.37,1243046,133904713.0
20260326100500000,108.36,108.4,107.3,107.33,1513325,163327258.62
20260326101000000,107.42,107.92,107.41,107.64,956116,102944511.12
20260326101500000,107.57,107.91,107.45,107.56,839700,90458875.0
20260326102000000,107.57,107.69,107.27,107.45,670500,72051800.0
20260326102500000,107.4,107.4,106.68,106.69,1086000,116205735.85
20260326103000000,106.71,106.98,106.5,106.56,846100,90298760.0
20260326103500000,106.58,106.97,106.3,106.35,849100,90468229.0
20260326104000000,106.33,106.54,106.24,106.38,733533,78014387.57
20260326104500000,106.38,106.92,106.38,106.87,1699700,181103148.0
20260326105000000,106.9,107.64,106.64,107.29,1803000,192991641.0
20260326105500000,107.29,107.94,107.27,107.6,968400,104155135.0
20260326110000000,107.58,107.58,106.74,107.03,651300,69846805.0
20260326110500000,106.99,107.7,106.6,107.7,1278100,136757833.0
20260326111000000,107.73,108.55,107.54,107.97,1533100,165729624.0
20260326111500000,107.97,109.29,107.86,109.17,2036407,221395053.51
20260326112000000,109.16,109.3,108.53,108.71,1876200,204259448.0
20260326112500000,108.74,108.78,108.1,108.69,1271100,138009542.0
20260326113000000,108.69,108.69,107.82,107.89,795603,86156837.4
20260326130500000,107.7,107.8,106.56,106.62,965700,103302129.0
20260326131000000,106.63,106.65,105.75,106.08,1560600,165720460.72
20260326131500000,106.08,106.46,105.92,106.04,980500,104141636.04
20260326132000000,106.16,106.36,105.81,105.88,1033300,109547515.84
20260326132500000,105.87,105.87,104.91,105.2,1701677,179030360.3
20260326133000000,105.18,105.18,104.41,104.71,1992523,208515768.93
20260326133500000,104.71,105.16,104.7,104.99,843000,88443957.54
20260326134000000,105.02,105.04,104.75,104.85,784500,82298739.0
20260326134500000,104.84,105.33,104.79,105.12,679700,71461724.0
20260326135000000,105.15,105.19,104.88,105.02,720200,75642850.0
20260326135500000,105.05,105.13,104.8,104.98,415200,43595397.0
20260326140000000,104.97,105.07,104.14,104.24,812200,84934823.77
20260326140500000,104.24,104.75,104.2,104.58,786300,82170274.0
20260326141000000,104.6,104.7,104.4,104.45,916600,95865238.0
20260326141500000,104.47,104.78,104.34,104.46,686000,71729586.0
20260326142000000,104.46,104.66,104.28,104.33,509600,53233005.0
20260326142500000,104.3,104.51,104.2,104.24,589000,61460946.0
20260326143000000,104.24,104.36,104.11,104.35,885908,92327728.84
20260326143500000,104.36,104.48,104.02,104.06,1040700,108370499.0
20260326144000000,104.11,104.48,103.94,103.99,902200,93904103.02
20260326144500000,103.99,104.19,103.99,103.99,765318,79619558.64
20260326145000000,103.98,104.36,103.83,104.36,1182574,122981281.9
20260326145500000,104.36,104.99,104.24,104.87,1319352,138209582.8
20260326150000000,104.9,104.91,104.29,104.3,1187494,124039374.68
20260327093500000,100.0,101.0,98.86,100.02,7095988,709876158.41
20260327094000000,100.02,100.79,99.55,99.88,3317115,332492794.07
20260327094500000,99.8,100.6,99.76,99.76,3192700,319598383.0
20260327095000000,99.7,100.37,99.47,100.23,3136004,312588764.81
20260327095500000,100.27,100.64,99.7,100.2,2013000,201792775.0
20260327100000000,100.19,100.91,100.11,100.67,1914000,192396123.8
20260327100500000,100.69,101.04,100.1,100.74,1587118,159641953.98
20260327101000000,100.82,101.29,100.33,100.38,1111900,112102596.0
20260327101500000,100.33,101.56,100.26,101.26,1162382,117337027.54
20260327102000000,101.14,101.21,100.85,100.94,1431618,144624313.38
20260327102500000,100.92,101.43,100.72,101.43,804800,81296545.0
20260327103000000,101.43,102.8,101.43,102.55,1770300,181185733.0
20260327103500000,102.53,102.61,102.01,102.36,992700,101624682.0
20260327104000000,102.37,102.41,101.43,101.46,745884,75940090.56
20260327104500000,101.52,101.64,101.01,101.17,793300,80527214.0
20260327105000000,101.2,101.52,101.09,101.3,929079,94097594.0
20260327105500000,101.3,101.3,100.96,101.0,849143,85871979.12
20260327110000000,100.99,101.2,100.5,100.89,1509607,152067400.57
20260327110500000,100.89,101.26,100.89,101.1,1057200,106870344.09
20260327111000000,101.13,102.25,101.12,102.15,1113200,113416103.0
20260327111500000,102.12,102.61,102.01,102.2,1348100,137978461.0
20260327112000000,102.13,102.25,101.79,101.85,1099900,112253587.0
20260327112500000,101.89,102.15,101.67,102.02,722800,73625763.0
20260327113000000,102.04,102.36,101.87,102.36,935400,95470637.0
20260327130500000,102.55,103.7,102.55,103.02,3547200,365455570.0
20260327131000000,103.01,103.95,103.0,103.68,1050200,108526863.0
20260327131500000,103.76,103.76,103.13,103.13,776000,80225109.0
20260327132000000,103.18,103.52,102.99,103.27,1067000,110001406.0
20260327132500000,103.2,103.39,102.61,102.8,910200,93820617.04
20260327133000000,102.7,102.88,102.37,102.51,807900,82882345.0
20260327133500000,102.55,102.87,102.21,102.22,621400,63742125.0
20260327134000000,102.23,102.65,102.21,102.56,630600,64543301.0
20260327134500000,102.56,102.56,102.08,102.12,560500,57315712.1
20260327135000000,102.12,102.86,102.03,102.5,877079,89814090.74
20260327135500000,102.52,102.72,102.23,102.23,521400,53461563.93
20260327140000000,102.21,102.24,101.99,101.99,719540,73472279.35
20260327140500000,101.98,102.05,101.85,101.95,577354,58857575.2
20260327141000000,101.95,101.98,101.4,101.48,1273265,129515116.05
20260327141500000,101.49,101.94,101.48,101.94,615212,62524116.76
20260327142000000,101.94,102.2,101.8,102.2,722303,73659406.57
20260327142500000,102.2,102.44,102.0,102.24,750600,76731857.0
20260327143000000,102.24,102.24,101.79,101.83,612096,62387432.23
20260327143500000,101.84,102.05,101.77,101.98,470903,47990174.67
20260327144000000,102.0,102.42,101.93,102.19,1018600,104115137.0
20260327144500000,102.26,103.03,102.26,102.7,1517300,155824049.0
20260327145000000,102.75,103.08,102.62,102.85,1462200,150468796.0
20260327145500000,102.84,102.85,102.7,102.76,778596,80025332.4
20260327150000000,102.76,102.95,102.22,102.65,1047360,107560140.4
20260330093500000,100.81,103.08,100.81,102.83,6708827,684886522.88
20260330094000000,102.8,104.4,102.26,102.26,3281284,339482935.41
20260330094500000,102.2,103.59,102.19,102.88,1823900,187851575.16
20260330095000000,102.88,103.55,102.65,102.81,2027800,208876362.92
20260330095500000,102.84,103.13,102.27,102.27,1891800,194588077.04
20260330100000000,102.24,102.8,102.07,102.07,1420100,145402119.09
20260330100500000,102.05,102.05,101.27,101.61,1382846,140500427.89
20260330101000000,101.65,102.15,101.47,102.05,1000100,101819724.0
20260330101500000,101.99,102.29,101.54,101.54,728400,74232110.0
20260330102000000,101.41,102.0,101.38,101.8,765764,77770258.27
20260330102500000,101.79,102.27,101.62,102.11,915100,93280563.0
20260330103000000,102.09,102.7,102.09,102.69,766000,78462646.0
20260330103500000,102.68,103.99,102.6,103.99,1162360,119982252.8
20260330104000000,103.87,104.21,103.43,103.54,1800100,187019163.0
20260330104500000,103.53,103.95,103.43,103.75,1106800,114818458.0
20260330105000000,103.77,104.68,103.66,104.68,1207199,125697743.81
20260330105500000,104.69,106.72,104.63,106.35,3722346,392800285.4
20260330110000000,106.3,106.3,104.98,104.98,1733300,183257213.2
20260330110500000,104.98,105.38,104.8,105.38,1014100,106496817.0
20260330111000000,105.39,106.06,105.37,106.06,1177200,124538157.2
20260330111500000,106.06,106.52,104.9,105.01,1011900,107077338.0
20260330112000000,105.01,105.71,104.88,105.25,674500,70987284.0
20260330112500000,105.33,106.0,105.33,105.74,458600,48499381.0
20260330113000000,105.72,106.4,105.64,106.05,990008,104981836.24
20260330130500000,105.93,106.29,104.7,105.05,944700,99436526.32
20260330131000000,105.0,105.55,104.65,104.69,647200,67916256.0
20260330131500000,104.71,105.2,104.71,104.97,504500,52982208.0
20260330132000000,104.95,105.03,104.7,104.7,364300,38217059.0
20260330132500000,104.71,104.86,104.65,104.7,421100,44100290.0
20260330133000000,104.72,104.9,104.51,104.62,487024,50981805.0
20260330133500000,104.6,105.07,104.45,105.02,514476,53906396.52
20260330134000000,105.11,105.45,104.66,104.69,492600,51725651.0
20260330134500000,104.68,104.69,104.35,104.45,426800,44610816.0
20260330135000000,104.46,105.22,104.46,105.22,390600,40903678.0
20260330135500000,105.15,105.27,104.86,104.89,346600,36439030.0
20260330140000000,104.93,104.97,104.69,104.82,179400,18810726.0
20260330140500000,104.82,105.15,104.73,105.09,330300,34669380.0
20260330141000000,105.1,105.55,104.9,105.43,513000,53974847.0
20260330141500000,105.4,105.59,105.33,105.46,581800,61364953.0
20260330142000000,105.46,105.6,105.2,105.36,445100,46919742.52
20260330142500000,105.36,105.39,105.0,105.01,428100,45046813.0
20260330143000000,105.01,105.47,105.01,105.26,576300,60694172.56
20260330143500000,105.36,105.44,105.0,105.0,468400,49236407.0
20260330144000000,105.0,105.33,105.0,105.03,512000,53818671.0
20260330144500000,105.02,105.2,104.8,105.0,1006881,105686909.72
20260330145000000,105.04,105.11,104.91,105.06,714200,75010697.0
20260330145500000,105.05,105.18,104.93,104.97,962800,101142502.28
20260330150000000,104.96,105.16,104.96,105.0,866602,91040988.0
20260331093500000,102.9,103.11,101.38,103.11,6626426,678637557.54
20260331094000000,103.11,104.1,102.64,102.7,2387200,246553999.8
20260331094500000,102.61,103.48,102.5,102.81,1564900,160938917.0
20260331095000000,102.82,104.0,102.82,104.0,838400,86571137.0
20260331095500000,103.99,104.75,103.8,104.04,1326374,138370521.26
20260331100000000,104.0,105.37,104.0,105.14,1057400,110911623.3
20260331100500000,105.14,105.26,104.3,104.3,979114,102616369.98
20260331101000000,104.13,105.1,104.13,104.97,725400,75988691.44
20260331101500000,104.95,105.22,104.76,104.86,719807,75607338.93
20260331102000000,104.9,104.96,104.25,104.48,565912,59183425.97
20260331102500000,104.47,104.56,104.07,104.38,577300,60212304.0
20260331103000000,104.38,104.72,104.0,104.25,365400,38105997.76
20260331103500000,104.27,104.59,103.95,104.16,551858,57515978.74
20260331104000000,104.13,104.24,103.81,103.81,721200,75044555.0
20260331104500000,103.88,104.1,103.69,104.0,652600,67803879.0
20260331105000000,103.98,104.02,103.26,103.34,591800,61328545.0
20260331105500000,103.34,103.34,102.66,102.66,780200,80353930.0
20260331110000000,102.62,102.62,101.83,101.91,2038802,208162482.2
20260331110500000,101.91,102.36,101.88,102.21,825400,84304111.0
20260331111000000,102.15,102.28,101.9,102.25,690482,70458188.72
20260331111500000,102.15,102.15,101.68,101.91,965941,98423639.9
20260331112000000,101.89,102.04,101.43,101.43,1273300,129477425.0
20260331112500000,101.42,101.51,100.92,100.97,1847200,186890515.0
20260331113000000,100.99,101.22,100.9,100.99,1347458,136139027.36
20260331130500000,101.01,102.05,100.58,102.0,1277400,129293797.6
20260331131000000,102.0,102.26,101.62,102.18,575200,58636967.0
20260331131500000,102.2,102.2,101.45,101.53,407400,41457531.0
20260331132000000,101.54,102.5,101.5,102.44,379519,38723513.24
20260331132500000,102.45,103.43,102.45,103.43,931300,95713661.0
20260331133000000,103.42,105.21,103.18,105.0,2241200,233731919.0
20260331133500000,105.0,105.61,104.68,105.61,2577374,271131220.51
20260331134000000,105.6,106.02,105.23,105.5,2536190,268743318.08
20260331134500000,105.59,106.0,105.42,106.0,1579700,166993503.0
20260331135000000,106.0,106.39,105.68,106.39,1361800,144429308.58
20260331135500000,106.38,106.39,105.64,105.66,718500,76180169.0
20260331140000000,105.61,105.98,105.18,105.18,611806,64606326.17
20260331140500000,105.2,105.4,104.46,104.47,824700,86613744.09
20260331141000000,104.5,104.68,104.36,104.38,535000,55915346.0
20260331141500000,104.38,104.4,104.1,104.27,553686,57709858.54
20260331142000000,104.25,104.36,104.01,104.08,654300,68157493.0
20260331142500000,104.08,104.3,103.89,104.18,670700,69800238.0
20260331143000000,104.15,104.42,104.01,104.34,666400,69439105.0
20260331143500000,104.34,104.49,103.94,104.1,963600,100376411.0
20260331144000000,104.1,104.33,103.89,104.32,893300,93069681.0
20260331144500000,104.31,104.35,103.66,103.66,858800,89225843.67
20260331145000000,103.65,104.01,103.5,103.52,1116933,115807081.2
20260331145500000,103.57,104.07,103.48,103.68,1793243,186346075.86
20260331150000000,103.62,103.92,103.3,103.3,1915077,198165015.45
20260401093500000,107.5,107.53,105.58,106.55,11077974,1183151523.4
20260401094000000,106.56,106.61,104.81,105.0,3935116,416108673.89
20260401094500000,105.0,106.56,104.89,106.52,3001099,317707188.06
20260401095000000,106.79,108.85,106.79,108.61,7170490,772038150.34
20260401095500000,108.38,109.49,108.2,108.46,5369052,585201551.66
20260401100000000,108.39,108.5,107.22,107.26,1711020,184957302.18
20260401100500000,107.37,107.5,106.58,106.97,1643262,175846929.18
20260401101000000,107.0,107.34,106.48,107.1,1366500,146152004.0
20260401101500000,107.01,107.51,106.81,107.13,1159700,124158945.24
20260401102000000,107.13,107.17,106.48,106.48,980600,104725191.0
20260401102500000,106.52,106.9,105.83,105.83,2008400,213140741.0
20260401103000000,105.92,105.98,105.05,105.05,1247000,131615490.48
20260401103500000,105.07,105.81,104.81,104.87,1214100,127611110.58
20260401104000000,104.92,104.92,104.54,104.6,901600,94415038.0
20260401104500000,104.6,105.27,104.6,104.94,733100,76920721.0
20260401105000000,105.05,105.5,105.0,105.07,670000,70537741.0
20260401105500000,105.12,106.99,105.12,106.99,755500,80136170.56
20260401110000000,107.0,107.21,106.53,106.69,1094100,117069881.0
20260401110500000,106.68,106.97,106.34,106.68,392600,41871473.0
20260401111000000,106.71,107.0,106.67,106.8,439400,46947417.0
20260401111500000,106.8,106.96,106.25,106.62,476100,50765832.0
20260401112000000,106.62,107.27,106.4,107.11,557400,59618823.0
20260401112500000,107.11,107.11,106.5,106.51,343200,36628255.0
20260401113000000,106.51,106.55,106.1,106.27,285600,30380209.0
20260401130500000,106.27,107.28,105.88,106.85,1268601,134968900.74
20260401131000000,106.73,107.27,106.73,107.1,383600,41084601.0
20260401131500000,107.15,107.67,107.0,107.41,937700,100626536.0
20260401132000000,107.42,108.48,107.42,108.03,1353910,146254816.8
20260401132500000,108.2,108.86,108.2,108.36,1662603,180400176.14
20260401133000000,108.36,108.64,108.0,108.62,1083302,117429055.02
20260401133500000,108.69,108.99,108.47,108.55,1057600,114965164.25
20260401134000000,108.53,108.65,108.33,108.65,857390,93046835.46
20260401134500000,108.65,108.88,107.95,108.19,844878,91591280.53
20260401135000000,108.16,108.18,107.89,107.89,449900,48579367.8
20260401135500000,107.89,108.09,107.75,107.99,554390,59830328.4
20260401140000000,108.02,108.04,107.63,107.82,473000,50992039.0
20260401140500000,107.78,108.4,107.62,108.35,620549,67034260.31
20260401141000000,108.38,108.51,108.18,108.35,611759,66295795.38
20260401141500000,108.45,109.22,108.45,109.19,1821169,198431034.87
20260401142000000,109.2,109.43,108.91,108.95,712000,77757489.0
20260401142500000,108.98,109.15,108.9,109.04,674100,73505623.48
20260401143000000,109.05,109.16,108.95,109.1,822300,89676026.0
20260401143500000,109.08,109.1,108.72,108.95,616338,67096110.74
20260401144000000,108.92,109.2,108.77,109.15,1010500,110202993.0
20260401144500000,109.16,109.16,109.04,109.09,686800,74917579.0
20260401145000000,109.08,109.2,109.0,109.0,916200,99967623.0
20260401145500000,109.01,109.1,108.95,108.97,1159000,126359000.29
20260401150000000,108.98,109.05,108.95,109.0,1050159,114467892.82
20260402093500000,107.05,109.3,107.05,108.2,4944956,534727957.13
20260402094000000,108.15,108.93,106.5,106.8,2924913,314340763.78
20260402094500000,106.95,107.74,106.55,106.87,2022100,216173681.0
20260402095000000,106.84,109.02,106.8,109.02,1469900,158808533.0
20260402095500000,109.13,109.41,108.22,108.43,1957100,213205419.0
20260402100000000,108.27,108.83,107.71,107.71,752700,81481254.0
20260402100500000,107.7,107.97,107.04,107.11,960800,103221295.0
20260402101000000,107.14,107.84,106.91,107.84,970200,103999423.0
20260402101500000,107.75,107.95,106.91,106.91,705400,75758777.0
20260402102000000,106.89,106.96,106.2,106.52,1700200,181279754.0
20260402102500000,106.45,106.67,106.43,106.66,1267500,134944237.8
20260402103000000,106.68,107.05,106.68,106.91,530400,56727290.0
20260402103500000,106.91,107.26,106.79,106.8,638451,68341728.86
20260402104000000,106.8,106.8,106.3,106.8,1901400,202368553.0
20260402104500000,106.81,107.37,106.8,107.11,358300,38382047.0
20260402105000000,107.0,107.14,106.48,106.56,348899,37247161.36
20260402105500000,106.56,106.94,106.54,106.8,215700,23018542.0
20260402110000000,106.81,107.4,106.78,106.98,330332,35396859.6
20260402110500000,106.97,107.18,106.82,106.83,301300,32219969.0
20260402111000000,106.83,106.96,106.6,106.73,234600,25043882.0
20260402111500000,106.7,106.89,106.6,106.88,256300,27353044.0
20260402112000000,106.88,107.07,106.64,106.78,229800,24554126.0
20260402112500000,106.73,107.26,106.68,106.95,398200,42626766.0
20260402113000000,106.95,106.95,106.3,106.45,484000,51540257.0
20260402130500000,106.42,106.42,105.99,106.27,995842,105674323.3
20260402131000000,106.27,106.44,106.21,106.36,403900,42935426.0
20260402131500000,106.37,106.54,106.03,106.03,599700,63751548.6
20260402132000000,106.02,106.17,105.64,105.64,1210435,128169492.53
20260402132500000,105.64,105.98,105.56,105.78,758500,80184943.0
20260402133000000,105.8,106.02,105.63,105.71,646000,68372872.88
20260402133500000,105.66,105.69,105.29,105.29,1264300,133319790.0
20260402134000000,105.29,105.33,105.0,105.21,1123800,118116920.0
20260402134500000,105.19,105.76,105.1,105.75,590661,62218089.14
20260402135000000,105.69,105.69,105.4,105.52,526300,55543037.0
20260402135500000,105.5,105.67,105.39,105.39,528200,55724690.0
20260402140000000,105.35,105.48,105.09,105.12,608500,64036865.9
20260402140500000,105.12,105.36,105.0,105.2,525600,55260578.0
20260402141000000,105.24,105.24,104.88,105.2,785879,82529462.16
20260402141500000,105.2,105.21,104.8,105.2,611000,64149684.0
20260402142000000,105.13,105.57,105.02,105.38,382600,40290221.0
20260402142500000,105.38,105.72,105.27,105.45,521100,54945497.0
20260402143000000,105.32,105.7,105.17,105.24,680400,71738382.0
20260402143500000,105.2,105.44,105.06,105.41,819900,86288190.0
20260402144000000,105.42,105.58,105.23,105.53,604900,63755188.0
20260402144500000,105.5,105.73,105.36,105.69,694600,73276788.57
20260402145000000,105.68,105.73,105.56,105.65,995191,105145889.83
20260402145500000,105.62,105.87,105.59,105.84,1104101,116724336.92
20260402150000000,105.87,106.25,105.86,106.25,1402056,148727242.02
20260403093500000,108.59,111.55,108.55,111.13,9473692,1044196217.77
20260403094000000,111.25,113.13,111.13,111.35,6477069,726873377.75
20260403094500000,111.26,112.89,111.26,112.36,4087413,459366175.98
20260403095000000,112.41,113.38,111.7,112.91,3791115,427366344.54
20260403095500000,112.91,113.98,112.63,112.63,3423704,388247922.8
20260403100000000,112.62,113.03,112.12,113.0,1837600,206962541.02
20260403100500000,113.0,114.43,113.0,114.11,3259134,371291060.32
20260403101000000,114.19,115.25,114.02,114.28,3340746,383155881.7
20260403101500000,114.19,114.3,113.39,113.54,1313800,149605878.87
20260403102000000,113.52,114.49,113.16,113.5,1238500,140902998.0
20260403102500000,113.5,113.9,113.33,113.39,692800,78694066.0
20260403103000000,113.3,113.84,113.3,113.83,763445,86723664.35
20260403103500000,113.83,114.1,113.7,113.78,621900,70821580.0
20260403104000000,113.78,114.0,113.3,113.5,492500,55964611.0
20260403104500000,113.51,113.81,113.3,113.48,649400,73787401.56
20260403105000000,113.42,114.38,113.42,114.03,764100,87189500.16
20260403105500000,114.0,114.37,113.72,113.76,543100,61987828.2
20260403110000000,113.7,113.7,113.45,113.45,447500,50810976.97
20260403110500000,113.4,113.48,112.75,112.81,592600,67015178.18
20260403111000000,112.82,112.86,112.04,112.08,858300,96445218.0
20260403111500000,112.08,112.34,111.8,111.81,651200,72948205.0
20260403112000000,111.81,112.28,111.63,112.21,561200,62799773.0
20260403112500000,112.16,112.16,111.81,111.81,469800,52614207.0
20260403113000000,111.85,112.06,111.8,111.86,383100,42889893.0
20260403130500000,111.82,112.25,111.48,111.77,957180,107093210.75
20260403131000000,111.77,112.38,111.69,111.79,639000,71596967.0
20260403131500000,111.8,111.8,111.41,111.56,577800,64441925.0
20260403132000000,111.56,111.57,111.0,111.27,634829,70620706.51
20260403132500000,111.26,111.46,111.05,111.3,484299,53857529.95
20260403133000000,111.38,111.77,111.3,111.68,495900,55320446.0
20260403133500000,111.66,111.99,111.38,111.73,461500,51525932.0
20260403134000000,111.75,112.6,111.68,112.52,630000,70623807.63
20260403134500000,112.6,112.93,112.32,112.77,563200,63464885.0
20260403135000000,112.78,112.97,112.21,112.7,583300,65661236.0
20260403135500000,112.72,112.72,112.0,112.19,384400,43181952.0
20260403140000000,112.14,112.39,112.07,112.35,365600,41043941.0
20260403140500000,112.34,112.61,111.93,111.95,558160,62689536.8
20260403141000000,111.93,112.01,111.55,111.63,426100,47644223.0
20260403141500000,111.6,111.84,111.4,111.75,456698,50966307.74
20260403142000000,111.79,111.79,111.47,111.58,380100,42410105.0
20260403142500000,111.57,111.64,111.1,111.15,664500,73984982.0
20260403143000000,111.14,111.17,111.0,111.11,603900,67069569.0
20260403143500000,111.1,111.16,110.52,110.68,999700,110856637.0
20260403144000000,110.68,110.87,110.6,110.87,639800,70830047.0
20260403144500000,110.84,110.86,110.64,110.85,621397,68817161.99
20260403145000000,110.83,110.83,110.47,110.47,1198903,132661111.71
20260403145500000,110.47,110.48,110.28,110.35,1185400,130838319.0
20260403150000000,110.38,110.55,110.36,110.55,915497,101132993.13
20260407093500000,110.56,110.99,108.84,109.47,5942306,651720403.22
20260407094000000,109.54,109.88,108.83,109.72,2452084,268074036.04
20260407094500000,109.65,111.59,109.38,110.78,2009301,222201333.36
20260407095000000,110.69,110.69,108.28,109.28,3208100,350595385.0
20260407095500000,109.3,109.37,108.72,109.2,1513500,164863476.0
20260407100000000,109.3,110.91,109.0,110.86,1569200,171944557.0
20260407100500000,110.8,110.8,109.2,109.75,1010600,111121162.0
20260407101000000,109.77,109.96,108.91,109.8,1129000,123380394.0
20260407101500000,109.8,110.21,109.56,109.9,877100,96388762.56
20260407102000000,109.9,110.02,109.32,109.95,391200,42883087.0
20260407102500000,109.95,110.07,109.1,109.17,631278,69274409.0
20260407103000000,109.17,109.29,108.95,109.29,647700,70636474.0
20260407103500000,109.29,109.61,109.0,109.39,410300,44840525.0
20260407104000000,109.36,109.94,109.13,109.94,326900,35778561.0
20260407104500000,109.88,109.88,108.95,109.13,444400,48529237.0
20260407105000000,109.1,109.4,109.0,109.3,325200,35493809.0
20260407105500000,109.34,109.48,108.9,108.93,406250,44323904.0
20260407110000000,108.84,108.84,108.52,108.55,969081,105389900.28
20260407110500000,108.55,108.61,108.28,108.33,847240,91861568.36
20260407111000000,108.32,108.4,107.81,108.4,1637867,177019984.38
20260407111500000,108.41,108.42,107.95,107.95,358000,38732039.0
20260407112000000,107.95,108.12,107.78,107.79,1170600,126259814.0
20260407112500000,107.8,108.0,107.6,107.91,529600,57107653.0
20260407113000000,107.83,107.9,107.48,107.48,544400,58638268.0
20260407130500000,107.63,107.69,107.33,107.49,901900,96954727.0
20260407131000000,107.49,107.69,106.87,107.01,1425200,152820206.0
20260407131500000,107.1,107.96,107.1,107.87,830000,89228931.0
20260407132000000,107.85,108.33,107.7,108.25,606800,65531384.0
20260407132500000,108.25,108.3,107.63,107.79,553500,59808935.67
20260407133000000,107.79,108.07,107.6,108.05,335300,36140468.01
20260407133500000,108.08,108.31,107.7,107.76,500400,54095453.82
20260407134000000,107.76,109.07,107.62,109.0,610200,66065885.0
20260407134500000,109.0,109.46,108.72,108.72,883300,96458862.0
20260407135000000,108.66,108.98,108.47,108.51,562000,61143399.0
20260407135500000,108.49,109.01,108.49,108.78,464800,50558459.0
20260407140000000,108.78,109.72,108.73,109.72,576200,62881930.0
20260407140500000,109.79,109.9,108.95,109.25,861783,94218537.54
20260407141000000,109.24,109.79,108.87,109.71,594900,64979971.68
20260407141500000,109.7,109.8,108.97,108.98,793200,86833402.0
20260407142000000,108.96,109.32,108.78,109.0,552100,60176306.0
20260407142500000,108.92,109.31,108.84,109.26,400300,43650889.0
20260407143000000,109.24,109.39,109.05,109.18,502500,54871361.0
20260407143500000,109.18,109.18,108.8,108.88,698200,76080283.0
20260407144000000,108.87,109.0,108.83,108.94,483300,52642145.0
20260407144500000,108.93,109.1,108.9,109.03,618500,67437108.0
20260407145000000,109.01,109.13,108.84,109.04,731800,79786978.0
20260407145500000,109.03,109.08,108.94,109.08,890200,97039052.0
20260407150000000,109.09,109.09,109.0,109.01,848610,92514571.1
20260408093500000,119.91,119.91,119.91,119.91,18376868,2203569816.88
20260408094000000,119.91,119.91,119.91,119.91,698600,83769126.0
20260408094500000,119.91,119.91,119.91,119.91,584600,70099386.0
20260408095000000,119.91,119.91,119.91,119.91,504134,60450707.94
20260408095500000,119.91,119.91,119.91,119.91,202700,24305757.0
20260408100000000,119.91,119.91,119.91,119.91,213800,25636758.0
20260408100500000,119.91,119.91,119.91,119.91,339800,40745418.0
20260408101000000,119.91,119.91,119.91,119.91,177800,21319998.0
20260408101500000,119.91,119.91,119.91,119.91,190000,22782900.0
20260408102000000,119.91,119.91,119.91,119.91,112513,13491433.83
20260408102500000,119.91,119.91,119.91,119.91,245300,29413923.0
20260408103000000,119.91,119.91,119.91,119.91,52500,6295275.0
20260408103500000,119.91,119.91,119.91,119.91,45800,5491878.0
20260408104000000,119.91,119.91,119.91,119.91,43900,5264049.0
20260408104500000,119.91,119.91,119.91,119.91,44400,5324004.0
20260408105000000,119.91,119.91,119.91,119.91,76600,9185106.0
20260408105500000,119.91,119.91,119.91,119.91,67900,8141889.0
20260408110000000,119.91,119.91,119.91,119.91,132100,15840111.0
20260408110500000,119.91,119.91,119.91,119.91,24500,2937795.0
20260408111000000,119.91,119.91,119.91,119.91,16900,2026479.0
20260408111500000,119.91,119.91,119.91,119.91,16800,2014488.0
20260408112000000,119.91,119.91,119.91,119.91,11600,1390956.0
20260408112500000,119.91,119.91,119.91,119.91,71400,8561574.0
20260408113000000,119.91,119.91,119.91,119.91,63000,7554330.0
20260408130500000,119.91,119.91,119.91,119.91,67200,8057952.0
20260408131000000,119.91,119.91,119.91,119.91,26957,3232413.87
20260408131500000,119.91,119.91,119.91,119.91,22000,2638020.0
20260408132000000,119.91,119.91,119.91,119.91,21900,2626029.0
20260408132500000,119.91,119.91,119.91,119.91,35500,4256805.0
20260408133000000,119.91,119.91,119.91,119.91,21100,2530101.0
20260408133500000,119.91,119.91,119.91,119.91,18700,2242317.0
20260408134000000,119.91,119.91,119.91,119.91,23400,2805894.0
20260408134500000,119.91,119.91,119.91,119.91,19100,2290281.0
20260408135000000,119.91,119.91,119.91,119.91,23700,2841867.0
20260408135500000,119.91,119.91,119.91,119.91,64400,7722204.0
20260408140000000,119.91,119.91,119.91,119.91,32600,3909066.0
20260408140500000,119.91,119.91,119.91,119.91,19400,2326254.0
20260408141000000,119.91,119.91,119.91,119.91,19600,2350236.0
20260408141500000,119.91,119.91,119.91,119.91,47400,5683734.0
20260408142000000,119.91,119.91,119.91,119.91,13700,1642767.0
20260408142500000,119.91,119.91,119.91,119.91,17000,2038470.0
20260408143000000,119.91,119.91,119.91,119.91,82900,9940539.0
20260408143500000,119.91,119.91,119.91,119.91,50100,6007491.0
20260408144000000,119.91,119.91,119.91,119.91,17900,2146389.0
20260408144500000,119.91,119.91,119.91,119.91,24500,2937795.0
20260408145000000,119.91,119.91,119.91,119.91,106000,12710460.0
20260408145500000,119.91,119.91,119.91,119.91,43400,5204094.0
20260408150000000,119.91,119.91,119.91,119.91,91964,11027403.24
20260409093500000,128.0,131.65,126.98,131.65,34010744,4391255856.45
20260409094000000,131.44,131.9,130.47,131.9,21590230,2843101685.03
20260409094500000,131.9,131.9,130.85,131.09,6216326,817310520.41
20260409095000000,131.09,131.9,130.86,131.9,7501104,988310108.69
20260409095500000,131.9,131.9,131.76,131.9,2897970,382217386.0
20260409100000000,131.9,131.9,131.9,131.9,470800,62098520.0
20260409100500000,131.9,131.9,131.9,131.9,1078200,142214580.0
20260409101000000,131.9,131.9,131.9,131.9,290700,38343330.0
20260409101500000,131.9,131.9,131.9,131.9,141500,18663850.0
20260409102000000,131.9,131.9,131.9,131.9,178900,23596910.0
20260409102500000,131.9,131.9,131.9,131.9,240900,31774710.0
20260409103000000,131.9,131.9,131.9,131.9,122900,16210510.0
20260409103500000,131.9,131.9,131.9,131.9,77100,10169490.0
20260409104000000,131.9,131.9,131.9,131.9,145800,19231020.0
20260409104500000,131.9,131.9,131.9,131.9,184200,24295980.0
20260409105000000,131.9,131.9,131.9,131.9,352060,46436714.0
20260409105500000,131.9,131.9,131.9,131.9,94600,12477740.0
20260409110000000,131.9,131.9,131.9,131.9,72100,9509990.0
20260409110500000,131.9,131.9,131.9,131.9,62700,8270130.0
20260409111000000,131.9,131.9,131.9,131.9,86400,11396160.0
20260409111500000,131.9,131.9,131.75,131.9,3854448,508326212.8
20260409112000000,131.9,131.9,131.82,131.9,2596000,342407941.0
20260409112500000,131.9,131.9,131.9,131.9,98100,12939390.0
20260409113000000,131.9,131.9,131.9,131.9,104100,13730790.0
20260409130500000,131.9,131.9,131.9,131.9,453600,59829840.0
20260409131000000,131.9,131.9,131.9,131.9,32900,4339510.0
20260409131500000,131.9,131.9,131.9,131.9,82300,10855370.0
20260409132000000,131.9,131.9,131.9,131.9,182000,24005800.0
20260409132500000,131.9,131.9,131.9,131.9,54400,7175360.0
20260409133000000,131.9,131.9,131.9,131.9,20800,2743520.0
20260409133500000,131.9,131.9,131.9,131.9,34600,4563740.0
20260409134000000,131.9,131.9,131.9,131.9,43500,5737650.0
20260409134500000,131.9,131.9,131.9,131.9,953000,125700700.0
20260409135000000,131.9,131.9,131.9,131.9,1577150,208026085.0
20260409135500000,131.9,131.9,131.9,131.9,231500,30534850.0
20260409140000000,131.9,131.9,131.9,131.9,72400,9549560.0
20260409140500000,131.9,131.9,131.9,131.9,529700,69867430.0
20260409141000000,131.9,131.9,131.9,131.9,332500,43856750.0
20260409141500000,131.9,131.9,131.9,131.9,31800,4194420.0
20260409142000000,131.9,131.9,131.9,131.9,124400,16408360.0
20260409142500000,131.9,131.9,131.9,131.9,20600,2717140.0
20260409143000000,131.9,131.9,131.9,131.9,62200,8204180.0
20260409143500000,131.9,131.9,131.9,131.9,45600,6014640.0
20260409144000000,131.9,131.9,131.9,131.9,325300,42907070.0
20260409144500000,131.9,131.9,131.9,131.9,71200,9391280.0
20260409145000000,131.9,131.9,131.9,131.9,4247846,560290880.4
20260409145500000,131.9,131.9,131.9,131.9,493700,65119030.0
20260409150000000,131.9,131.9,131.9,131.9,1168112,154073972.8
20260410093500000,132.3,136.17,132.3,134.09,23714777,3186460891.68
20260410094000000,134.13,135.44,133.76,134.59,7860201,1057836802.57
20260410094500000,134.5,134.5,132.97,133.8,6472799,863702731.71
20260410095000000,133.83,135.32,133.83,134.58,4490800,604530942.0
20260410095500000,134.77,135.15,133.5,134.1,3571352,479569181.29
20260410100000000,134.08,134.44,133.4,134.25,3337161,446682419.1
20260410100500000,134.27,135.18,133.5,135.18,3467109,465430757.86
20260410101000000,134.98,136.15,134.88,135.63,3995503,541935341.5
20260410101500000,135.81,137.2,135.81,136.24,4416105,602565633.4
20260410102000000,136.22,136.69,135.22,135.5,1963100,266994018.0
20260410102500000,135.58,136.18,135.0,135.61,1827442,247600631.74
20260410103000000,135.76,135.98,135.2,135.2,1347200,182509798.0
20260410103500000,135.2,136.0,134.81,134.99,1642794,222017581.98
20260410104000000,134.93,135.5,134.77,135.2,1280750,172997247.0
20260410104500000,135.26,136.58,135.26,136.29,1657553,225753988.94
20260410105000000,136.34,137.66,136.01,137.2,3233953,442994046.15
20260410105500000,137.33,138.47,137.04,137.77,2747900,378745921.0
20260410110000000,137.8,137.84,137.2,137.51,1347500,185271575.0
20260410110500000,137.39,137.39,136.41,136.8,1062300,145378271.0
20260410111000000,136.82,136.92,136.35,136.35,1198108,163726788.93
20260410111500000,136.36,137.56,136.0,137.14,1094900,149889913.04
20260410112000000,137.19,138.0,136.98,137.86,960643,132164749.48
20260410112500000,137.85,138.92,137.62,138.87,2058200,284856615.0
20260410113000000,138.87,138.87,138.3,138.55,1247600,172903860.0
20260410130500000,139.15,143.4,139.15,143.13,8533115,1208024543.89
20260410131000000,143.27,144.37,143.05,144.28,7384266,1060696508.59
20260410131500000,144.34,145.06,142.0,142.42,5911100,853536509.1
20260410132000000,142.33,142.62,141.75,141.86,1999400,284406833.96
20260410132500000,141.85,142.27,141.3,141.98,1581914,224122796.8
20260410133000000,142.0,143.12,141.87,142.71,1259511,179490425.55
20260410133500000,142.7,143.58,142.7,143.47,1176400,168351414.0
20260410134000000,143.46,144.37,143.26,143.87,1374300,197740182.0
20260410134500000,143.93,144.88,143.52,144.81,1627700,234302503.0
20260410135000000,144.73,144.77,143.5,143.99,1193897,171662577.55
20260410135500000,143.9,144.99,143.88,144.81,1429300,206360955.74
20260410140000000,144.8,144.8,144.34,144.36,848700,122723424.0
20260410140500000,144.3,144.8,144.12,144.31,856433,123672409.9
20260410141000000,144.24,144.25,143.8,143.83,1228200,176871039.0
20260410141500000,144.05,144.28,143.7,144.0,1442100,207552351.0
20260410142000000,143.98,144.72,143.98,144.59,1205034,174092063.22
20260410142500000,144.59,145.09,144.54,145.09,4384351,635968995.13
20260410143000000,145.09,145.09,145.09,145.09,1015300,147309877.0
20260410143500000,145.09,145.09,145.09,145.09,678800,98487092.0
20260410144000000,145.09,145.09,145.09,145.09,1163912,168871992.08
20260410144500000,145.09,145.09,144.77,144.84,2109300,305969316.0
20260410145000000,145.08,145.09,143.58,143.75,4343694,628338375.46
20260410145500000,143.59,144.68,143.59,144.12,3171975,457186645.17
20260410150000000,144.21,144.23,143.55,143.55,3030014,435438762.53
20260413093500000,143.61,147.93,143.61,147.63,20072910,2940608019.74
20260413094000000,147.48,149.2,146.01,149.2,11114864,1641049273.41
20260413094500000,149.48,149.66,147.84,148.68,5719498,850065108.53
20260413095000000,148.62,148.62,147.35,147.6,5239370,775300469.0
20260413095500000,147.6,148.77,147.28,148.38,4036900,597205018.0
20260413100000000,148.13,148.69,147.79,148.38,2197237,325547097.59
20260413100500000,148.3,149.49,146.72,146.72,3219137,476990955.11
20260413101000000,146.7,148.53,146.47,147.53,3200810,470975678.25
20260413101500000,147.48,148.4,147.2,148.4,2118550,312672401.66
20260413102000000,148.5,148.82,146.5,146.52,2197800,324934271.97
20260413102500000,146.5,147.05,146.24,146.93,2382533,349127201.72
20260413103000000,146.8,146.93,146.1,146.49,1827114,267397770.55
20260413103500000,146.46,146.86,146.0,146.69,1951900,285681909.01
20260413104000000,146.7,147.17,146.37,146.37,1135561,166716641.35
20260413104500000,146.37,147.3,146.06,146.93,1319504,193287457.6
20260413105000000,146.87,147.3,146.13,146.13,683039,100229986.61
20260413105500000,146.1,146.11,145.7,146.05,1266482,184828844.77
20260413110000000,146.13,146.96,146.13,146.84,808800,118645395.0
20260413110500000,146.85,146.85,145.8,146.5,1190455,174048098.0
20260413111000000,146.43,146.55,145.82,145.82,798800,116757306.0
20260413111500000,145.82,146.08,145.6,145.94,1433900,209181841.0
20260413112000000,145.93,146.73,145.88,146.73,940200,137398248.0
20260413112500000,146.74,146.74,146.15,146.35,754700,110599362.0
20260413113000000,146.35,146.41,146.0,146.25,666100,97398426.0
20260413130500000,146.26,146.88,145.45,145.72,1769342,258415678.9
20260413131000000,145.71,146.35,145.68,146.1,1238850,180759247.0
20260413131500000,145.94,145.94,145.21,145.21,1202050,175014901.5
20260413132000000,145.33,145.89,145.1,145.31,1875166,272688816.6
20260413132500000,145.31,145.61,144.94,145.59,3419600,496387010.0
20260413133000000,145.76,146.1,145.48,145.54,1074850,156698581.0
20260413133500000,145.62,145.67,145.0,145.05,1362000,197968331.78
20260413134000000,145.05,146.12,145.05,145.98,1154701,168100870.78
20260413134500000,145.95,146.95,145.84,146.88,1177300,172618124.88
20260413135000000,146.89,147.5,146.87,147.49,1328428,195513031.0
20260413135500000,147.59,148.16,147.24,147.8,1532343,226374978.59
20260413140000000,147.83,147.83,146.99,147.42,956465,140854546.63
20260413140500000,147.48,147.87,147.0,147.21,982500,144861564.4
20260413141000000,147.17,147.17,146.7,146.89,910631,133800214.01
20260413141500000,146.89,146.95,146.58,146.71,988200,145059124.42
20260413142000000,146.65,146.65,146.16,146.34,905605,132550844.39
20260413142500000,146.34,146.45,146.15,146.28,788500,115379203.0
20260413143000000,146.3,146.9,146.25,146.53,1014400,148616521.0
20260413143500000,146.53,146.88,146.21,146.54,1271600,186358949.7
20260413144000000,146.53,146.69,146.23,146.31,1105500,161854335.0
20260413144500000,146.26,146.71,146.22,146.47,1274800,186704557.0
20260413145000000,146.53,146.53,146.31,146.47,1473178,215709415.76
20260413145500000,146.47,147.08,146.47,146.6,1672726,245582801.48
20260413150000000,146.59,146.83,146.56,146.83,1861036,273127103.79
20260414093500000,147.0,147.0,143.6,144.34,10864568,1574274747.26
20260414094000000,144.22,145.46,143.7,144.55,4809664,695311424.03
20260414094500000,144.62,145.04,143.83,144.32,3882308,560757833.16
20260414095000000,144.21,146.08,144.14,145.51,3851219,560055039.59
20260414095500000,145.56,146.6,145.52,146.45,3440695,502752342.28
20260414100000000,146.44,147.2,146.07,146.88,3673963,539506884.31
20260414100500000,146.88,146.88,146.11,146.49,2179877,319264557.87
20260414101000000,146.66,146.99,146.02,146.99,1820000,266416187.0
20260414101500000,147.04,147.07,145.62,145.62,1789700,262326738.09
20260414102000000,145.59,146.0,144.98,145.67,2454234,356809701.16
20260414102500000,145.68,146.04,145.43,146.03,1577906,229911620.16
20260414103000000,146.14,146.92,145.99,146.14,1385177,202785759.46
20260414103500000,146.14,147.71,145.96,147.0,2597810,382072626.8
20260414104000000,147.0,147.99,146.97,147.2,1641400,242102162.0
20260414104500000,147.21,148.0,147.15,147.8,1919700,283639029.0
20260414105000000,147.8,148.18,147.5,147.97,1290900,190938713.04
20260414105500000,147.91,148.0,147.19,147.27,881300,130037834.02
20260414110000000,147.28,147.43,146.88,147.14,1162853,171017532.76
20260414110500000,147.14,147.46,146.86,147.21,859400,126446336.0
20260414111000000,147.22,147.89,147.17,147.69,695201,102482349.38
20260414111500000,147.69,147.85,147.0,147.09,565500,83362581.0
20260414112000000,147.03,147.07,146.61,146.97,598277,87831372.83
20260414112500000,146.95,146.95,146.18,146.18,850513,124501274.74
20260414113000000,146.18,148.33,146.18,147.78,1749839,258170705.32
20260414130500000,147.79,147.79,146.41,146.48,2579600,381227812.0
20260414131000000,146.48,146.5,145.83,145.87,1086207,158734347.05
20260414131500000,145.87,146.05,145.22,145.22,1435626,209004836.44
20260414132000000,145.16,145.66,145.1,145.59,1188378,172707353.98
20260414132500000,145.59,145.66,144.5,144.75,2752300,398970622.0
20260414133000000,144.75,145.66,144.74,145.0,1442800,209223146.86
20260414133500000,145.38,145.83,144.92,144.92,1602500,232850326.0
20260414134000000,144.94,145.48,144.94,145.25,1016600,147534756.0
20260414134500000,145.21,146.0,145.21,145.77,984122,143301368.7
20260414135000000,145.62,146.0,145.16,145.16,644800,93891696.0
20260414135500000,145.15,145.15,144.92,145.15,847541,122888402.18
20260414140000000,145.23,145.46,145.0,145.23,585101,84997982.01
20260414140500000,145.21,145.51,145.0,145.38,798900,116024992.0
20260414141000000,145.35,145.4,145.01,145.08,431036,62609038.36
20260414141500000,145.09,145.31,144.71,144.78,756800,109763117.32
20260414142000000,144.78,144.96,144.5,144.52,1221164,176745045.64
20260414142500000,144.59,144.91,144.59,144.67,1418364,205281796.16
20260414143000000,144.66,144.85,144.51,144.68,1160200,167867086.0
20260414143500000,144.64,145.0,144.63,144.7,1196874,173301006.58
20260414144000000,144.7,144.75,144.39,144.68,1730300,250231409.8
20260414144500000,144.68,144.91,144.54,144.76,1325229,191809983.36
20260414145000000,144.75,145.19,144.74,145.16,1388300,201070877.0
20260414145500000,145.13,145.55,144.92,145.52,1347280,195557009.28
20260414150000000,145.52,146.0,145.32,146.0,2120812,309046821.02
20260415093500000,145.7,147.28,144.75,146.0,7241423,1055712491.22
20260415094000000,146.02,146.38,144.31,144.69,3869762,561652698.94
20260415094500000,144.79,144.93,143.85,144.7,3783955,546200893.47
20260415095000000,145.06,145.83,144.37,144.88,2380047,345475113.14
20260415095500000,144.84,144.84,143.64,143.95,2374657,341990246.68
20260415100000000,143.97,145.41,143.87,145.41,1454384,210216119.4
20260415100500000,145.52,148.49,145.31,147.71,5003419,737053213.5
20260415101000000,147.72,148.06,146.0,146.52,2493200,366752450.59
20260415101500000,146.41,147.09,145.5,145.8,1401900,204892456.0
20260415102000000,145.75,147.03,145.71,147.01,1162486,170450695.88
20260415102500000,147.03,147.5,146.72,147.38,1474800,216879321.0
20260415103000000,147.38,149.11,147.27,148.45,4092800,607869968.0
20260415103500000,148.46,149.79,148.33,149.6,3552501,530190588.02
20260415104000000,149.72,150.5,149.06,150.34,4533841,679291932.56
20260415104500000,150.45,150.47,148.36,148.6,2461300,367422291.9
20260415105000000,148.96,149.24,148.38,148.73,1118200,166272433.0
20260415105500000,148.73,148.99,147.69,147.91,1113831,165138852.01
20260415110000000,147.89,148.13,147.39,147.39,733200,108312136.69
20260415110500000,147.38,147.85,147.16,147.22,728236,107421898.72
20260415111000000,147.24,147.59,147.01,147.18,605885,89215786.37
20260415111500000,147.17,148.18,147.17,148.18,625500,92374000.0
20260415112000000,148.19,149.39,148.19,149.39,982200,146247810.0
20260415112500000,149.48,149.48,148.23,148.53,534800,79496206.0
20260415113000000,148.6,149.77,148.6,149.15,952334,142160283.02
20260415130500000,148.99,150.8,148.27,150.8,2150600,321615365.0
20260415131000000,150.86,150.98,149.5,149.5,2008708,302425857.39
20260415131500000,149.5,149.95,148.53,148.53,1022900,152716396.57
20260415132000000,148.6,148.88,148.03,148.38,739300,109799165.0
20260415132500000,148.42,148.42,147.56,147.59,716300,105976499.0
20260415133000000,147.66,148.02,147.4,147.6,798800,117965490.55
20260415133500000,147.54,147.76,147.18,147.25,869800,128255104.0
20260415134000000,147.3,147.37,146.8,147.23,942443,138624727.56
20260415134500000,147.26,147.66,147.0,147.21,727500,107168100.0
20260415135000000,147.23,147.25,146.83,147.05,989800,145523585.0
20260415135500000,147.04,147.57,146.91,147.57,684400,100712844.0
20260415140000000,147.53,147.62,146.86,147.17,583800,85941093.0
20260415140500000,147.25,147.28,146.4,146.53,867200,127289273.0
20260415141000000,146.56,146.73,146.35,146.51,702800,102967769.0
20260415141500000,146.5,146.55,146.08,146.37,914800,133822516.0
20260415142000000,146.37,146.37,146.06,146.24,958000,140034715.0
20260415142500000,146.22,146.36,145.28,145.28,1348116,196536785.08
20260415143000000,145.28,145.99,145.27,145.36,991399,144370165.74
20260415143500000,145.48,145.99,144.8,144.82,1387938,201574587.66
20260415144000000,144.8,145.02,144.61,144.68,1590800,230390485.94
20260415144500000,144.68,144.97,144.61,144.62,1240500,179575218.0
20260415145000000,144.9,145.34,144.51,145.04,1412000,204674080.75
20260415145500000,145.59,145.86,145.15,145.67,1381083,200912781.71
20260415150000000,145.65,146.1,145.63,145.8,1635175,238388933.29
20260416093500000,145.12,146.8,144.28,146.66,6378149,928404242.64
20260416094000000,146.67,147.11,145.0,146.8,3120394,456330625.63
20260416094500000,146.79,147.35,145.94,146.23,2841394,416760068.32
20260416095000000,146.4,146.51,144.8,145.61,2331426,338873639.01
20260416095500000,145.55,145.83,145.13,145.36,1431433,208196522.65
20260416100000000,145.49,146.75,145.49,146.21,1508638,220363272.86
20260416100500000,146.2,146.95,145.83,146.0,2026900,296435634.0
20260416101000000,146.2,146.31,145.46,146.22,1341700,195810827.0
20260416101500000,146.16,146.75,146.0,146.69,1127972,165040138.52
20260416102000000,146.77,146.88,145.58,145.77,1277304,186553541.36
20260416102500000,145.86,146.7,145.59,145.59,1240465,181256998.6
20260416103000000,145.57,145.99,145.05,145.18,1125598,163898770.3
20260416103500000,145.49,146.48,145.49,146.21,1524990,222601249.56
20260416104000000,146.19,146.79,146.07,146.63,1353895,198282640.75
20260416104500000,146.69,147.11,145.99,146.11,1271064,186407312.79
20260416105000000,146.07,146.2,145.77,146.09,842199,122943623.01
20260416105500000,146.06,146.31,145.74,145.97,950100,138677981.0
20260416110000000,145.97,146.72,145.94,146.21,676116,98920653.8
20260416110500000,146.2,146.38,145.97,146.16,565700,82681585.0
20260416111000000,146.16,148.28,146.13,147.88,2487694,366647802.58
20260416111500000,147.9,148.53,147.48,148.44,2053245,303689375.8
20260416112000000,148.5,148.92,148.19,148.22,2430493,361035108.94
20260416112500000,148.22,149.31,148.0,149.05,1794834,266826987.05
20260416113000000,149.07,149.14,148.35,148.38,1301500,193776747.72
20260416130500000,148.38,148.82,147.91,148.47,1815000,269259261.7
20260416131000000,148.32,148.66,148.02,148.52,1348500,199964129.0
20260416131500000,148.5,148.52,147.43,147.44,1029508,152044922.16
20260416132000000,147.43,147.43,146.82,146.9,1258417,185094243.26
20260416132500000,146.89,146.89,146.21,146.5,1352615,198121103.5
20260416133000000,146.48,146.48,145.61,145.61,1772400,258651102.36
20260416133500000,145.61,145.75,145.33,145.38,1438300,209361722.0
20260416134000000,145.4,145.7,145.25,145.5,1233500,179395939.98
20260416134500000,145.5,145.87,145.23,145.3,1105200,160764406.99
20260416135000000,145.3,146.05,145.3,146.01,878203,127970016.96
20260416135500000,145.99,145.99,145.51,145.97,913000,133087783.9
20260416140000000,145.95,146.14,145.76,145.91,768300,112162503.72
20260416140500000,145.92,145.92,145.65,145.85,671200,97844687.0
20260416141000000,145.89,146.06,145.71,145.97,870230,126971352.25
20260416141500000,145.95,146.12,145.74,146.12,806903,117722871.67
20260416142000000,146.15,146.2,145.7,145.8,992200,144777998.28
20260416142500000,145.79,145.91,145.71,145.83,948000,138222029.0
20260416143000000,145.84,146.83,145.5,146.83,1652822,241354979.4
20260416143500000,146.8,147.85,146.51,147.85,2730078,401920732.15
20260416144000000,147.94,148.75,147.03,147.2,3696704,546458660.68
20260416144500000,147.09,148.6,147.09,148.5,1691629,249992340.25
20260416145000000,148.12,148.9,148.0,148.7,2086493,309633213.93
20260416145500000,148.79,149.08,148.1,149.08,2911465,432413512.75
20260416150000000,149.03,149.55,148.05,149.55,3687013,549816029.05
20260417093500000,155.0,155.0,152.27,154.04,21785549,3357137830.12
20260417094000000,154.01,157.52,153.99,157.09,9752860,1520135267.29
20260417094500000,157.0,157.22,156.37,156.92,7395092,1159836155.64
20260417095000000,156.99,158.52,156.9,158.52,6737534,1063419592.84
20260417095500000,158.68,161.2,158.65,160.97,7965930,1275601630.63
20260417100000000,161.0,162.45,160.5,160.97,5920145,956113600.96
20260417100500000,160.9,161.15,159.59,160.02,4265656,683564353.65
20260417101000000,160.02,160.11,158.79,159.19,3346100,533669207.96
20260417101500000,159.18,159.18,158.0,159.05,2546218,403517094.2
20260417102000000,159.1,159.45,157.14,157.48,1736560,275041187.6
20260417102500000,157.49,158.8,157.49,158.61,1757950,278190420.5
20260417103000000,158.66,159.99,158.66,159.14,1821628,290726824.28
20260417103500000,159.14,159.39,158.7,158.88,1345800,213998899.0
20260417104000000,159.04,159.98,158.87,159.7,982455,156528515.02
20260417104500000,159.7,160.69,159.57,160.13,1059100,169583033.52
20260417105000000,160.39,160.46,159.71,160.02,588809,94308824.3
20260417105500000,160.02,160.3,158.86,159.38,979182,156224164.1
20260417110000000,159.49,161.39,159.49,161.29,1034709,166412447.84
20260417110500000,161.22,162.0,160.98,160.98,1522200,246076086.56
20260417111000000,160.76,161.72,160.62,161.31,1495100,240989184.0
20260417111500000,161.3,162.78,161.2,162.69,1803900,292398728.0
20260417112000000,162.6,163.96,162.4,163.25,4027000,657960890.48
20260417112500000,163.11,163.7,162.92,162.96,1818100,297041514.92
20260417113000000,163.04,163.26,161.93,162.14,1326900,215724342.92
20260417130500000,162.14,162.14,159.02,159.55,2399400,384905176.5
20260417131000000,159.54,159.54,158.39,158.58,1685500,268121218.98
20260417131500000,158.57,161.28,158.57,161.28,1811184,289476659.28
20260417132000000,161.29,162.19,161.28,161.8,1358766,219830632.52
20260417132500000,161.9,163.36,161.9,163.02,1206590,196499736.32
20260417133000000,163.11,163.35,162.75,163.2,914996,149189534.59
20260417133500000,163.06,163.06,162.36,162.57,514300,83653083.0
20260417134000000,162.65,163.11,162.48,162.76,691249,112540289.65
20260417134500000,162.77,163.29,162.68,163.21,891238,145326586.42
20260417135000000,163.39,164.06,163.12,163.13,1356178,221963027.41
20260417135500000,163.06,163.14,162.77,162.99,546720,89107644.8
20260417140000000,163.0,163.35,162.95,162.95,403800,65846145.0
20260417140500000,162.95,163.19,162.3,162.38,717000,116640887.0
20260417141000000,162.35,162.73,162.01,162.04,633300,102882645.0
20260417141500000,162.08,163.05,162.08,162.94,688384,112048632.4
20260417142000000,162.96,163.13,161.08,161.67,1112916,180516407.2
20260417142500000,161.64,162.14,161.5,162.0,915265,148056137.13
20260417143000000,161.9,162.09,161.58,161.88,682681,110510917.4
20260417143500000,161.88,162.5,161.88,162.41,735129,119265754.18
20260417144000000,162.4,162.4,161.51,161.73,869500,140744602.0
20260417144500000,161.72,161.72,161.37,161.5,1432100,231376997.0
20260417145000000,161.44,161.61,161.27,161.54,1265500,204271875.05
20260417145500000,161.51,162.05,161.35,162.04,1935059,312671540.86
20260417150000000,162.04,162.1,161.87,162.1,1760648,285363733.16
20260420093500000,162.08,168.08,162.08,167.7,13133426,2172875999.52
20260420094000000,167.14,167.14,163.16,163.27,6801246,1124511218.85
20260420094500000,163.0,164.1,161.09,162.42,5392371,877642991.73
20260420095000000,162.38,163.31,162.04,162.04,3415509,555141860.91
20260420095500000,161.92,163.94,161.3,163.94,3855836,625228993.21
20260420100000000,163.97,163.97,163.15,163.31,2270700,371211170.0
20260420100500000,163.47,164.19,162.95,163.44,2228467,364125463.69
20260420101000000,163.42,164.38,163.16,163.89,2881200,472002687.52
20260420101500000,163.89,163.89,161.67,162.24,2795100,454176978.85
20260420102000000,162.2,162.49,161.58,161.81,2186059,353865079.94
20260420102500000,161.79,162.29,161.36,161.75,1900912,307300949.72
20260420103000000,161.8,162.79,161.8,162.22,982811,159464312.89
20260420103500000,162.22,162.77,162.05,162.05,1160800,188474819.12
20260420104000000,161.93,162.03,160.56,160.7,2777210,447548755.2
20260420104500000,160.87,161.04,159.63,159.63,3746215,600305715.53
20260420105000000,159.7,160.07,158.93,158.93,4095380,653077140.37
20260420105500000,158.96,159.87,158.96,159.71,1836300,293174838.0
20260420110000000,159.71,159.71,158.76,158.76,2344100,372727421.0
20260420110500000,158.78,159.37,158.13,158.13,2225616,353393126.04
20260420111000000,158.13,158.17,157.08,157.75,4954055,780931643.39
20260420111500000,157.77,158.02,157.42,157.48,1663973,262353089.99
20260420112000000,157.5,157.54,156.75,157.33,2234607,351103601.77
20260420112500000,157.35,158.06,157.1,158.06,1555027,245090622.75
20260420113000000,158.09,158.46,157.92,158.33,1121001,177297377.24
20260420130500000,158.3,158.3,156.98,157.0,2088800,329089593.2
20260420131000000,157.0,157.0,156.2,156.83,1613200,252666686.0
20260420131500000,156.94,156.94,156.2,156.85,2175899,340670929.33
20260420132000000,156.71,158.0,156.71,157.64,1403800,221101187.0
20260420132500000,157.6,157.6,156.2,156.44,1354382,212285014.66
20260420133000000,156.39,156.39,156.03,156.19,1708300,266821221.24
20260420133500000,156.2,156.84,156.0,156.01,1195000,186764867.0
20260420134000000,156.0,156.19,155.72,156.1,1842088,287237370.36
20260420134500000,156.06,156.13,155.72,155.9,966300,150605429.38
20260420135000000,155.92,156.5,155.9,155.91,1042800,162834362.0
20260420135500000,155.91,156.16,155.75,156.16,701000,109264685.0
20260420140000000,156.16,156.16,155.75,155.84,694192,108188754.35
20260420140500000,155.85,157.35,155.74,157.18,1191700,186655580.12
20260420141000000,157.21,157.57,156.87,156.95,861200,135464599.46
20260420141500000,157.0,157.15,156.28,156.43,703300,110152453.0
20260420142000000,156.59,157.38,156.59,156.99,1015846,159499566.7
20260420142500000,156.94,157.09,156.59,156.59,721400,113168854.0
20260420143000000,156.63,156.69,156.0,156.29,983900,153827197.0
20260420143500000,156.29,156.41,155.95,156.17,974067,152104196.91
20260420144000000,156.16,156.58,156.12,156.33,1158993,181239846.11
20260420144500000,156.33,156.58,156.1,156.32,1284600,200811812.0
20260420145000000,156.32,157.06,156.1,156.98,1644072,257327612.3
20260420145500000,156.93,157.27,156.57,157.27,1357900,212927900.64
20260420150000000,157.34,157.5,156.97,157.0,2182700,343039568.11
20260421093500000,157.19,160.41,156.6,160.34,11011670,1748240382.72
20260421094000000,160.47,160.85,157.19,157.2,4822978,765889949.0
20260421094500000,157.5,158.48,156.3,158.3,3886765,611051298.21
20260421095000000,158.48,160.2,158.48,160.13,4361068,695774616.0
20260421095500000,159.99,160.68,159.2,160.68,2819624,451261674.33
20260421100000000,160.74,160.74,159.2,159.65,2221699,354693212.1
20260421100500000,159.66,160.1,159.09,159.81,1201300,191851041.2
20260421101000000,159.84,161.68,159.8,161.3,3756165,604913815.47
20260421101500000,161.17,162.38,160.92,160.92,3340491,540382702.21
20260421102000000,161.0,161.36,160.5,161.36,1387226,223164434.34
20260421102500000,161.38,161.4,160.7,160.7,1282300,206506342.57
20260421103000000,160.64,160.73,159.88,159.88,987781,158341510.3
20260421103500000,159.85,160.9,159.85,160.5,710390,114020580.5
20260421104000000,160.5,160.75,160.17,160.73,620785,99612424.05
20260421104500000,160.81,161.9,160.81,161.68,1006542,162420558.76
20260421105000000,161.63,161.76,161.25,161.4,672300,108610549.7
20260421105500000,161.38,164.1,161.25,163.89,3346560,545587375.86
20260421110000000,163.9,164.46,163.15,164.46,2017723,330903280.9
20260421110500000,164.48,165.34,164.48,165.31,2713100,447593150.0
20260421111000000,165.26,165.26,163.32,163.75,1852200,304284712.6
20260421111500000,163.7,163.7,163.1,163.65,1056093,172483224.0
20260421112000000,163.67,164.1,163.66,163.92,791500,129749953.0
20260421112500000,163.88,164.42,163.82,164.05,775500,127205700.0
20260421113000000,164.08,164.19,163.88,164.06,607700,99684806.0
20260421130500000,164.08,168.68,164.08,167.87,6211144,1035329895.57
20260421131000000,167.86,170.34,167.06,168.29,3690999,622821172.21
20260421131500000,168.38,169.6,167.9,169.59,2064200,348753836.01
20260421132000000,169.6,172.57,169.6,170.68,3743249,638979682.45
20260421132500000,170.69,170.8,169.98,169.98,1700500,289721641.93
20260421133000000,169.97,170.18,169.59,169.61,929018,157822645.62
20260421133500000,169.6,170.5,169.46,170.39,1069800,182048992.0
20260421134000000,170.38,171.65,170.38,171.2,1661358,284441206.48
20260421134500000,171.4,172.0,171.08,171.35,1342248,230207298.98
20260421135000000,171.37,171.37,169.81,170.0,975801,166504675.95
20260421135500000,170.22,170.98,170.22,170.5,1228415,209620939.98
20260421140000000,170.51,170.63,169.67,169.86,897300,152573360.92
20260421140500000,169.88,170.69,169.86,170.04,802400,136601238.0
20260421141000000,170.09,170.17,169.09,169.09,1034300,175574516.51
20260421141500000,169.14,170.23,169.07,170.16,1011800,171667050.05
20260421142000000,170.1,170.2,169.8,169.98,648500,110241667.0
20260421142500000,169.92,169.99,169.43,169.43,567200,96229265.0
20260421143000000,169.43,169.56,169.18,169.31,667496,113032713.88
20260421143500000,169.38,169.58,168.78,168.97,1259620,213017953.2
20260421144000000,168.97,169.39,168.72,168.73,1099581,185867911.74
20260421144500000,168.79,169.25,168.72,168.95,1405849,237622753.83
20260421145000000,168.95,169.15,168.9,169.11,1250973,211434572.35
20260421145500000,169.13,169.51,169.06,169.5,1554764,263167961.14
20260421150000000,169.5,169.85,169.4,169.4,2402900,407288142.84
20260422093500000,172.06,178.47,171.97,178.47,17621868,3078364978.32
20260422094000000,178.59,180.88,177.8,180.49,8745897,1565936670.73
20260422094500000,180.5,182.07,179.46,182.0,5339810,965628182.99
20260422095000000,182.38,183.59,182.02,182.83,4240158,774689615.25
20260422095500000,182.64,183.44,182.0,182.38,2553556,465954603.98
20260422100000000,182.66,182.66,179.76,179.77,3633579,657002146.94
20260422100500000,179.67,180.59,179.0,180.0,4097889,735454319.57
20260422101000000,180.0,180.2,179.01,180.05,2564045,460715311.34
20260422101500000,180.03,180.03,179.1,179.34,1398090,251201930.76
20260422102000000,179.47,181.48,179.31,180.94,1417265,255953001.35
20260422102500000,180.97,181.9,180.7,181.63,1170167,212316492.76
20260422103000000,181.59,181.83,180.59,181.0,868799,157449399.69
20260422103500000,181.0,183.12,181.0,182.61,1443013,262839754.27
20260422104000000,182.66,182.86,181.51,182.6,880400,160642097.0
20260422104500000,182.69,182.88,181.96,182.66,824100,150395318.0
20260422105000000,182.66,183.34,181.87,182.17,1172800,214132553.0
20260422105500000,182.0,182.0,180.79,180.85,910900,165197215.0
20260422110000000,180.89,181.34,180.3,181.34,891000,160982770.0
20260422110500000,181.34,182.48,181.0,181.93,748500,135963467.0
20260422111000000,181.93,182.49,181.42,182.15,504300,91773899.0
20260422111500000,182.1,182.49,181.5,181.81,721100,131143534.0
20260422112000000,181.83,183.68,181.83,182.74,1049900,192080972.0
20260422112500000,182.7,184.71,182.04,183.63,1511230,277368853.0
20260422113000000,183.63,186.34,183.14,185.19,7243299,1345507344.87
20260422130500000,185.19,185.38,183.72,184.36,3734300,689293265.15
20260422131000000,184.4,186.34,184.4,186.34,4526536,842632603.0
20260422131500000,186.34,186.34,186.34,186.34,267300,49808682.0
20260422132000000,186.34,186.34,186.34,186.34,268782,50084837.88
20260422132500000,186.34,186.34,186.34,186.34,216375,40319317.5
20260422133000000,186.34,186.34,186.34,186.34,375400,69952036.0
20260422133500000,186.34,186.34,186.34,186.34,89600,16696064.0
20260422134000000,186.34,186.34,186.34,186.34,74700,13919598.0
20260422134500000,186.34,186.34,186.34,186.34,182750,34053635.0
20260422135000000,186.34,186.34,186.34,186.34,465700,86778538.0
20260422135500000,186.34,186.34,186.34,186.34,76200,14199108.0
20260422140000000,186.34,186.34,186.34,186.34,181100,33746174.0
20260422140500000,186.34,186.34,186.34,186.34,65800,12261172.0
20260422141000000,186.34,186.34,186.34,186.34,78400,14609056.0
20260422141500000,186.34,186.34,186.34,186.34,95800,17851372.0
20260422142000000,186.34,186.34,186.34,186.34,86400,16099776.0
20260422142500000,186.34,186.34,186.34,186.34,68847,12828949.98
20260422143000000,186.34,186.34,186.34,186.34,77537,14448244.58
20260422143500000,186.34,186.34,186.34,186.34,67200,12522048.0
20260422144000000,186.34,186.34,186.34,186.34,205272,38250384.48
20260422144500000,186.34,186.34,186.34,186.34,87800,16360652.0
20260422145000000,186.34,186.34,186.34,186.34,104800,19528432.0
20260422145500000,186.34,186.34,186.34,186.34,160700,29944838.0
20260422150000000,186.34,186.34,186.34,186.34,128700,23981958.0
20260423093500000,192.0,192.9,189.01,191.78,17822945,3417772344.12
20260423094000000,191.81,193.79,190.6,193.79,7461556,1432444894.86
20260423094500000,193.79,193.96,192.37,192.43,5800545,1120725125.76
20260423095000000,192.51,192.73,190.6,190.8,4265658,816412595.47
20260423095500000,190.8,191.3,186.82,188.0,8841899,1665326567.51
20260423100000000,187.93,188.95,187.12,188.95,3791864,713061169.02
20260423100500000,188.99,190.4,188.0,188.8,3149175,596386953.24
20260423101000000,188.6,188.88,187.5,188.88,2386784,448775797.42
20260423101500000,188.99,189.0,186.71,187.21,2872735,538158575.22
20260423102000000,187.2,190.5,187.2,189.98,2241286,424582714.06
20260423102500000,189.8,190.97,189.3,190.88,2489877,473652293.44
20260423103000000,190.88,190.97,188.51,188.55,1336400,253631910.0
20260423103500000,188.57,188.99,187.5,188.25,1338455,251880818.42
20260423104000000,188.2,188.88,187.65,187.71,1060000,199483401.0
20260423104500000,187.72,188.14,186.51,186.51,2183518,409035669.33
20260423105000000,186.52,187.29,186.41,187.29,1695904,316659896.93
20260423105500000,187.29,187.51,186.81,187.41,992444,185721371.84
20260423110000000,187.5,189.45,187.5,188.91,964000,181948336.8
20260423110500000,189.04,190.44,188.92,189.22,1112500,211125122.0
20260423111000000,189.23,189.23,188.6,188.72,651200,122986613.0
20260423111500000,188.71,188.71,187.58,187.71,773100,145353906.0
20260423112000000,187.58,188.55,187.5,187.88,746639,140361971.23
20260423112500000,187.86,188.02,187.0,187.32,867250,162559347.5
20260423113000000,187.33,187.48,186.96,187.22,737008,137976402.36
20260423130500000,187.0,187.0,185.02,186.16,4984795,926979354.98
20260423131000000,186.11,187.24,185.75,187.21,1681670,313237866.7
20260423131500000,187.19,188.55,187.0,188.43,1566672,294127779.3
20260423132000000,188.54,188.99,187.83,188.26,1473435,277885273.75
20260423132500000,188.41,188.42,186.75,186.75,1070200,201012690.45
20260423133000000,186.78,186.78,185.84,186.35,1311868,244252388.15
20260423133500000,186.39,187.79,186.35,187.71,991980,185578837.8
20260423134000000,187.74,188.38,187.68,187.88,873735,164293494.8
20260423134500000,187.82,189.24,187.82,189.0,1266460,239054351.4
20260423135000000,188.99,190.18,188.99,190.18,1498900,284315815.0
20260423135500000,190.09,190.85,189.0,189.29,1257400,238863014.0
20260423140000000,189.34,190.7,189.34,189.8,1108375,210835526.95
20260423140500000,189.86,190.41,189.0,189.05,878700,166592441.0
20260423141000000,189.03,189.05,186.73,186.8,1177800,221053217.0
20260423141500000,186.78,187.45,186.0,186.17,1492100,278547804.0
20260423142000000,186.22,186.53,186.0,186.15,1260897,234788430.95
20260423142500000,186.11,186.11,185.01,185.01,2370282,439351182.53
20260423143000000,185.01,185.42,184.19,184.27,1787719,330426002.83
20260423143500000,184.38,185.6,184.2,185.6,1971899,364410513.42
20260423144000000,185.6,186.75,185.05,186.67,1174100,218236268.4
20260423144500000,186.61,186.61,185.32,185.92,1641300,304682557.0
20260423145000000,186.01,187.25,186.0,186.42,1488134,277824469.95
20260423145500000,186.44,186.82,186.38,186.4,1451766,270975339.4
20260423150000000,186.36,186.98,186.36,186.66,1781984,332638997.25
20260424093500000,193.5,195.97,192.06,192.06,16300793,3164715258.4
20260424094000000,191.95,192.51,189.1,190.06,6571934,1253614026.91
20260424094500000,190.47,192.34,188.88,189.16,3960377,755740960.04
20260424095000000,188.98,193.2,188.98,193.2,3235789,617857621.03
20260424095500000,193.46,193.88,191.7,192.06,3437500,664464927.3
20260424100000000,192.06,192.46,191.0,191.48,1963047,376523321.53
20260424100500000,191.55,191.55,188.56,188.56,2889700,547948757.41
20260424101000000,188.76,189.9,188.73,189.53,2038113,386159942.2
20260424101500000,189.53,190.78,189.5,190.21,1349100,256413686.0
20260424102000000,190.16,190.16,186.02,186.02,2972700,558588425.46
20260424102500000,186.1,187.78,186.1,186.71,2251272,420680977.5
20260424103000000,186.71,187.95,186.61,187.03,1287900,240940280.25
20260424103500000,187.05,190.05,186.75,189.6,2730809,515948605.99
20260424104000000,189.33,190.0,188.8,189.98,1386390,262777487.12
20260424104500000,189.85,190.0,188.12,188.12,878600,166180240.28
20260424105000000,188.38,188.52,186.38,186.5,1478265,276647809.11
20260424105500000,186.49,186.62,185.57,186.0,2029499,377491895.22
20260424110000000,186.04,186.23,185.58,185.7,1393596,258938378.28
20260424110500000,185.7,185.76,182.02,182.02,7182312,1316595174.57
20260424111000000,182.06,183.58,181.7,182.4,5325812,970694292.34
20260424111500000,182.39,183.5,181.98,182.26,2084000,380611301.0
20260424112000000,182.25,182.8,181.44,182.07,2124776,386818968.68
20260424112500000,182.06,183.54,182.06,182.18,1149829,210311110.56
20260424113000000,182.36,182.36,181.2,181.81,1787600,324801533.48
20260424130500000,181.0,182.0,180.19,181.01,3464987,628008454.53
20260424131000000,181.01,181.01,179.65,179.87,3356294,604366081.23
20260424131500000,179.88,180.63,179.04,180.63,2908332,522155565.4
20260424132000000,180.77,182.79,180.77,182.13,1810000,329223000.85
20260424132500000,182.13,183.73,181.56,183.7,1512800,276691568.16
20260424133000000,183.78,186.33,183.68,185.9,2003100,371013866.19
20260424133500000,185.86,186.27,184.5,184.5,1283561,237858413.53
20260424134000000,184.48,186.26,184.18,186.26,1156928,214380042.8
20260424134500000,186.26,186.26,183.68,184.15,1211500,223793007.8
20260424135000000,183.7,184.98,183.7,183.91,831600,153334213.0
20260424135500000,183.88,184.38,183.76,184.1,856000,157528405.0
20260424140000000,184.18,185.11,184.14,184.88,878700,162243790.7
20260424140500000,184.88,186.51,184.85,186.1,1142833,212435954.35
20260424141000000,186.01,187.57,185.97,187.55,1352800,252718643.0
20260424141500000,187.52,187.52,186.77,186.9,1062700,198851074.0
20260424142000000,186.8,188.26,186.8,187.88,1638419,307584748.0
20260424142500000,187.9,188.16,186.96,187.97,1069800,200791975.76
20260424143000000,187.99,188.08,187.7,188.01,927100,174219764.0
20260424143500000,188.06,188.1,186.24,188.1,1053398,197171951.3
20260424144000000,188.01,190.5,187.64,190.0,3410285,646010561.74
20260424144500000,189.95,189.95,188.66,188.8,2276300,430516521.03
20260424145000000,188.85,188.85,186.99,187.84,1586249,297822329.0
20260424145500000,187.85,188.12,187.75,188.03,1586100,298110220.04
20260424150000000,188.03,188.03,187.72,187.9,1789251,336209950.89
20260427093500000,188.0,188.79,181.56,182.5,13892354,2577195562.5
20260427094000000,182.18,182.5,179.0,182.5,9491385,1715864436.45
20260427094500000,182.76,185.53,182.64,185.21,5366349,985507122.56
20260427095000000,185.18,187.5,185.18,186.89,4789982,893287653.42
20260427095500000,186.6,186.92,184.27,185.1,3037202,563354792.09
20260427100000000,185.17,187.9,184.09,187.9,2821654,522708216.56
20260427100500000,187.99,188.88,185.85,186.76,3058400,574112709.07
20260427101000000,186.58,186.87,185.0,186.06,1652700,307098254.2
20260427101500000,186.06,187.72,185.36,187.68,1301900,242938156.0
20260427102000000,187.67,188.48,187.36,187.76,2021100,380054075.35
20260427102500000,187.83,188.87,187.48,188.08,1773766,333832960.74
20260427103000000,188.02,189.3,187.99,187.99,2045300,385908756.62
20260427103500000,187.98,187.98,186.39,186.76,1901500,355941092.0
20260427104000000,186.78,188.35,186.7,188.0,943600,177065071.0
20260427104500000,188.0,189.15,187.58,188.16,1430489,269691371.61
20260427105000000,188.17,188.33,187.4,187.48,999000,187624078.0
20260427105500000,187.45,187.46,186.78,187.16,832700,155792451.0
20260427110000000,187.19,187.4,186.59,186.62,867000,162118703.44
20260427110500000,186.58,187.57,186.4,186.92,943000,176048575.0
20260427111000000,186.88,187.78,186.48,187.74,606510,113557519.5
20260427111500000,187.72,187.75,186.8,187.01,580639,108614122.27
20260427112000000,187.0,187.08,185.68,186.2,908902,169448481.9
20260427112500000,186.18,187.08,186.18,187.02,473903,88519963.31
20260427113000000,186.94,187.48,186.68,187.36,394776,73832659.42
20260427130500000,187.36,187.69,186.2,186.64,914026,170734343.76
20260427131000000,186.63,186.65,185.59,186.03,1048298,194965619.11
20260427131500000,186.03,186.12,185.73,185.92,784699,145863598.13
20260427132000000,185.9,189.32,185.0,189.3,2135753,400388335.74
20260427132500000,189.35,190.5,187.7,187.76,2914874,552095020.38
20260427133000000,187.66,188.16,187.15,187.89,1267400,238011592.0
20260427133500000,187.9,187.94,186.39,186.39,1172300,219571986.58
20260427134000000,186.44,186.58,185.78,186.16,926895,172484652.4
20260427134500000,186.15,186.36,185.66,185.87,764700,142235437.0
20260427135000000,185.82,186.24,185.79,186.1,692900,128887347.0
20260427135500000,186.1,186.56,185.95,186.15,1041900,193957087.0
20260427140000000,186.12,186.63,185.8,186.63,617097,114847894.46
20260427140500000,186.63,186.67,185.63,185.68,834903,155376853.87
20260427141000000,185.69,185.92,185.52,185.85,786600,146059621.0
20260427141500000,185.99,185.99,185.31,185.56,900300,167041224.0
20260427142000000,185.58,185.97,185.0,185.17,2039239,377774786.86
20260427142500000,185.09,186.3,184.96,186.2,1476124,273857284.16
20260427143000000,186.2,186.38,185.82,186.38,749900,139528381.78
20260427143500000,186.38,186.39,185.68,185.68,666500,123940336.0
20260427144000000,185.75,186.53,185.67,186.43,988198,183902302.38
20260427144500000,186.4,186.67,186.2,186.49,1221604,227789335.98
20260427145000000,186.48,186.48,185.9,186.03,1257196,233946349.48
20260427145500000,186.03,186.6,185.92,186.55,1763890,328323988.36
20260427150000000,185.99,186.7,185.87,186.7,1645703,306904261.71
20260428093500000,187.0,189.65,183.45,186.0,8327733,1558724825.61
20260428094000000,185.6,185.6,181.57,181.6,5298940,972540087.91
20260428094500000,181.62,183.47,181.28,181.32,4489137,817986582.47
20260428095000000,181.65,183.8,181.51,182.77,2444121,446439744.47
20260428095500000,182.92,184.86,182.65,184.86,1934513,354542831.38
20260428100000000,184.86,185.99,183.92,185.98,1937833,358601788.04
20260428100500000,185.94,185.94,183.68,184.21,1421239,262406000.52
20260428101000000,184.2,184.45,182.72,182.84,1227700,224962371.0
20260428101500000,183.24,184.76,183.22,184.61,1386884,255292798.96
20260428102000000,184.61,187.72,184.61,187.5,2618896,488468126.38
20260428102500000,187.4,187.4,185.86,187.29,1781555,332698364.89
20260428103000000,187.63,188.69,187.63,188.62,3290300,619524028.14
20260428103500000,188.63,188.63,185.65,185.83,1517110,283157831.12
20260428104000000,185.8,185.94,184.5,185.09,1367700,253375136.0
20260428104500000,185.11,187.05,185.11,186.82,922355,171696378.8
20260428105000000,186.89,187.1,185.67,185.95,894000,166772115.0
20260428105500000,186.06,186.23,185.28,185.41,668600,124157718.0
20260428110000000,185.3,185.3,184.66,184.73,824117,152429948.22
20260428110500000,184.73,185.53,184.5,185.35,942583,174224424.61
20260428111000000,185.16,186.0,184.86,184.86,705900,130950364.0
20260428111500000,184.87,185.43,184.85,185.42,591100,109406999.0
20260428112000000,185.55,187.5,184.99,187.38,840350,156726474.9
20260428112500000,187.79,189.22,187.59,189.22,3282800,618405643.0
20260428113000000,189.3,190.0,189.0,189.9,4212540,799082435.77
20260428130500000,190.0,190.0,187.7,188.23,2318200,437711787.0
20260428131000000,188.23,188.23,185.99,186.3,1425100,266283167.74
20260428131500000,186.3,186.45,185.6,185.71,1272600,236589934.12
20260428132000000,185.73,185.84,185.28,185.35,1194500,221603200.3
20260428132500000,185.35,185.81,185.26,185.46,1024500,190032136.85
20260428133000000,185.46,185.81,185.28,185.61,751500,139401728.0
20260428133500000,185.58,186.1,185.45,185.68,635200,117937879.0
20260428134000000,185.68,185.68,185.08,185.34,835000,154780506.0
20260428134500000,185.33,186.09,185.14,185.63,522100,96866049.0
20260428135000000,185.63,186.08,185.5,185.52,636200,118168752.0
20260428135500000,185.54,185.7,185.08,185.66,476200,88241808.0
20260428140000000,185.63,185.63,185.28,185.28,545400,101104169.0
20260428140500000,185.25,185.28,184.51,184.51,1177500,217674680.56
20260428141000000,184.42,184.64,183.6,184.07,1310158,241155194.42
20260428141500000,184.09,184.79,184.09,184.18,781600,144134211.11
20260428142000000,184.18,184.2,182.9,182.91,2111365,386759223.75
20260428142500000,182.91,183.38,182.6,182.9,914859,167403651.74
20260428143000000,182.87,183.42,182.5,183.09,1254293,229275052.47
20260428143500000,183.09,183.58,183.0,183.0,933741,171049476.23
20260428144000000,183.0,183.91,183.0,183.45,782000,143428031.0
20260428144500000,183.5,183.67,183.38,183.57,813756,149310594.32
20260428145000000,183.56,184.54,183.55,184.48,1442237,265617298.2
20260428145500000,184.5,184.5,183.51,183.82,1459373,268421968.24
20260428150000000,183.85,183.9,183.62,183.9,1407883,258771911.52
20260429093500000,180.61,184.42,180.61,182.09,8770990,1599774938.71
20260429094000000,181.95,183.62,181.12,183.58,3977924,724830463.6
20260429094500000,183.65,183.96,181.11,181.5,3595356,656227832.91
20260429095000000,181.5,181.93,180.55,181.88,3660084,662621445.44
20260429095500000,181.69,182.74,181.3,181.3,1699515,309258712.47
20260429100000000,181.03,182.2,180.65,181.3,1699905,308317936.97
20260429100500000,181.29,181.29,177.86,177.88,6110299,1095731324.56
20260429101000000,177.85,178.0,177.0,178.0,6580645,1167815260.73
20260429101500000,178.0,181.56,177.91,181.52,3023750,543877839.3
20260429102000000,181.51,183.47,181.48,182.54,3209498,586149337.4
20260429102500000,182.8,184.42,182.8,183.3,3069030,564036071.7
20260429103000000,183.07,183.3,182.16,183.05,1181200,215730853.0
20260429103500000,183.04,185.1,183.0,185.0,2595700,478650667.3
20260429104000000,184.99,185.1,183.98,184.02,1667800,307812637.69
20260429104500000,184.0,185.06,183.72,184.72,1493922,275899551.78
20260429105000000,184.72,186.07,184.72,185.68,2665580,494694429.44
20260429105500000,185.65,186.07,185.46,185.9,1396190,259371385.7
20260429110000000,185.77,188.46,185.77,188.0,3538028,663576884.2
20260429110500000,188.0,189.09,187.26,187.26,2833373,534601947.8
20260429111000000,187.04,188.42,186.9,187.69,1320837,247469198.1
20260429111500000,187.69,188.44,187.69,188.24,1083296,203855651.04
20260429112000000,188.3,188.3,187.32,187.36,897500,168521964.27
20260429112500000,187.4,187.4,186.08,186.33,1033470,192979729.94
20260429113000000,186.3,186.92,185.51,186.19,915636,170339963.41
20260429130500000,186.18,186.99,185.63,186.73,1051800,195910352.5
20260429131000000,186.65,187.18,185.54,185.54,818500,152589117.36
20260429131500000,185.56,185.82,185.0,185.01,1058500,196170452.7
20260429132000000,185.44,186.27,184.72,185.25,973405,180496838.61
20260429132500000,185.21,185.85,184.86,185.04,657400,121759500.0
20260429133000000,185.01,185.38,184.8,184.98,646800,119653866.0
20260429133500000,185.0,185.88,184.98,185.58,806199,149434330.01
20260429134000000,185.5,185.95,185.06,185.6,736177,136674283.29
20260429134500000,185.58,185.87,185.49,185.79,661937,122923855.98
20260429135000000,185.82,185.88,185.1,185.67,908400,168434664.0
20260429135500000,185.6,185.84,185.03,185.34,547435,101502214.15
20260429140000000,185.3,185.36,184.79,184.85,719265,133031703.85
20260429140500000,184.8,184.82,183.76,183.82,1637374,301545396.62
20260429141000000,183.82,184.7,183.8,184.55,844150,155549432.0
20260429141500000,184.56,184.99,184.56,184.85,675900,124943756.0
20260429142000000,184.98,184.98,184.15,184.88,608000,112219505.0
20260429142500000,184.89,185.12,184.52,185.0,803500,148530854.0
20260429143000000,184.9,185.1,184.65,184.65,610491,112862976.17
20260429143500000,184.6,185.04,184.55,184.55,674362,124629081.65
20260429144000000,184.65,184.71,184.03,184.49,1147300,211482342.0
20260429144500000,184.48,184.73,184.3,184.36,1044578,192670826.15
20260429145000000,184.35,184.58,184.28,184.38,1477800,272584789.84
20260429145500000,184.39,184.39,183.98,183.98,2120200,390464930.32
20260429150000000,183.98,184.25,183.9,184.25,1592083,293082657.64
20260430093500000,189.78,191.88,187.71,191.3,13723252,2606523197.81
20260430094000000,190.24,190.6,188.47,189.3,5204145,986916794.65
20260430094500000,189.37,189.97,185.91,188.7,3405146,639078317.35
20260430095000000,188.35,188.35,183.93,184.6,3658375,678849510.54
20260430095500000,184.6,185.11,183.68,184.97,3513213,647435371.58
20260430100000000,184.89,185.83,184.57,185.56,2094700,387994516.75
20260430100500000,185.32,186.88,184.99,185.39,1731501,322211855.5
20260430101000000,185.35,185.35,183.38,185.0,1836101,338354000.94
20260430101500000,184.8,185.0,184.16,184.37,981941,181222435.34
20260430102000000,184.15,184.47,183.01,183.46,2162736,397199881.6
20260430102500000,183.64,184.48,183.21,183.89,1299580,239131621.6
20260430103000000,183.82,184.31,183.39,184.16,1127930,207401099.6
20260430103500000,184.12,184.12,182.38,182.86,1644122,300811034.29
20260430104000000,182.89,183.99,182.69,183.99,1330101,243632094.38
20260430104500000,183.99,185.36,183.99,184.44,1474418,272295616.38
20260430105000000,184.44,185.46,184.33,185.0,660900,122234927.0
20260430105500000,184.83,186.2,184.83,185.77,1201800,223231367.0
20260430110000000,185.77,185.77,184.05,184.3,675597,124794386.37
20260430110500000,184.21,184.21,181.93,182.94,2330803,425671011.48
20260430111000000,182.91,184.66,182.41,184.42,1214187,222533819.37
20260430111500000,184.46,186.5,184.45,185.0,1664282,308834169.36
20260430112000000,185.0,185.21,184.67,184.7,621800,114980295.3
20260430112500000,184.7,184.97,184.01,184.78,612500,113070054.34
20260430113000000,184.94,186.2,184.74,185.82,1089552,202267236.69
20260430130500000,185.74,187.68,184.73,185.3,1983800,369572837.72
20260430131000000,185.3,187.31,185.02,187.26,1201856,223976091.51
20260430131500000,187.24,187.74,186.01,186.73,1388888,259722666.8
20260430132000000,186.8,187.12,186.04,186.73,960371,179314199.36
20260430132500000,186.73,188.19,186.6,188.19,1801269,338188677.94
20260430133000000,188.18,189.0,187.8,188.38,1805343,340340112.0
20260430133500000,188.38,188.5,187.2,188.31,1095900,206046616.88
20260430134000000,188.22,188.72,188.18,188.39,1253403,236187150.71
20260430134500000,188.21,188.39,187.7,187.94,891300,167590086.0
20260430135000000,187.91,188.02,186.78,186.8,920200,172311190.0
20260430135500000,186.79,186.8,185.7,185.97,1381600,257049034.18
20260430140000000,185.97,186.23,185.48,185.75,775593,144102355.52
20260430140500000,185.74,185.99,185.45,185.6,644086,119576615.89
20260430141000000,185.61,185.89,185.17,185.75,594699,110407494.57
20260430141500000,185.71,186.5,185.63,186.27,979300,182171949.0
20260430142000000,186.27,186.48,185.62,185.63,515300,95780194.0
20260430142500000,185.58,186.68,185.57,186.67,711200,132477252.0
20260430143000000,186.6,187.0,186.18,186.73,621400,115994437.0
20260430143500000,186.74,187.2,186.7,186.7,770500,144081003.0
20260430144000000,186.63,186.73,186.11,186.38,1044500,194640491.0
20260430144500000,186.42,187.03,186.3,186.91,1366162,255199168.49
20260430145000000,186.94,186.99,186.5,186.98,1043834,195014970.68
20260430145500000,186.99,186.99,186.7,186.7,1363100,254660866.72
20260430150000000,186.73,186.75,186.69,186.73,1669442,311726407.08
20260506093500000,191.8,194.94,189.14,189.14,14925373,2869656525.11
20260506094000000,189.0,190.15,187.02,190.15,6476047,1219736751.93
20260506094500000,190.3,195.88,190.3,195.5,6741980,1308522756.69
20260506095000000,195.67,198.11,194.9,196.5,5856412,1151104563.54
20260506095500000,196.5,196.5,193.98,193.99,2678688,521746277.88
20260506100000000,194.0,194.6,191.18,191.4,3022577,583155452.02
20260506100500000,191.47,192.0,190.1,190.62,3604932,689278456.28
20260506101000000,190.46,191.19,189.5,191.19,2744248,522029272.06
20260506101500000,190.99,194.78,190.99,194.51,2240169,432458773.16
20260506102000000,194.5,195.6,194.02,195.0,2020822,393992100.19
20260506102500000,195.21,195.42,194.5,195.4,1583123,308697194.85
20260506103000000,195.4,195.6,193.86,194.1,1256317,244673105.91
20260506103500000,194.11,196.58,194.1,196.5,2003393,392129473.57
20260506104000000,196.5,197.55,195.7,196.91,1936200,380983216.18
20260506104500000,197.06,198.3,197.0,198.3,2293914,453549214.74
20260506105000000,198.33,198.65,196.6,196.73,1757688,347932028.68
20260506105500000,196.89,198.8,196.81,198.19,1485989,294448620.82
20260506110000000,197.8,198.19,196.65,198.19,1386665,273729415.05
20260506110500000,198.13,199.03,197.43,197.67,1670526,331537047.89
20260506111000000,197.7,198.29,195.0,195.43,1504800,295693673.0
20260506111500000,195.35,195.8,193.99,195.28,1556608,303104109.5
20260506112000000,195.28,196.23,195.28,196.23,758381,148388212.09
20260506112500000,196.5,197.27,195.68,195.9,604400,118718569.0
20260506113000000,195.93,196.1,195.0,195.0,555250,108595047.9
20260506130500000,195.02,197.88,195.02,197.37,1474405,289947647.0
20260506131000000,197.55,197.9,196.66,197.2,801412,158163681.12
20260506131500000,197.04,198.49,195.7,195.71,1310284,258098495.52
20260506132000000,195.64,195.64,194.0,194.5,1710492,332871167.6
20260506132500000,194.55,195.0,193.52,193.88,1702400,330306872.66
20260506133000000,193.85,194.21,193.02,193.61,1212216,234581550.8
20260506133500000,193.59,193.59,192.05,193.26,1473236,283977032.28
20260506134000000,193.2,194.6,193.0,194.53,738200,143153619.0
20260506134500000,194.56,194.58,193.8,194.32,675051,131052796.27
20260506135000000,194.46,196.0,194.21,194.29,1393300,272123782.0
20260506135500000,194.29,195.24,194.29,194.48,666000,129734979.0
20260506140000000,194.4,196.0,194.2,195.6,1316300,257041024.89
20260506140500000,195.54,195.54,193.23,193.45,890100,173048958.93
20260506141000000,193.3,193.51,192.65,192.66,1120904,216451674.4
20260506141500000,192.68,192.78,191.71,192.51,2049828,393763715.82
20260506142000000,192.56,192.56,191.16,192.1,1802400,345717412.0
20260506142500000,192.05,192.29,191.45,191.55,958900,183996717.0
20260506143000000,191.41,191.71,190.99,191.31,1507737,288515250.4
20260506143500000,191.35,191.77,190.95,191.2,1183893,226428059.69
20260506144000000,191.25,192.04,191.2,191.97,1059797,202981614.19
20260506144500000,191.92,191.92,191.0,191.28,1225297,234359813.22
20260506145000000,191.3,191.51,190.95,191.3,1844713,352704711.52
20260506145500000,191.4,192.31,191.4,192.04,1581100,303384291.97
20260506150000000,192.01,192.01,191.81,191.88,1630160,312851381.56
20260507093500000,188.43,189.5,185.88,189.15,10779735,2022706752.54
20260507094000000,189.17,189.84,187.15,187.87,4762599,895609910.79
20260507094500000,188.01,188.39,185.88,186.84,6019459,1123891238.3
20260507095000000,186.93,192.5,186.93,192.01,4300473,818164207.18
20260507095500000,192.05,193.55,192.05,193.06,3993107,769981756.47
20260507100000000,193.02,197.03,193.02,197.03,5789051,1131695581.98
20260507100500000,197.12,197.23,195.59,197.0,4013900,788598976.02
20260507101000000,197.0,199.84,197.0,199.84,5771553,1146015026.12
20260507101500000,200.0,200.83,198.0,199.26,5055262,1009124101.69
20260507102000000,199.25,202.5,198.45,201.13,4276264,858672787.98
20260507102500000,201.35,203.37,200.34,203.22,2935148,592019724.34
20260507103000000,203.31,205.3,203.11,204.83,3505304,716356753.56
20260507103500000,204.8,207.29,204.49,207.29,2926808,602549569.79
20260507104000000,207.5,207.8,206.88,207.0,2374171,492141988.57
20260507104500000,207.2,207.29,206.0,206.59,1534716,317099888.53
20260507105000000,206.81,209.66,206.81,209.39,2231946,465591941.64
20260507105500000,209.2,210.65,209.14,209.25,2363203,496073943.62
20260507110000000,209.15,210.6,209.05,209.64,1216221,255160011.2
20260507110500000,209.64,209.64,206.88,207.38,1697210,352382185.0
20260507111000000,207.52,209.89,207.35,209.89,1114069,232446726.82
20260507111500000,209.85,210.28,208.24,210.13,1039602,217760498.1
20260507112000000,210.13,211.07,209.83,211.07,3460173,729852992.55
20260507112500000,211.07,211.07,211.07,211.07,305529,64488006.03
20260507113000000,211.07,211.07,211.07,211.07,174900,36916143.0
20260507130500000,211.07,211.07,211.07,211.07,708650,149574755.5
20260507131000000,211.07,211.07,211.07,211.07,255093,53842479.51
20260507131500000,211.07,211.07,211.07,211.07,160500,33876735.0
20260507132000000,211.07,211.07,211.07,211.07,188400,39765588.0
20260507132500000,211.07,211.07,211.07,211.07,225800,47659606.0
20260507133000000,211.07,211.07,211.07,211.07,210025,44329976.75
20260507133500000,211.07,211.07,211.07,211.07,149000,31449430.0
20260507134000000,211.07,211.07,211.07,211.07,540300,114041121.0
20260507134500000,211.07,211.07,211.07,211.07,587200,123940304.0
20260507135000000,211.07,211.07,211.07,211.07,96400,20347148.0
20260507135500000,211.07,211.07,211.07,211.07,201000,42425070.0
20260507140000000,211.07,211.07,211.07,211.07,190700,40251049.0
20260507140500000,211.07,211.07,211.07,211.07,72700,15344789.0
20260507141000000,211.07,211.07,211.07,211.07,89800,18954086.0
20260507141500000,211.07,211.07,211.07,211.07,63000,13297410.0
20260507142000000,211.07,211.07,211.07,211.07,46000,9709220.0
20260507142500000,211.07,211.07,211.07,211.07,155300,32779171.0
20260507143000000,211.07,211.07,211.07,211.07,80400,16970028.0
20260507143500000,211.07,211.07,211.07,211.07,61800,13044126.0
20260507144000000,211.07,211.07,211.07,211.07,238890,50422512.3
20260507144500000,211.07,211.07,211.07,211.07,156700,33074669.0
20260507145000000,211.07,211.07,211.07,211.07,148700,31386109.0
20260507145500000,211.07,211.07,211.07,211.07,145800,30774006.0
20260507150000000,211.07,211.07,211.07,211.07,258207,54499751.49
20260508093500000,210.0,212.11,208.0,208.96,12736469,2680755783.97
20260508094000000,209.02,210.77,209.02,209.48,4907512,1029060531.75
20260508094500000,209.26,211.79,208.58,210.26,4702564,990471186.87
20260508095000000,210.77,213.34,208.61,212.99,4993695,1052110139.24
20260508095500000,212.61,212.65,211.18,211.18,2477326,524996879.89
20260508100000000,211.13,211.13,208.79,209.08,3409513,714140757.61
20260508100500000,209.07,209.07,206.9,208.3,5066615,1053493932.56
20260508101000000,208.3,208.41,207.27,208.12,2172696,451366524.98
20260508101500000,208.09,208.09,207.23,207.3,1833262,380237394.28
20260508102000000,207.27,207.47,206.11,206.96,2798616,578183294.1
20260508102500000,207.6,208.29,207.08,207.99,1217070,252570478.84
20260508103000000,207.81,208.8,207.5,208.42,698845,145447331.57
20260508103500000,208.45,208.99,207.66,208.93,914500,190569977.0
20260508104000000,208.93,209.99,208.61,209.81,920245,192757666.2
20260508104500000,209.85,210.5,209.65,209.7,918660,192940685.6
20260508105000000,209.7,210.1,208.41,208.8,620388,129934579.56
20260508105500000,208.87,208.95,207.59,207.7,720700,150052537.96
20260508110000000,207.7,208.66,207.56,207.56,628000,130600075.0
20260508110500000,207.54,207.6,206.66,206.85,1612800,333974102.0
20260508111000000,206.87,207.4,206.59,207.11,1179086,243911739.31
20260508111500000,207.01,207.06,206.51,206.8,891699,184404053.64
20260508112000000,206.82,207.6,206.52,206.77,763400,157902199.0
20260508112500000,206.73,207.5,206.03,207.5,1652977,341262741.34
20260508113000000,207.55,207.59,207.0,207.39,394146,81685185.3
20260508130500000,207.37,209.02,207.37,208.0,790916,164583202.44
20260508131000000,208.0,209.05,208.0,208.83,722300,150716346.0
20260508131500000,208.84,210.39,208.77,210.16,1428472,299790444.6
20260508132000000,210.16,210.69,210.0,210.06,1357798,285625646.74
20260508132500000,210.06,211.28,209.6,209.6,1765536,371942647.28
20260508133000000,209.6,210.09,209.24,209.3,1093121,229283074.71
20260508133500000,209.37,209.93,208.55,208.55,851451,178132581.97
20260508134000000,208.55,209.07,208.03,208.4,702149,146426537.6
20260508134500000,208.34,208.81,208.0,208.45,904500,188463976.0
20260508135000000,208.45,208.85,208.15,208.6,804564,167778469.6
20260508135500000,208.71,208.94,208.49,208.85,833000,173896225.0
20260508140000000,208.76,208.78,208.27,208.61,761680,158815593.25
20260508140500000,208.62,210.25,208.62,210.19,1359940,285326931.0
20260508141000000,210.17,211.69,210.17,210.74,1990393,420194542.45
20260508141500000,210.73,211.14,210.64,210.9,1287529,271680799.21
20260508142000000,210.81,213.14,210.73,212.5,2655000,563681780.84
20260508142500000,212.22,213.15,211.8,211.81,1725200,366814604.99
20260508143000000,211.83,212.58,211.17,212.22,1165495,246976152.83
20260508143500000,212.21,213.09,211.37,212.53,1367886,290495570.71
20260508144000000,212.39,212.49,210.5,210.81,1230055,260126872.07
20260508144500000,210.67,210.84,210.34,210.72,1092135,230073874.25
20260508145000000,210.68,210.83,210.33,210.7,1114365,234662262.55
20260508145500000,210.71,211.06,210.45,211.0,1764586,372019815.1
20260508150000000,211.0,211.39,210.76,211.39,2540485,536484787.56
20260511093500000,212.0,212.5,208.5,211.98,9160866,1933757380.43
20260511094000000,212.02,216.6,212.02,215.97,6629835,1426160042.07
20260511094500000,215.87,215.91,213.0,213.93,3590790,769936770.82
20260511095000000,213.88,216.93,213.07,216.93,3680566,792217396.85
20260511095500000,216.9,217.0,211.95,212.1,3891939,832834812.36
20260511100000000,211.65,211.65,209.58,211.45,3013972,634220903.86
20260511100500000,211.63,213.22,210.77,213.22,1962353,415436676.03
20260511101000000,213.36,218.04,213.36,218.04,3507721,757303277.31
20260511101500000,218.04,218.59,216.86,218.02,3367835,733042255.03
20260511102000000,217.99,219.76,217.66,217.7,2553512,558461862.82
20260511102500000,217.8,221.88,217.02,221.08,3427052,754741578.05
20260511103000000,221.13,221.29,219.33,220.99,1984235,437361440.43
20260511103500000,221.0,222.54,220.79,221.7,1873098,415531160.74
20260511104000000,221.16,221.67,218.51,219.15,1280552,281167090.76
20260511104500000,219.15,219.24,218.0,218.0,1018500,222765621.4
20260511105000000,217.91,220.12,217.76,217.9,1017900,222565177.34
20260511105500000,217.9,218.72,217.76,218.72,763900,166528692.44
20260511110000000,218.75,221.43,218.2,221.1,1077200,237308385.0
20260511110500000,220.89,221.22,218.33,218.38,1151802,253764698.44
20260511111000000,218.4,220.13,218.4,220.13,827300,181638361.0
20260511111500000,220.18,221.52,219.35,221.45,850000,187586772.0
20260511112000000,221.44,221.5,219.91,221.5,811250,179174088.5
20260511112500000,221.5,221.81,220.17,220.17,851500,188308624.56
20260511113000000,220.1,220.1,219.11,219.91,626657,137550342.79
20260511130500000,220.1,221.0,217.8,217.8,1660900,364816711.76
20260511131000000,217.67,218.35,216.68,217.3,1543400,335589328.6
20260511131500000,216.96,218.01,216.28,217.8,1067867,231779682.6
20260511132000000,217.94,218.47,216.88,218.47,834603,181632926.4
20260511132500000,218.47,219.69,217.96,218.99,1167008,255533670.04
20260511133000000,218.92,219.89,217.95,219.87,1141362,249845100.44
20260511133500000,219.9,220.38,218.8,218.8,1425237,313210926.29
20260511134000000,218.87,219.24,218.49,218.49,802600,175716234.0
20260511134500000,218.31,218.31,217.1,217.1,1357500,295459670.82
20260511135000000,217.12,217.39,215.88,216.0,1870576,404766523.44
20260511135500000,216.0,216.45,214.0,214.0,2335963,502891189.12
20260511140000000,214.0,215.88,213.95,215.0,2488040,534180134.64
20260511140500000,215.0,216.99,215.0,216.99,1354570,292161783.79
20260511141000000,217.0,218.09,216.7,218.08,890597,193507770.89
20260511141500000,218.15,218.87,218.06,218.32,944792,206259150.2
20260511142000000,218.3,218.3,217.28,217.46,900608,195964868.44
20260511142500000,217.48,219.99,217.48,219.6,1418824,310571196.76
20260511143000000,219.72,219.88,218.89,219.88,881200,193229858.0
20260511143500000,219.89,219.99,218.33,218.48,847900,185946281.0
20260511144000000,218.53,219.55,218.48,219.52,987676,216459189.88
20260511144500000,219.51,219.51,218.5,218.5,981800,215150259.0
20260511145000000,218.49,218.72,218.49,218.66,937003,204869575.82
20260511145500000,218.68,218.72,217.93,217.97,1378100,300716213.66
20260511150000000,217.98,218.3,217.95,218.3,1303060,284304315.43
20260512093500000,223.57,228.88,221.9,227.68,12107866,2730436306.02
20260512094000000,227.77,227.77,222.37,225.62,5787791,1303214004.37
20260512094500000,225.51,229.95,224.0,229.95,4193063,951735031.63
20260512095000000,229.98,230.0,224.3,226.8,4287726,971875689.51
20260512095500000,226.88,228.34,226.19,226.73,2170727,493261025.78
20260512100000000,226.67,228.59,226.67,228.38,1950088,444457690.92
20260512100500000,228.15,228.58,225.69,226.17,2198400,498970171.72
20260512101000000,226.17,228.3,225.68,225.68,1466400,333283642.63
20260512101500000,225.86,225.93,224.37,225.57,2086700,469193945.04
20260512102000000,225.36,226.0,223.8,224.22,2042877,458571782.32
20260512102500000,224.3,224.99,223.0,224.99,1812966,405651968.66
20260512103000000,224.85,225.0,223.2,223.2,1114067,249761130.31
20260512103500000,223.08,223.37,220.78,220.92,3119035,692041526.45
20260512104000000,220.88,223.35,220.86,221.8,1629242,361678753.6
20260512104500000,221.78,222.25,220.0,221.0,2674212,590145091.53
20260512105000000,221.01,221.6,218.0,219.2,3439941,754861949.09
20260512105500000,219.09,220.88,219.09,219.29,1457782,320389326.75
20260512110000000,219.28,219.66,218.3,218.91,1839319,402603015.89
20260512110500000,218.99,219.53,218.5,219.53,1362131,298255491.38
20260512111000000,219.66,221.59,219.66,220.9,1073000,236858276.0
20260512111500000,221.0,221.07,219.5,219.64,646700,142390340.24
20260512112000000,219.6,220.0,216.01,216.81,2297200,499809945.32
20260512112500000,216.48,216.79,214.81,215.05,3117309,672502277.68
20260512113000000,215.05,215.56,214.0,215.03,2458066,527736158.96
20260512130500000,214.99,216.49,213.82,214.04,2894371,621642398.97
20260512131000000,214.08,215.41,213.56,214.12,1589695,340846865.7
20260512131500000,213.99,217.03,213.82,217.02,1617081,349182097.58
20260512132000000,217.22,217.73,216.0,216.3,1295829,280990799.63
20260512132500000,216.5,218.23,216.5,217.95,1195739,260134725.59
20260512133000000,217.9,218.01,217.25,218.0,997224,217264695.12
20260512133500000,218.0,218.46,217.01,218.46,1040200,226660238.11
20260512134000000,218.49,219.5,218.2,218.32,1457088,318775329.54
20260512134500000,218.24,218.74,217.18,217.89,968550,211230173.77
20260512135000000,217.98,218.0,216.51,216.8,647404,140600993.27
20260512135500000,216.79,217.04,216.22,216.22,552156,119656432.44
20260512140000000,216.19,218.1,216.18,217.66,649238,140987725.87
20260512140500000,217.66,217.97,217.26,217.26,661628,144012909.4
20260512141000000,217.21,217.89,216.92,217.57,605700,131699868.0
20260512141500000,217.5,217.58,216.9,217.1,481713,104586160.18
20260512142000000,217.1,220.93,217.1,220.5,1388344,305061320.96
20260512142500000,220.51,220.87,218.84,220.28,980456,215953157.02
20260512143000000,220.29,220.29,219.56,219.84,580000,127489136.0
20260512143500000,219.88,220.59,219.8,220.58,663648,146084203.14
20260512144000000,220.6,220.79,219.85,220.55,803000,176921218.0
20260512144500000,220.56,220.99,220.56,220.67,917276,202565626.37
20260512145000000,220.67,220.68,220.3,220.3,791000,174441786.76
20260512145500000,220.28,220.28,219.3,219.6,1142790,251060815.0
20260512150000000,219.58,219.58,219.43,219.46,1177975,258515071.25
20260513093500000,213.0,218.22,213.0,215.2,7385690,1591081104.23
20260513094000000,215.16,218.86,215.06,218.1,3239347,703830678.15
20260513094500000,218.04,218.44,216.2,216.76,2803129,608653602.45
20260513095000000,216.65,217.82,215.3,216.08,2329119,504045699.4
20260513095500000,216.08,217.35,215.15,216.31,2071966,448106187.28
20260513100000000,216.3,216.37,214.4,214.98,2446360,526333891.34
20260513100500000,214.98,216.23,214.04,216.23,2384039,511432452.89
20260513101000000,216.27,217.8,215.18,217.8,1319514,285705567.86
20260513101500000,217.9,221.5,217.9,221.3,4047081,890081512.75
20260513102000000,221.42,224.92,221.0,224.41,4903913,1097578289.57
20260513102500000,224.5,225.6,223.01,223.01,2794819,626546451.89
20260513103000000,223.0,223.88,221.93,222.08,1577529,351615382.8
20260513103500000,222.26,224.77,222.0,224.77,1480701,329853914.41
20260513104000000,224.82,225.6,224.0,224.68,1877100,422335924.0
20260513104500000,224.51,224.51,220.82,221.3,1748416,388626454.48
20260513105000000,221.3,221.54,220.5,220.87,1348380,298028544.35
20260513105500000,220.55,220.74,219.52,220.59,1264426,278391977.86
20260513110000000,220.7,221.1,219.61,219.61,736800,162413497.0
20260513110500000,219.48,219.82,218.39,219.81,1485665,325528528.68
20260513111000000,219.8,220.0,217.6,217.7,961500,210355924.0
20260513111500000,217.6,218.41,217.0,218.01,1109200,241404783.5
20260513112000000,217.96,218.9,217.5,218.81,971995,212048578.6
20260513112500000,218.85,219.95,218.75,219.9,907700,199124424.0
20260513113000000,220.01,220.99,220.0,220.8,770100,169738392.9
20260513130500000,221.1,222.46,220.19,220.19,1649358,365234971.42
20260513131000000,220.7,222.38,220.0,222.27,937282,207185126.64
20260513131500000,222.27,222.36,220.0,220.11,1057400,233860267.82
20260513132000000,220.01,220.54,219.02,219.05,1138728,250339345.23
20260513132500000,219.08,220.36,219.06,219.81,1097619,241166090.53
20260513133000000,219.78,219.94,218.85,219.14,1092183,239755248.56
20260513133500000,219.18,219.87,219.16,219.38,935300,205295503.0
20260513134000000,219.4,219.86,219.2,219.68,848446,186320459.44
20260513134500000,219.68,220.26,219.6,219.9,906500,199390232.0
20260513135000000,219.87,219.87,218.31,218.31,1197254,262323279.68
20260513135500000,218.31,219.23,217.85,219.0,1398091,305324675.92
20260513140000000,219.0,219.01,218.15,218.49,1188300,259769399.79
20260513140500000,218.5,218.58,217.85,217.99,1835419,400516297.53
20260513141000000,217.98,218.68,217.95,218.6,875250,190919256.73
20260513141500000,218.6,219.5,218.5,219.16,774910,169875329.89
20260513142000000,219.08,219.24,218.39,218.39,687790,150554632.2
20260513142500000,218.41,219.15,218.37,219.1,657359,143856725.16
20260513143000000,219.12,219.12,218.51,219.0,894600,195805961.01
20260513143500000,218.98,219.65,218.95,219.6,892268,195576439.8
20260513144000000,219.8,219.99,219.44,219.45,990954,217750879.56
20260513144500000,219.49,220.2,219.32,220.2,1065897,234052396.14
20260513145000000,220.29,221.45,220.29,220.8,1699584,375545735.19
20260513145500000,220.73,220.75,220.2,220.56,1368726,301772264.49
20260513150000000,220.59,220.75,220.56,220.75,1550324,342127572.07
20260514093500000,220.74,225.59,218.85,223.57,9169155,2042310325.61
20260514094000000,223.17,225.96,222.36,223.5,6066651,1360113990.95
20260514094500000,222.97,225.27,222.31,223.33,3957840,886099934.17
20260514095000000,222.84,223.83,221.01,222.33,3022973,672332482.13
20260514095500000,222.4,223.27,218.83,218.99,2982062,659549275.08
20260514100000000,219.06,219.36,217.0,218.27,4284200,934390184.39
20260514100500000,218.29,220.55,217.57,219.23,1917388,420319460.4
20260514101000000,219.38,219.71,218.08,218.96,1254316,274348084.28
20260514101500000,218.93,219.11,217.66,218.87,1538940,335649829.72
20260514102000000,218.87,219.99,216.98,216.99,2156698,469506836.97
20260514102500000,216.97,217.82,216.48,217.17,1150900,249759129.11
20260514103000000,217.05,218.19,217.05,217.25,868847,189212493.57
20260514103500000,217.25,217.99,216.8,217.41,990167,215195859.25
20260514104000000,217.41,217.6,216.78,217.11,1034150,224456559.62
20260514104500000,217.11,217.11,215.62,215.8,2671120,577458115.59
20260514105000000,215.88,218.02,215.88,218.0,1023700,222139594.0
20260514105500000,218.0,218.63,217.48,218.3,753600,164450382.0
20260514110000000,218.3,219.5,218.3,218.5,767501,168077786.94
20260514110500000,218.5,218.86,216.5,216.58,659832,143662821.32
20260514111000000,216.5,217.0,216.39,216.6,614700,133177141.0
20260514111500000,216.55,216.79,215.01,215.15,1502279,323938552.2
20260514112000000,215.3,216.0,214.98,214.98,1525300,328200007.41
20260514112500000,214.96,215.44,213.88,215.4,1557590,334077048.17
20260514113000000,215.33,216.21,215.2,216.18,503523,108617373.11
20260514130500000,216.2,216.2,213.51,214.16,1681223,360410267.13
20260514131000000,214.16,214.77,213.4,214.5,1455466,311471992.37
20260514131500000,214.5,216.76,214.3,216.35,1046370,225589210.02
20260514132000000,216.48,216.7,215.0,215.55,615200,132710015.0
20260514132500000,215.54,216.76,215.48,216.38,583100,126118762.0
20260514133000000,216.28,216.56,215.71,216.48,712184,154025549.88
20260514133500000,216.47,216.47,213.45,213.47,1139500,244324921.97
20260514134000000,213.47,214.42,213.42,214.18,1068743,228416425.99
20260514134500000,214.19,215.14,213.87,215.14,975053,208886217.77
20260514135000000,215.58,216.2,214.9,215.9,671404,144714288.9
20260514135500000,215.9,217.57,215.9,217.56,1140821,247325078.48
20260514140000000,217.56,217.56,215.88,215.95,539979,116941046.94
20260514140500000,215.98,217.27,215.58,217.02,766593,165955146.02
20260514141000000,217.0,218.45,217.0,217.89,1187684,258866274.48
20260514141500000,217.88,218.55,217.2,218.55,702706,153108846.76
20260514142000000,218.65,219.58,218.48,219.3,1201124,263089516.96
20260514142500000,219.29,219.43,217.49,217.49,759709,166257191.45
20260514143000000,217.5,218.01,217.01,217.6,722500,157254773.46
20260514143500000,217.62,218.19,217.33,217.93,601400,130954087.0
20260514144000000,217.82,218.3,217.12,217.77,777039,169157260.18
20260514144500000,217.77,218.17,216.8,216.8,893641,194472941.8
20260514145000000,216.74,217.01,216.33,216.34,1135470,245913886.0
20260514145500000,216.33,217.49,215.5,215.5,1619060,350508656.82
20260514150000000,215.4,215.4,214.47,214.89,2267731,487400588.48
20260515093500000,212.86,215.4,211.99,213.79,6825361,1455440053.96
20260515094000000,213.8,214.91,211.01,212.2,3673403,780606578.09
20260515094500000,212.21,212.99,208.92,209.09,5542519,1165913383.3
20260515095000000,209.0,209.26,203.0,203.05,8715380,1794388248.06
20260515095500000,203.72,205.6,202.0,203.57,6348904,1292376973.33
20260515100000000,203.6,204.99,198.8,199.99,8063549,1616863857.68
20260515100500000,199.99,202.31,197.0,202.31,7133112,1416369869.24
20260515101000000,202.39,204.8,201.24,204.0,4376547,890078083.78
20260515101500000,204.01,206.19,203.36,205.7,2938318,601999717.52
20260515102000000,206.09,206.33,205.06,206.07,1912300,393469653.5
20260515102500000,206.34,206.65,204.3,204.3,1524000,313798397.7
20260515103000000,204.26,205.2,203.69,204.0,1444700,295474380.0
20260515103500000,204.0,206.58,203.98,206.21,1856286,381938967.84
20260515104000000,206.0,206.0,203.31,203.34,1441604,294335109.45
20260515104500000,203.33,204.71,203.33,204.02,896996,182964086.24
20260515105000000,204.02,206.0,204.0,205.89,1088900,223236069.0
20260515105500000,205.68,207.11,205.22,207.04,1268837,262020838.61
20260515110000000,207.0,207.3,206.35,206.72,906082,187279205.24
20260515110500000,206.5,208.48,206.45,208.44,1400600,291318680.0
20260515111000000,208.41,209.49,208.02,208.5,1371200,286329283.0
20260515111500000,208.5,209.2,207.9,208.46,1014500,211654997.06
20260515112000000,208.4,208.95,207.0,207.02,991613,205897040.74
20260515112500000,207.0,207.4,205.79,207.4,920723,189884156.11
20260515113000000,207.41,207.97,206.67,207.34,654500,135675304.0
20260515130500000,207.0,207.0,203.41,203.7,2257700,463069253.38
20260515131000000,203.71,204.24,203.0,203.13,1472000,299658348.0
20260515131500000,203.1,204.38,203.1,204.05,829297,168895169.08
20260515132000000,204.06,205.1,203.59,204.65,1096500,224024247.92
20260515132500000,205.0,205.8,204.65,205.59,867240,178030691.9
20260515133000000,205.39,205.9,205.3,205.43,736905,151477418.59
20260515133500000,205.44,205.46,204.01,204.8,1202727,245993400.01
20260515134000000,204.83,205.08,204.0,204.25,1124848,230027230.68
20260515134500000,204.29,204.29,203.25,203.76,959387,195331443.1
20260515135000000,203.76,203.76,203.0,203.09,899492,182788328.6
20260515135500000,203.1,203.76,203.09,203.76,849102,172610787.76
20260515140000000,203.78,204.14,203.0,203.0,657020,133780088.52
20260515140500000,203.0,203.1,202.08,202.3,1506002,305084565.6
20260515141000000,202.36,203.58,202.16,203.58,1076581,218181901.45
20260515141500000,203.6,204.77,203.5,203.54,836800,170829224.0
20260515142000000,203.5,204.45,203.37,203.8,842602,171923210.0
20260515142500000,203.77,203.88,202.66,202.75,660000,134093164.0
20260515143000000,202.76,203.01,202.2,202.2,769900,156121974.92
20260515143500000,202.16,202.7,200.99,201.33,2012516,405804946.58
20260515144000000,201.31,202.59,201.3,202.56,1727075,348920028.23
20260515144500000,202.68,203.5,202.66,203.49,1455053,295255177.92
20260515145000000,203.5,204.98,203.5,203.7,1608048,328377178.6
20260515145500000,203.68,204.48,202.89,202.96,2076621,422630039.72
20260515150000000,202.98,203.58,202.98,203.35,2145747,436278406.31
20260518093500000,203.35,205.18,200.81,203.49,8430726,1713059619.59
20260518094000000,203.4,208.0,203.4,207.58,4857626,1003101681.97
20260518094500000,207.65,208.89,205.47,205.47,3865018,802749190.6
20260518095000000,205.21,206.5,204.11,205.89,2900196,594973195.72
20260518095500000,205.88,206.56,205.3,205.33,2202701,453742546.92
20260518100000000,205.75,206.84,205.5,206.37,2356559,485845162.02
20260518100500000,205.93,207.61,205.41,207.08,2191022,452725129.92
20260518101000000,207.07,207.08,204.17,205.46,2443832,501428982.94
20260518101500000,205.64,206.9,205.36,206.9,1359311,280023607.92
20260518102000000,206.9,207.86,206.3,207.3,1734939,359455633.54
20260518102500000,207.38,208.58,206.91,208.37,1840591,382537669.09
20260518103000000,208.37,209.6,208.28,208.28,2561414,535521233.45
20260518103500000,208.28,209.83,208.28,209.41,1836398,383902642.6
20260518104000000,209.4,213.05,209.3,212.0,4741034,1002387476.62
20260518104500000,212.0,212.04,210.83,211.63,2182800,461982243.27
20260518105000000,211.6,212.59,211.4,212.01,1432036,303739259.48
20260518105500000,212.02,213.0,211.14,212.0,1712387,363160496.9
20260518110000000,212.01,213.49,211.62,212.78,1640221,348779908.69
20260518110500000,212.5,213.38,211.09,213.38,1918575,407339191.72
20260518111000000,213.38,215.55,213.38,215.11,3307100,709463574.0
20260518111500000,215.0,215.1,212.11,212.45,1486415,316835323.2
20260518112000000,212.45,213.0,211.71,212.63,1090783,231706157.69
20260518112500000,212.3,212.75,211.66,212.2,588200,124813433.65
20260518113000000,212.06,212.06,211.12,211.34,707504,149648489.08
20260518130500000,211.34,212.77,210.13,212.77,1569547,331429915.28
20260518131000000,212.88,213.53,212.32,212.7,1127300,240069096.7
20260518131500000,212.62,212.69,211.5,211.5,698400,148298028.24
20260518132000000,211.4,211.49,210.2,210.5,1117400,235284576.0
20260518132500000,210.6,210.98,210.21,210.76,595300,125336977.0
20260518133000000,210.76,211.45,210.38,211.28,549500,115823916.0
20260518133500000,211.28,212.1,210.8,211.79,623100,131776253.0
20260518134000000,211.78,212.02,211.35,211.86,455200,96339882.0
20260518134500000,211.81,211.81,210.74,210.83,364200,76897000.0
20260518135000000,210.83,211.29,210.66,211.29,410000,86479419.0
20260518135500000,211.28,211.34,210.6,210.62,501000,105684908.0
20260518140000000,210.58,210.63,210.0,210.0,808000,169889417.01
20260518140500000,209.99,210.27,209.15,209.18,878750,184380231.64
20260518141000000,209.17,210.5,209.11,210.43,1012443,212327090.31
20260518141500000,210.55,210.98,210.07,210.55,588680,123960964.04
20260518142000000,210.5,210.67,210.4,210.41,504900,106301102.0
20260518142500000,210.49,211.11,210.49,211.11,570000,120170348.0
20260518143000000,211.24,211.52,211.01,211.21,748700,158224147.0
20260518143500000,211.33,211.77,210.76,211.38,821500,173555603.0
20260518144000000,211.33,211.71,211.0,211.44,794300,167951378.0
20260518144500000,211.4,211.4,210.8,210.9,798560,168511469.16
20260518145000000,210.92,211.32,210.9,211.32,726915,153423378.65
20260518145500000,211.33,211.35,211.02,211.17,1250979,264164468.58
20260518150000000,211.17,211.3,211.13,211.25,1486284,313926517.24
20260519093500000,206.0,206.0,201.11,202.9,8523351,1731742833.03
20260519094000000,202.66,205.33,202.21,205.03,3791929,774274712.86
20260519094500000,204.93,205.36,203.28,203.6,2403074,490803274.94
20260519095000000,203.65,205.34,202.03,202.76,2671046,543278983.52
20260519095500000,202.71,203.0,201.48,201.48,2703872,546818821.87
20260519100000000,201.38,202.2,200.01,200.58,3508411,704255153.17
20260519100500000,200.77,200.85,199.11,199.11,3393044,678850812.44
20260519101000000,199.06,200.0,198.19,198.41,2875981,572064210.14
20260519101500000,198.48,199.86,198.0,198.05,2410470,478945716.16
20260519102000000,198.13,201.22,198.0,200.54,1957267,389618710.0
20260519102500000,200.6,206.5,200.6,206.19,3586281,732181086.96
20260519103000000,206.13,207.97,205.1,205.47,3540207,731041432.82
20260519103500000,205.36,209.98,204.78,208.72,2952975,614678720.27
20260519104000000,208.45,211.09,208.0,209.61,2557971,536244022.66
20260519104500000,209.34,212.99,208.7,211.33,2791565,589666359.68
20260519105000000,211.33,211.42,207.99,209.32,1352670,283354040.9
20260519105500000,209.1,211.38,208.91,211.38,1166463,245274106.06
20260519110000000,211.35,214.0,210.11,214.0,3243961,689255770.64
20260519110500000,214.5,216.67,213.68,215.18,4075531,876347136.49
20260519111000000,215.2,218.26,215.2,217.5,5027416,1091790853.76
20260519111500000,217.45,220.0,217.45,219.0,4595040,1007067082.5
20260519112000000,219.0,219.05,217.01,218.24,2359403,514999582.95
20260519112500000,218.5,219.58,217.97,219.5,2327396,510088131.68
20260519113000000,220.5,221.0,218.21,218.21,1997804,439139649.61
20260519130500000,218.3,220.97,217.16,218.51,2709285,593450973.64
20260519131000000,218.42,218.42,216.33,216.72,1326290,287776033.56
20260519131500000,216.39,218.8,215.6,218.62,1209798,262080329.32
20260519132000000,218.73,218.8,217.02,218.8,820045,178723347.9
20260519132500000,219.0,220.71,219.0,220.08,2179140,479195424.57
20260519133000000,220.09,220.9,219.4,220.53,1700401,374423384.55
20260519133500000,220.52,220.52,219.63,220.32,981306,215879596.66
20260519134000000,220.4,224.49,220.4,223.66,4136300,920401177.26
20260519134500000,223.66,224.3,222.98,223.81,1795200,401565811.21
20260519135000000,223.88,224.5,222.01,223.87,1514066,338263694.97
20260519135500000,223.73,223.73,222.08,222.69,827057,184107196.17
20260519140000000,222.68,222.77,221.79,222.5,1296713,288144402.24
20260519140500000,222.5,223.54,221.14,222.65,1348942,300005308.64
20260519141000000,222.62,222.63,220.87,220.87,974586,215819955.96
20260519141500000,220.85,221.3,220.69,220.86,901706,199201704.44
20260519142000000,220.83,221.5,220.0,220.85,960007,211741894.66
20260519142500000,220.85,220.85,220.03,220.52,595794,131326114.22
20260519143000000,220.35,221.26,220.35,220.88,581100,128294960.0
20260519143500000,220.88,221.18,220.75,220.99,713900,157762736.81
20260519144000000,220.98,221.44,220.39,221.06,1074880,237430012.0
20260519144500000,221.05,222.6,220.68,222.6,1335044,295423124.72
20260519145000000,222.66,222.82,221.4,222.62,1594459,354330804.19
20260519145500000,222.79,222.79,221.98,222.25,1669800,371178791.54
20260519150000000,222.29,222.29,222.0,222.08,2016987,447999120.36
20260520093500000,220.1,223.05,219.03,219.61,8377457,1848616413.91
20260520094000000,219.6,221.88,219.02,221.78,3454239,761528110.31
20260520094500000,222.28,224.06,220.7,220.7,3912798,872547651.54
20260520095000000,220.7,222.96,220.02,222.96,2850789,631489204.36
20260520095500000,223.0,224.09,221.51,224.09,2930420,652836781.0
20260520100000000,224.09,224.75,222.8,224.22,3148305,704526407.76
20260520100500000,224.22,225.5,223.4,223.7,3077600,690957203.81
20260520101000000,223.8,225.1,222.82,223.94,1833574,410868657.66
20260520101500000,223.88,224.15,221.5,222.21,1808558,401837452.34
20260520102000000,222.2,222.6,220.03,220.49,2071942,458245463.22
20260520102500000,220.5,220.66,219.37,220.1,2611324,574661586.29
20260520103000000,220.14,220.89,219.7,220.14,1551000,341549895.1
20260520103500000,220.07,221.08,219.16,219.16,1724135,379317514.08
20260520104000000,219.15,219.33,217.9,218.26,3743879,818349632.24
20260520104500000,218.02,219.26,216.68,217.22,2779974,605079571.24
20260520105000000,217.26,218.17,216.06,217.8,2561832,555773903.74
20260520105500000,218.11,218.2,216.31,216.66,1527000,331480253.6
20260520110000000,216.75,217.99,216.66,217.97,872500,189813990.5
20260520110500000,218.02,218.99,218.0,218.9,923103,201769116.81
20260520111000000,218.94,219.76,218.39,219.6,861763,188876223.59
20260520111500000,219.6,219.69,218.23,218.96,581123,127227278.56
20260520112000000,218.91,219.45,218.12,218.46,816681,178569687.86
20260520112500000,218.45,219.05,218.2,218.45,569300,124448528.27
20260520113000000,218.44,219.0,217.7,218.29,662582,144632573.3
20260520130500000,218.3,219.4,217.55,219.08,1127218,246078865.36
20260520131000000,219.13,219.66,219.13,219.51,828300,181786887.4
20260520131500000,219.53,219.99,218.81,219.39,1034200,227029326.0
20260520132000000,219.26,220.0,219.0,219.24,518838,113837114.64
20260520132500000,219.24,219.24,217.57,217.57,913442,199164083.36
20260520133000000,217.53,217.53,217.0,217.0,1042171,226298927.8
20260520133500000,217.0,218.44,216.98,217.88,734386,159898021.34
20260520134000000,218.0,219.0,217.7,219.0,423439,92438194.55
20260520134500000,219.0,219.16,218.5,219.02,521115,114110504.79
20260520135000000,218.88,220.05,218.88,219.88,985200,216331666.24
20260520135500000,220.05,221.99,220.05,221.9,1308681,289600352.8
20260520140000000,221.9,221.91,220.57,220.69,658719,145684650.21
20260520140500000,220.63,221.92,220.3,221.78,733493,162270053.83
20260520141000000,221.8,221.8,220.8,221.24,716004,158557584.54
20260520141500000,221.22,221.4,220.9,221.1,441426,97626696.64
20260520142000000,221.11,221.54,220.92,221.27,713499,157811347.63
20260520142500000,221.46,222.08,221.35,222.08,997416,221226188.06
20260520143000000,222.08,222.08,221.51,221.55,556321,123380194.13
20260520143500000,221.54,223.5,221.51,223.4,1826812,406667351.99
20260520144000000,223.43,223.76,222.73,222.77,1008888,225214315.09
20260520144500000,222.77,223.24,222.64,223.08,1260575,281057001.72
20260520145000000,223.04,223.22,222.8,223.22,1430263,318894279.0
20260520145500000,223.24,223.33,222.93,222.96,1528122,340916019.09
20260520150000000,222.96,223.0,222.95,223.0,1647457,367364613.96
20260521093500000,223.23,224.5,219.72,219.72,8107809,1800967064.39
20260521094000000,219.55,221.0,216.95,217.52,5110007,1116414997.36
20260521094500000,217.62,219.99,217.01,219.8,2759654,602689076.44
20260521095000000,219.94,224.48,219.89,223.33,3398448,755599529.22
20260521095500000,223.36,223.7,220.01,221.63,1695768,375609352.48
20260521100000000,221.94,222.66,220.05,222.0,1418433,314347163.52
20260521100500000,221.71,223.84,220.9,221.1,2336000,520056206.33
20260521101000000,221.11,223.29,220.95,220.95,1008999,224107626.4
20260521101500000,220.95,221.99,220.87,221.21,1112611,246055401.15
20260521102000000,221.0,223.0,220.88,221.7,1077800,239407756.0
20260521102500000,221.71,222.31,218.58,218.78,2240159,492049621.24
20260521103000000,218.89,220.8,218.68,219.94,1305841,286748517.27
20260521103500000,220.0,220.0,217.69,217.78,2244700,490450943.31
20260521104000000,217.78,218.36,216.8,216.9,3519020,764924481.64
20260521104500000,216.9,217.13,216.06,216.18,3547041,767956079.9
20260521105000000,216.2,216.43,215.18,215.3,3307883,713514643.35
20260521105500000,215.3,216.23,214.07,214.07,2336817,503057758.24
20260521110000000,214.49,214.69,213.0,214.66,3082196,658923011.16
20260521110500000,214.48,216.93,214.0,216.93,1037587,223253690.5
20260521111000000,216.89,217.0,215.67,216.96,973875,210774505.25
20260521111500000,216.88,216.93,215.55,215.74,696082,150641395.12
20260521112000000,216.15,216.68,214.16,215.41,738675,158994032.36
20260521112500000,215.38,215.4,214.7,215.02,713995,153462987.97
20260521113000000,215.02,215.02,214.5,214.99,522180,112133263.46
20260521130500000,214.99,216.32,214.6,215.9,1161959,250188636.08
20260521131000000,215.88,216.53,214.4,214.4,686201,147649926.93
20260521131500000,214.39,214.42,213.59,213.59,1170059,250380665.96
20260521132000000,213.51,214.1,213.23,214.09,1534686,327810856.52
20260521132500000,214.11,215.26,213.5,215.26,996917,213639125.0
20260521133000000,215.26,215.26,213.99,213.99,815800,175008972.14
20260521133500000,214.0,214.09,213.08,213.1,1027023,219293561.98
20260521134000000,213.15,214.48,213.15,214.0,674627,144291521.43
20260521134500000,214.0,214.75,213.45,214.26,484316,103721125.72
20260521135000000,214.26,214.41,213.35,213.35,533600,114173149.6
20260521135500000,213.3,213.68,213.3,213.51,659337,140749005.2
20260521140000000,213.51,213.59,212.47,212.47,1669783,355631550.95
20260521140500000,212.44,213.0,212.39,212.8,1068906,227403156.58
20260521141000000,212.87,213.15,211.38,211.38,1348294,286210012.84
20260521141500000,211.11,211.39,209.44,209.62,3499377,735803892.75
20260521142000000,209.75,211.7,209.75,210.35,1696406,357144964.11
20260521142500000,210.36,210.49,208.25,208.4,1679123,351289267.34
20260521143000000,208.4,210.0,208.2,208.69,1749348,365375838.32
20260521143500000,208.75,209.22,206.88,207.94,2324040,482982426.35
20260521144000000,208.0,210.82,207.03,209.05,2053614,429252957.34
20260521144500000,209.05,210.11,207.49,207.62,1448580,302332965.18
20260521145000000,207.7,209.08,205.86,205.86,2101530,435730215.05
20260521145500000,205.79,206.3,204.47,206.2,3179758,653508950.4
20260521150000000,206.09,207.11,206.09,206.97,2092955,432911704.03
20260522093500000,210.92,213.85,210.92,213.85,9510930,2022393051.53
20260522094000000,213.88,216.86,213.85,213.85,6780179,1459332100.01
20260522094500000,213.85,215.79,212.21,214.65,3338402,715223339.79
20260522095000000,214.62,215.66,213.96,214.8,2381183,511540505.11
20260522095500000,214.9,216.73,214.69,216.6,2943349,635588246.87
20260522100000000,216.6,217.5,216.0,216.74,3271523,709581134.99
20260522100500000,217.0,219.1,217.0,218.9,4977978,1086501766.59
20260522101000000,218.96,221.4,218.52,219.93,4852715,1067623402.17
20260522101500000,219.88,220.32,218.4,219.95,2757604,604848465.14
20260522102000000,219.96,220.0,217.07,217.07,2337757,509932426.47
20260522102500000,217.0,218.27,216.58,218.27,2384610,517879561.4
20260522103000000,218.3,219.25,217.96,218.5,1357993,297001193.78
20260522103500000,218.27,220.34,218.27,220.26,2610991,573200792.99
20260522104000000,220.2,220.5,219.5,219.75,1352219,297484794.59
20260522104500000,219.79,220.51,219.5,220.0,1626842,358007626.78
20260522105000000,220.0,220.13,219.21,219.98,814300,179065147.89
20260522105500000,219.98,220.12,218.7,219.36,861931,189078240.96
20260522110000000,219.3,219.3,218.66,218.85,555500,121622680.0
20260522110500000,218.85,218.85,217.19,217.67,782000,170306558.21
20260522111000000,217.7,217.91,216.65,216.98,845111,183511787.81
20260522111500000,216.98,217.91,216.3,217.53,785597,170461692.14
20260522112000000,217.8,217.83,216.83,217.41,435649,94631389.22
20260522112500000,217.38,217.67,216.7,217.67,495300,107560958.0
20260522113000000,217.68,218.5,217.57,218.1,398206,86815043.94
20260522130500000,218.35,219.5,218.35,218.58,882716,193227983.06
20260522131000000,218.49,219.3,218.48,218.92,615600,134714562.17
20260522131500000,218.67,219.19,218.67,219.02,531600,116407636.0
20260522132000000,219.02,219.98,218.98,218.98,932900,204762680.53
20260522132500000,219.0,219.85,219.0,219.59,885906,194486902.64
20260522133000000,219.8,220.0,219.7,220.0,1437366,316102020.02
20260522133500000,220.0,220.63,220.0,220.09,1538790,339019809.22
20260522134000000,220.09,220.99,220.07,220.45,1178011,259864084.1
20260522134500000,220.45,220.98,220.1,220.92,1019100,224761397.0
20260522135000000,220.94,221.0,219.79,219.79,1160858,255972436.85
20260522135500000,219.79,220.92,219.79,220.87,944400,208374663.97
20260522140000000,220.85,220.99,219.98,220.04,998010,220149086.25
20260522140500000,220.13,220.7,220.13,220.46,751994,165750488.16
20260522141000000,220.5,221.5,220.5,221.14,2205693,487598194.26
20260522141500000,221.0,221.7,220.51,220.51,1316400,291355445.25
20260522142000000,220.51,220.51,219.46,219.92,943699,207540112.7
20260522142500000,219.84,220.33,219.83,220.07,722230,158948964.0
20260522143000000,220.07,220.58,220.07,220.33,580678,127976111.26
20260522143500000,220.34,220.4,219.92,219.98,690623,151992597.4
20260522144000000,219.97,220.1,219.82,219.82,871350,191698771.5
20260522144500000,219.8,220.1,219.58,219.91,1189853,261589521.61
20260522145000000,219.91,220.4,219.9,220.11,1180998,259946552.4
20260522145500000,220.13,220.65,220.1,220.65,1677109,369617879.51
20260522150000000,220.62,220.65,220.4,220.55,1647942,363408599.49
20260525093500000,222.91,227.58,222.88,224.79,8830126,1985313924.71
20260525094000000,224.49,225.57,222.0,223.55,3893894,870028830.73
20260525094500000,223.89,228.08,222.8,226.1,4475853,1014832964.49
20260525095000000,226.02,226.02,222.22,222.22,2808365,628693071.57
20260525095500000,221.67,223.0,220.05,220.2,3466123,767425722.23
20260525100000000,220.09,220.86,218.7,219.75,2429891,533990303.92
20260525100500000,219.8,221.75,219.5,219.51,1581800,348993378.0
20260525101000000,219.51,221.77,219.05,221.14,1450649,319923384.73
20260525101500000,221.2,222.75,220.5,221.78,1250688,277054301.68
20260525102000000,221.88,222.36,220.98,222.36,1263789,280148458.29
20260525102500000,222.38,224.51,222.0,224.5,1617738,360958352.7
20260525103000000,224.5,227.77,224.41,226.32,3576918,810685495.84
20260525103500000,226.0,227.27,224.61,227.27,2043631,462295352.18
20260525104000000,227.18,227.7,226.39,227.33,2335846,530691701.87
20260525104500000,227.38,227.38,225.61,225.61,1825920,414361151.61
20260525105000000,225.66,226.71,224.64,226.67,1254153,282850331.25
20260525105500000,226.6,227.28,225.85,226.0,1070000,242616580.0
20260525110000000,226.01,227.86,226.0,227.83,1447083,328464077.24
20260525110500000,227.9,228.17,225.03,225.24,2026700,460169242.98
20260525111000000,225.28,225.63,224.3,224.52,1121900,252379003.5
20260525111500000,224.44,224.44,223.12,223.64,1224004,273760106.1
20260525112000000,223.64,223.79,221.77,222.11,1616900,359454152.0
20260525112500000,222.11,222.26,221.0,221.76,1440286,319308937.04
20260525113000000,221.8,222.78,221.8,222.62,779300,173181307.0
20260525130500000,222.3,222.3,218.57,218.58,4321019,948969009.78
20260525131000000,218.58,220.4,218.49,220.34,1658996,363633314.92
20260525131500000,220.36,220.4,218.6,219.05,1511297,331136393.57
20260525132000000,219.0,220.74,218.96,220.72,1088132,239042923.44
20260525132500000,220.72,220.72,219.08,220.5,938223,206253567.29
20260525133000000,220.5,221.8,220.5,221.25,819803,181164943.62
20260525133500000,221.32,222.52,221.02,222.49,1088177,241461700.18
20260525134000000,222.45,222.45,221.04,222.4,617379,136781394.27
20260525134500000,222.2,223.01,221.99,222.08,868926,193386934.62
20260525135000000,222.08,222.99,222.07,222.96,665802,148222983.46
20260525135500000,222.95,222.99,221.56,222.34,690296,153370273.96
20260525140000000,222.28,223.96,222.0,223.96,884771,197435018.19
20260525140500000,223.95,226.23,223.95,226.0,1551400,349561213.6
20260525141000000,225.8,225.8,224.58,224.99,873140,196504250.59
20260525141500000,225.0,225.5,224.72,224.88,732825,164964027.0
20260525142000000,224.83,226.05,224.82,225.96,1103098,248933179.42
20260525142500000,225.96,226.68,225.9,225.99,1061842,240154637.26
20260525143000000,225.93,226.99,225.56,226.62,1034599,234280072.94
20260525143500000,226.43,227.0,226.12,226.78,906800,205487041.0
20260525144000000,226.68,226.68,226.12,226.4,800300,181195357.0
20260525144500000,226.37,226.48,226.0,226.3,1032104,233542944.89
20260525145000000,226.29,226.38,226.1,226.3,1328165,300497827.46
20260525145500000,226.31,226.5,226.29,226.36,1263607,286047535.57
20260525150000000,226.36,226.36,226.21,226.24,1492867,337767970.02
20260526093500000,221.0,223.76,221.0,223.38,6029005,1340990065.75
20260526094000000,224.0,225.0,221.04,221.99,3335571,745513754.56
20260526094500000,221.99,224.45,219.03,219.03,3842200,852411242.83
20260526095000000,219.01,220.0,217.42,219.07,4641569,1014815557.23
20260526095500000,219.01,220.55,218.0,219.02,2385568,521908698.78
20260526100000000,219.02,222.22,218.63,222.22,2643429,582656939.4
20260526100500000,222.12,222.12,220.5,220.91,1748494,387106666.13
20260526101000000,220.8,221.22,219.0,220.81,1261400,277672201.5
20260526101500000,221.04,222.3,218.8,219.28,1523969,335666504.31
20260526102000000,219.31,221.68,219.31,219.7,1209505,266943857.41
20260526102500000,219.7,220.26,219.35,220.16,1216523,267267885.25
20260526103000000,220.26,221.98,220.08,221.22,1329095,293470965.75
20260526103500000,221.13,222.0,220.86,221.08,1683010,372348755.92
20260526104000000,221.09,222.0,219.44,219.45,1136304,251004339.42
20260526104500000,219.44,219.58,218.11,218.74,1868162,408647729.52
20260526105000000,218.67,218.67,216.8,216.8,3222858,701175520.55
20260526105500000,216.81,217.26,216.4,217.26,2167809,469869199.84
20260526110000000,217.29,218.31,216.56,218.23,1440828,313211975.04
20260526110500000,218.13,218.13,216.75,216.78,887576,192737394.34
20260526111000000,216.8,218.6,216.8,218.6,801897,174564206.47
20260526111500000,218.65,218.65,216.58,216.58,704400,153091316.0
20260526112000000,216.56,217.95,216.39,217.92,784995,170493738.76
20260526112500000,217.9,218.4,217.5,218.07,495805,108041613.27
20260526113000000,218.26,218.26,217.0,217.41,469200,102027507.91
20260526130500000,217.29,219.5,217.0,218.88,984793,214774245.91
20260526131000000,218.81,220.45,218.49,220.34,727067,159523465.03
20260526131500000,220.34,221.12,220.01,220.12,883078,194835176.8
20260526132000000,220.11,222.64,220.0,221.87,1594117,353319622.95
20260526132500000,221.9,223.5,219.96,219.96,1393960,309889859.6
20260526133000000,219.96,220.52,219.67,219.86,545518,120069579.4
20260526133500000,219.86,222.26,219.86,221.64,738321,163402017.51
20260526134000000,221.66,222.97,221.0,222.5,1012833,225028106.68
20260526134500000,222.58,222.77,221.0,221.12,682092,151359815.08
20260526135000000,221.15,221.15,220.03,220.03,416900,91941025.0
20260526135500000,220.05,220.07,219.26,219.42,617500,135683345.14
20260526140000000,219.42,220.19,219.3,219.83,500113,109901685.63
20260526140500000,219.83,220.02,218.12,218.12,754581,165405337.77
20260526141000000,218.2,220.07,218.2,220.0,679600,148879865.07
20260526141500000,219.99,220.61,219.36,219.8,542500,119286142.0
20260526142000000,219.8,219.85,218.97,219.3,491300,107810959.48
20260526142500000,219.28,220.0,219.23,219.9,480776,105570527.72
20260526143000000,219.95,221.13,219.88,221.13,682100,150537184.0
20260526143500000,221.18,221.87,221.18,221.3,873500,193551161.0
20260526144000000,221.3,222.0,221.3,221.92,1351600,299524432.0
20260526144500000,222.0,222.22,221.02,221.18,1028900,228270866.0
20260526145000000,221.26,222.03,221.26,221.71,1307867,290156140.98
20260526145500000,221.71,222.22,221.7,221.7,1202211,266747691.77
20260526150000000,221.72,221.72,221.05,221.2,1403350,310484290.02
20260527093500000,216.78,218.78,213.78,214.3,7672698,1653793473.43
20260527094000000,214.02,216.63,213.0,216.2,4353015,933047444.76
20260527094500000,216.2,217.78,215.99,217.75,2191623,475175234.52
20260527095000000,217.53,220.66,216.78,220.25,2395867,523406163.51
20260527095500000,220.25,221.98,219.22,219.5,2126301,469038091.08
20260527100000000,219.5,219.72,216.63,217.36,1560905,340158078.6
20260527100500000,218.0,220.86,217.12,220.47,1300700,284840152.0
20260527101000000,220.47,223.1,219.49,223.1,3296685,730951845.85
20260527101500000,223.33,225.98,223.33,224.96,4756482,1068674292.72
20260527102000000,225.05,230.5,225.0,229.3,6475205,1478600652.47
20260527102500000,229.3,231.88,228.97,231.73,5211670,1200086445.64
20260527103000000,231.74,233.82,229.5,229.5,3474925,804509678.12
20260527103500000,229.52,230.82,228.88,229.21,2026324,465679086.99
20260527104000000,229.5,229.67,226.99,228.6,1769915,403833754.39
20260527104500000,228.6,231.22,228.6,229.58,1707113,392866270.98
20260527105000000,229.56,230.55,228.95,230.19,1164914,267805366.77
20260527105500000,230.01,232.8,230.01,231.6,2205360,510421601.89
20260527110000000,232.0,233.37,231.58,232.5,1848469,430182070.7
20260527110500000,232.12,233.56,231.48,231.48,1462434,340066678.88
20260527111000000,231.28,231.52,229.26,230.09,1085496,249818372.6
20260527111500000,230.09,230.26,228.51,228.57,1213300,278115304.0
20260527112000000,228.77,229.5,227.0,227.0,1264600,288629345.2
20260527112500000,227.33,227.93,226.07,226.3,1436990,325891181.24
20260527113000000,226.28,226.88,225.66,226.86,1167148,263909932.93
20260527130500000,227.0,228.67,226.75,228.67,1340609,304884733.8
20260527131000000,228.68,229.77,228.03,228.5,825100,188928887.65
20260527131500000,228.51,230.58,228.16,229.7,956749,219503565.08
20260527132000000,229.6,229.6,227.9,228.1,822350,187755020.0
20260527132500000,228.19,228.38,226.92,227.31,609198,138639625.44
20260527133000000,227.28,228.13,226.86,227.01,573600,130436355.0
20260527133500000,226.87,226.87,224.4,224.4,1185100,267162928.6
20260527134000000,224.2,225.0,223.48,223.66,1524600,342008541.0
20260527134500000,223.76,223.98,221.7,221.84,1825500,406239402.47
20260527135000000,221.8,224.38,221.8,224.35,1363909,304804674.25
20260527135500000,224.35,225.01,222.25,223.0,1033485,230962132.78
20260527140000000,222.99,224.59,222.99,223.0,715173,160182450.84
20260527140500000,222.78,223.35,222.0,222.0,828679,184339383.99
20260527141000000,222.07,223.77,222.07,223.57,676100,150741773.0
20260527141500000,223.6,223.6,222.72,222.86,686900,153217304.0
20260527142000000,222.79,224.49,222.6,224.12,599300,134125459.08
20260527142500000,224.12,224.48,223.42,224.35,624600,139886531.0
20260527143000000,224.47,225.08,224.08,224.13,801900,180117676.24
20260527143500000,224.08,224.24,223.1,223.51,509663,114030506.14
20260527144000000,223.54,224.96,223.51,224.61,842700,189099127.8
20260527144500000,224.59,225.28,223.27,223.27,930400,208780388.09
20260527145000000,223.27,223.27,221.8,221.86,1411769,313962052.83
20260527145500000,221.96,222.99,221.96,222.93,1395424,310506950.22
20260527150000000,222.94,223.37,222.94,223.37,1652042,368817565.35
20260528093500000,222.0,222.44,216.08,216.67,6993672,1527841699.01
20260528094000000,216.33,218.45,215.02,217.77,3856391,835412874.73
20260528094500000,217.54,218.58,216.21,217.21,2929930,636841704.24
20260528095000000,216.85,217.56,215.03,216.88,3613025,780943970.1
20260528095500000,216.99,216.99,214.5,214.98,4063176,874761173.42
20260528100000000,215.03,215.79,214.09,214.09,2527309,542423042.35
20260528100500000,214.06,216.02,214.01,215.28,2287223,491741364.45
20260528101000000,214.83,214.83,214.01,214.3,2201522,471940503.0
20260528101500000,214.36,217.15,214.36,216.94,1334176,287914773.39
20260528102000000,216.8,216.81,214.3,214.66,1312101,282524483.26
20260528102500000,214.66,214.75,212.84,212.84,2793006,597402569.79
20260528103000000,212.86,214.13,212.51,214.01,1889567,403405115.99
20260528103500000,214.3,215.61,214.3,214.76,1135436,244191529.28
20260528104000000,214.68,215.55,214.68,215.53,733800,157994102.98
20260528104500000,215.5,215.57,213.02,213.5,1210500,259035371.0
20260528105000000,213.34,214.41,213.02,213.91,1058171,225891831.6
20260528105500000,213.91,214.53,213.57,213.6,871400,186369178.0
20260528110000000,213.6,214.54,213.57,213.61,718793,153850623.17
20260528110500000,213.6,214.29,213.01,214.29,893260,190728764.65
20260528111000000,214.18,216.54,213.6,216.54,872796,187611172.2
20260528111500000,216.6,216.6,214.51,215.29,833604,179624584.94
20260528112000000,215.29,215.88,214.66,215.29,759034,163470447.38
20260528112500000,215.29,216.2,214.1,216.18,1013932,218290659.73
20260528113000000,216.18,217.45,215.85,217.27,1193200,258728679.4
20260528130500000,217.2,217.2,213.77,215.91,1751900,377340634.2
20260528131000000,215.18,215.9,214.23,214.46,908148,195037740.32
20260528131500000,214.3,214.71,213.17,214.17,1221927,261169882.61
20260528132000000,214.19,215.1,214.1,214.87,733973,157474813.99
20260528132500000,214.88,216.5,214.81,216.5,1044096,225009129.48
20260528133000000,216.5,218.0,216.5,217.62,1745712,379677715.58
20260528133500000,217.54,218.88,217.3,218.5,1405854,306709392.32
20260528134000000,218.57,219.5,218.02,219.5,1639775,359145711.67
20260528134500000,219.36,219.54,217.91,219.0,1322953,289243415.14
20260528135000000,219.01,219.3,218.41,218.41,1084500,237470197.23
20260528135500000,218.4,218.77,217.3,217.94,1186557,258589511.98
20260528140000000,217.95,218.99,217.95,218.63,885643,193415727.41
20260528140500000,218.7,220.0,218.7,219.15,1452482,318828721.63
20260528141000000,219.14,219.14,217.78,218.3,1349498,294773957.98
20260528141500000,218.23,218.23,217.0,217.37,1214302,264107166.14
20260528142000000,217.42,219.8,217.42,219.8,1059094,231487571.7
20260528142500000,219.98,219.98,218.95,219.05,1116974,245056681.61
20260528143000000,219.06,220.45,219.06,220.2,1667848,366875174.44
20260528143500000,219.95,219.95,219.0,219.0,1149220,252066907.72
20260528144000000,218.86,219.2,218.6,219.04,1069654,234236525.04
20260528144500000,219.06,219.38,218.82,218.9,1203900,263757839.0
20260528145000000,218.95,219.52,218.8,219.37,1116890,244680537.9
20260528145500000,219.36,219.36,218.97,218.97,1603928,351337503.44
20260528150000000,218.97,219.0,218.96,219.0,1663670,364334670.05
20260529093500000,222.93,229.82,222.93,227.87,11587447,2627811036.37
20260529094000000,227.37,229.47,224.36,224.36,5558931,1265833288.44
20260529094500000,224.08,224.08,221.11,221.77,4710638,1050729382.2
20260529095000000,221.38,223.5,219.03,219.04,4176859,924083111.53
20260529095500000,219.27,222.0,219.27,219.76,2671494,589328022.77
20260529100000000,219.84,220.62,218.55,218.55,2332332,512187296.69
20260529100500000,218.5,218.99,216.12,216.84,2553218,555109945.17
20260529101000000,216.8,216.87,214.5,215.3,2343621,505631181.38
20260529101500000,215.3,216.8,214.56,216.48,2093865,451538645.47
20260529102000000,216.5,216.99,214.95,216.61,1369200,295672113.88
20260529102500000,216.47,219.5,215.5,219.5,1139694,248024533.76
20260529103000000,219.54,220.17,217.1,217.3,1104600,241953190.0
20260529103500000,217.3,219.44,216.5,218.82,719660,156772566.2
20260529104000000,218.88,219.83,218.3,219.01,916397,200824445.2
20260529104500000,219.0,219.3,218.15,218.7,802278,175621755.46
20260529105000000,218.69,218.76,216.03,217.18,810508,176072032.65
20260529105500000,217.16,217.89,216.3,216.5,713820,154979933.8
20260529110000000,216.5,216.72,215.15,216.48,1050789,226990391.88
20260529110500000,216.48,216.57,215.63,216.29,520562,112512600.93
20260529111000000,216.21,216.21,215.24,215.24,759700,163738245.88
20260529111500000,215.01,216.03,214.89,215.65,1170700,251985810.0
20260529112000000,215.65,217.5,214.89,217.4,675300,145582166.64
20260529112500000,217.21,217.66,215.51,215.6,410100,88928780.52
20260529113000000,215.65,216.0,215.37,215.45,410001,88382710.1
20260529130500000,215.4,215.86,214.9,214.91,1221959,263094469.74
20260529131000000,214.89,216.9,214.81,216.9,691490,148974264.57
20260529131500000,216.98,217.39,216.23,217.25,792314,171864672.34
20260529132000000,217.27,218.5,217.26,217.75,788570,171791027.2
20260529132500000,217.53,218.6,217.53,217.87,659600,143856611.0
20260529133000000,217.83,218.53,217.52,217.52,794100,173174101.0
20260529133500000,217.5,217.5,216.44,216.79,452200,98068100.0
20260529134000000,216.77,216.8,216.13,216.2,383700,83092283.55
20260529134500000,216.2,216.41,216.08,216.11,459103,99274173.09
20260529135000000,216.11,217.0,216.11,216.77,368035,79689000.02
20260529135500000,216.8,217.0,215.63,215.63,801265,173359910.57
20260529140000000,215.63,216.02,214.86,214.99,1025133,220582260.07
20260529140500000,214.95,215.02,214.21,214.23,1355200,290866700.16
20260529141000000,214.19,214.33,213.08,213.26,1809347,386595199.71
20260529141500000,213.26,214.07,213.0,213.27,1440795,307467424.89
20260529142000000,213.29,213.31,210.77,211.5,2300221,487188462.58
20260529142500000,211.49,213.47,211.47,212.94,1181281,250837539.75
20260529143000000,212.95,213.8,212.01,212.81,817050,173960090.6
20260529143500000,213.0,214.86,213.0,214.86,775500,165681098.0
20260529144000000,214.87,214.93,213.22,213.3,635800,136185631.5
20260529144500000,213.32,213.89,212.83,212.83,748000,159622399.41
20260529145000000,212.82,212.82,211.5,211.77,1401491,297496503.78
20260529145500000,211.69,213.13,211.69,212.98,1539273,327237187.87
20260529150000000,213.0,214.08,212.98,213.05,2605322,555514553.99
20260601093500000,209.22,211.51,203.8,203.8,8557386,1779197768.54
20260601094000000,203.31,205.53,198.45,199.23,9876028,1988555481.93
20260601094500000,199.4,202.76,197.06,202.76,8024682,1601793637.9
20260601095000000,202.4,204.3,199.89,201.01,4035082,814088290.44
20260601095500000,200.99,204.25,199.83,204.25,2667765,537969759.93
20260601100000000,204.25,204.25,199.1,199.1,3677662,737307336.98
20260601100500000,199.06,203.0,199.06,203.0,2390275,481185396.74
20260601101000000,202.99,203.15,200.0,200.0,1984832,400314823.68
20260601101500000,199.97,201.98,198.99,201.67,2636445,527060883.43
20260601102000000,201.61,201.67,198.85,199.97,2426300,484716466.65
20260601102500000,199.95,199.99,197.0,197.07,5303799,1050183601.74
20260601103000000,196.95,196.95,194.67,194.67,6950592,1359480539.38
20260601103500000,194.6,194.6,191.75,191.8,12197397,2348990744.88
20260601104000000,191.8,191.84,191.75,191.75,6410767,1229288503.92
20260601104500000,191.75,191.75,191.75,191.75,904300,173399525.0
20260601105000000,191.75,191.75,191.75,191.75,1210000,232017500.0
20260601105500000,191.75,191.75,191.75,191.75,817400,156736450.0
20260601110000000,191.75,191.75,191.75,191.75,406500,77946375.0
20260601110500000,191.75,191.75,191.75,191.75,406800,78003900.0
20260601111000000,191.75,191.75,191.75,191.75,363000,69605250.0
20260601111500000,191.75,191.75,191.75,191.75,162700,31197725.0
20260601112000000,191.75,191.75,191.75,191.75,150700,28896725.0
20260601112500000,191.75,191.75,191.75,191.75,363200,69643600.0
20260601113000000,191.75,195.56,191.75,195.26,14508909,2791591006.36
20260601130500000,198.0,199.8,195.47,195.47,7171498,1417739391.9
20260601131000000,195.45,198.0,194.0,195.35,3385984,662444355.38
20260601131500000,195.58,199.0,195.58,197.9,1938889,383593094.53
20260601132000000,197.9,198.78,196.41,198.05,1182700,233864263.0
20260601132500000,198.26,198.27,197.29,197.5,1032098,204094303.92
20260601133000000,197.49,197.5,193.39,194.14,1421428,277460829.93
20260601133500000,193.91,194.57,192.0,192.0,2409903,465287075.94
20260601134000000,192.1,193.97,192.1,193.22,1562681,301406309.0
20260601134500000,193.51,194.36,192.72,193.75,790700,152981605.0
20260601135000000,193.76,194.26,193.17,194.0,607500,117628091.0
20260601135500000,194.01,194.09,192.73,192.82,747700,144521367.36
20260601140000000,192.82,193.06,192.01,192.03,1371708,264009515.32
20260601140500000,192.06,192.5,191.75,191.91,2460190,472090698.18
20260601141000000,191.89,192.02,191.75,191.75,2030192,389336329.42
20260601141500000,191.76,192.83,191.75,191.75,1395849,267863231.85
20260601142000000,191.76,191.8,191.75,191.75,1123027,215349199.25
20260601142500000,191.76,191.89,191.75,191.88,1254500,240561496.94
20260601143000000,191.88,192.49,191.75,191.75,1055177,202410363.75
20260601143500000,191.75,192.0,191.75,191.75,962898,184657566.44
20260601144000000,191.75,191.75,191.75,191.75,279500,53594125.0
20260601144500000,191.75,191.75,191.75,191.75,307300,58924775.0
20260601145000000,191.75,192.19,191.75,191.75,2697161,517231311.14
20260601145500000,191.75,191.81,191.75,191.75,1245251,238781082.81
20260601150000000,191.75,191.75,191.75,191.75,1092602,209506433.5
20260602093500000,200.0,202.99,198.5,202.01,28219868,5668209369.91
20260602094000000,202.05,203.88,200.9,202.2,8288017,1676891352.57
20260602094500000,202.37,202.6,198.22,198.22,5388416,1080226242.74
20260602095000000,198.54,200.18,198.54,199.2,3962202,789289555.12
20260602095500000,199.33,199.63,196.92,198.22,3786825,749447039.34
20260602100000000,198.17,200.1,198.17,199.0,2639432,525577937.49
20260602100500000,198.98,201.0,198.85,198.85,1955882,391429279.56
20260602101000000,199.0,203.0,198.86,202.79,2747327,553745826.99
20260602101500000,202.78,203.89,202.25,203.31,4526957,919740544.27
20260602102000000,203.2,203.33,202.0,203.07,1557387,315655025.34
20260602102500000,203.07,203.26,202.31,202.96,1136617,230629694.02
20260602103000000,202.96,204.35,202.94,204.35,2213518,450842722.73
20260602103500000,204.46,204.89,203.62,203.62,2209225,451514692.53
20260602104000000,203.66,206.96,203.66,206.96,3574914,733987391.59
20260602104500000,207.0,207.68,205.96,207.65,2635200,545728726.0
20260602105000000,207.63,207.63,205.94,206.37,1419104,293626706.4
20260602105500000,206.37,207.22,206.37,206.75,885363,183160507.69
20260602110000000,206.75,208.65,206.75,208.65,1855885,385523221.89
20260602110500000,208.55,209.89,207.98,208.69,2410118,503898576.4
20260602111000000,208.82,209.45,208.5,209.0,1689796,353243665.55
20260602111500000,208.9,208.9,206.47,207.08,1246496,258662955.92
20260602112000000,206.97,208.88,206.88,208.66,781100,162605709.0
20260602112500000,208.64,209.3,208.0,209.23,811000,169284768.45
20260602113000000,209.16,209.31,208.5,209.2,1113758,232893652.33
20260602130500000,209.2,210.75,209.2,209.6,2981211,625903793.0
20260602131000000,209.62,210.38,209.39,209.77,1005232,210944587.34
20260602131500000,209.76,210.93,209.04,210.86,7035033,1482643466.53
20260602132000000,210.85,210.93,210.72,210.87,1999788,421766610.67
20260602132500000,210.87,210.93,210.77,210.93,1713112,361315899.8
20260602133000000,210.93,210.93,210.91,210.91,954976,201430053.2
20260602133500000,210.91,210.93,210.88,210.92,720547,151978046.24
20260602134000000,210.93,210.93,210.9,210.9,717626,151362154.4
20260602134500000,210.9,210.93,210.9,210.93,619784,130727411.28
20260602135000000,210.93,210.93,210.93,210.93,299214,63113209.02
20260602135500000,210.93,210.93,210.93,210.93,96600,20375838.0
20260602140000000,210.93,210.93,210.93,210.93,66388,14003220.84
20260602140500000,210.93,210.93,210.93,210.93,71300,15039309.0
20260602141000000,210.93,210.93,210.93,210.93,121800,25691274.0
20260602141500000,210.93,210.93,210.93,210.93,718300,151511019.0
20260602142000000,210.93,210.93,210.93,210.93,732035,154408142.55
20260602142500000,210.93,210.93,210.93,210.93,317600,66991368.0
20260602143000000,210.93,210.93,210.93,210.93,111612,23542319.16
20260602143500000,210.93,210.93,210.93,210.93,94555,19944486.15
20260602144000000,210.93,210.93,210.93,210.93,178200,37587726.0
20260602144500000,210.93,210.93,210.93,210.93,96800,20418024.0
20260602145000000,210.93,210.93,210.93,210.93,120500,25417065.0
20260602145500000,210.93,210.93,210.93,210.93,126800,26745924.0
20260602150000000,210.93,210.93,210.93,210.93,194714,41071024.02
20260603093500000,219.6,224.9,219.6,220.99,16282048,3618534343.82
20260603094000000,220.99,225.69,220.09,225.01,9055132,2026046506.98
20260603094500000,225.12,226.88,224.63,226.88,5737543,1295011030.72
20260603095000000,226.9,231.14,226.9,230.57,6368348,1458652963.76
20260603095500000,230.86,231.31,228.45,228.45,3404615,783440168.25
20260603100000000,228.3,229.31,227.65,229.29,2886224,659198914.33
20260603100500000,229.23,229.5,226.31,226.31,2182882,498455436.24
20260603101000000,226.31,228.53,226.02,227.35,2117000,481191505.22
20260603101500000,227.2,227.2,223.88,224.13,3218441,724823869.31
20260603102000000,224.15,226.59,223.61,225.8,2705685,609586485.25
20260603102500000,225.7,227.68,225.7,227.68,1560809,354042094.51
20260603103000000,227.71,228.45,227.09,228.0,1273610,290321409.99
20260603103500000,227.99,228.67,227.75,228.57,1521847,347270975.18
20260603104000000,228.5,228.5,226.33,226.54,1032287,234500013.05
20260603104500000,226.58,227.2,226.08,227.1,1060577,240540005.86
20260603105000000,227.08,227.2,225.34,225.5,1108069,250716404.54
20260603105500000,225.55,226.52,225.55,226.5,658635,148938785.41
20260603110000000,226.37,227.99,226.01,227.99,785829,178374062.25
20260603110500000,227.97,228.3,227.72,228.0,884359,201610784.04
20260603111000000,228.0,229.5,227.99,229.1,1283664,293755112.51
20260603111500000,229.07,229.49,228.54,228.88,864437,198004046.56
20260603112000000,228.85,229.72,228.25,229.21,1086600,249047920.0
20260603112500000,229.35,229.35,228.19,229.02,705626,161519772.2
20260603113000000,228.99,229.3,228.39,228.84,724196,165691366.28
20260603130500000,229.02,230.43,229.02,230.01,2804330,644725925.58
20260603131000000,230.01,231.99,230.01,231.84,4825714,1117299101.81
20260603131500000,231.85,232.02,231.81,232.01,6023306,1397464676.95
20260603132000000,232.01,232.02,230.32,230.32,1376375,318181873.4
20260603132500000,230.31,230.8,228.5,228.5,1407564,323206173.82
20260603133000000,228.45,229.0,226.68,228.1,1922096,437736289.76
20260603133500000,227.85,228.4,226.79,227.21,1301600,296093911.13
20260603134000000,227.21,228.47,226.86,228.47,1071493,243745886.34
20260603134500000,228.46,228.9,227.47,227.47,597500,136299889.84
20260603135000000,227.5,228.0,226.79,227.61,778793,176958214.82
20260603135500000,227.48,227.48,226.56,226.67,697900,158423359.0
20260603140000000,226.55,226.63,225.65,226.22,1424293,322033221.67
20260603140500000,226.1,227.58,226.1,226.98,758122,172151914.5
20260603141000000,227.0,227.0,224.0,224.08,1981300,445428837.32
20260603141500000,224.1,225.0,223.16,223.16,2149830,482001355.6
20260603142000000,223.13,223.43,222.05,223.0,3155460,702539621.89
20260603142500000,222.96,222.96,220.63,220.63,2513139,556614774.83
20260603143000000,220.67,222.59,220.5,220.99,1975005,437552963.15
20260603143500000,220.91,221.78,219.22,219.29,2543336,560075364.73
20260603144000000,219.38,222.53,219.22,221.94,2606590,576299601.86
20260603144500000,222.0,223.03,221.3,221.6,1771405,393831134.25
20260603145000000,221.47,223.28,221.47,222.78,1594144,354594025.95
20260603145500000,222.78,224.5,222.56,222.96,1949636,435009388.87
20260603150000000,223.0,224.0,223.0,223.99,1769478,396083433.42
20260604093500000,222.11,230.55,222.11,230.45,11133734,2523954223.43
20260604094000000,230.27,235.6,230.01,234.31,8433023,1965222282.89
20260604094500000,234.56,237.95,234.05,236.72,6913718,1631384486.51
20260604095000000,236.69,239.89,236.67,239.77,5140942,1224234845.73
20260604095500000,239.8,241.33,239.56,239.56,4175530,1003662427.15
20260604100000000,239.52,241.98,238.54,241.98,3980728,954970673.42
20260604100500000,241.79,243.99,240.57,242.22,3175943,771203918.87
20260604101000000,242.12,244.33,240.32,240.5,1952500,473873169.0
20260604101500000,240.58,242.48,240.51,242.09,1918602,463288646.75
20260604102000000,242.07,242.07,240.0,240.0,1834642,441837092.36
20260604102500000,240.35,240.36,237.85,237.85,2543191,607881534.85
20260604103000000,237.76,241.43,237.3,240.71,1708365,408642357.19
20260604103500000,240.81,240.98,239.32,239.57,1129700,270940006.12
20260604104000000,239.64,240.26,238.95,239.01,811500,194513163.0
20260604104500000,239.0,239.99,238.29,239.16,1000200,238993095.0
20260604105000000,239.16,239.7,238.89,239.08,702865,168128884.1
20260604105500000,239.26,239.36,237.4,238.08,984514,234559272.74
20260604110000000,238.13,239.49,238.1,239.02,580600,138662852.0
20260604110500000,239.02,239.99,238.89,239.48,414400,99218262.0
20260604111000000,239.47,239.97,238.0,238.0,611300,146039740.0
20260604111500000,238.0,238.16,237.34,237.88,647600,153946297.0
20260604112000000,237.82,238.11,237.01,237.89,657300,156085961.0
20260604112500000,237.89,238.25,237.18,238.01,552700,131452577.45
20260604113000000,237.78,238.01,237.18,237.55,452800,107523620.0
20260604130500000,237.86,239.83,236.51,236.8,1279100,304207476.67
20260604131000000,236.78,238.96,236.66,237.52,1036960,246516643.3
20260604131500000,237.56,238.55,237.4,238.5,714000,169971144.32
20260604132000000,238.5,238.94,237.5,238.62,613904,146238711.8
20260604132500000,238.45,238.73,237.79,237.9,696376,165895590.47
20260604133000000,237.92,238.6,237.32,237.5,581300,138338628.0
20260604133500000,237.36,238.47,236.51,238.03,908900,215871084.0
20260604134000000,238.09,238.09,237.09,237.67,695400,165262591.0
20260604134500000,237.56,238.45,237.47,238.38,619146,147383811.07
20260604135000000,238.29,238.29,236.61,236.7,688600,163386871.76
20260604135500000,236.7,237.8,236.66,237.8,577321,136842473.21
20260604140000000,237.86,238.53,237.08,237.54,732800,174364774.0
20260604140500000,237.33,240.66,237.33,239.94,1585612,379198594.0
20260604141000000,239.62,240.33,239.11,240.09,746700,178972767.44
20260604141500000,240.1,240.1,238.41,239.0,679700,162618288.0
20260604142000000,238.89,239.24,238.16,238.16,606800,144776094.8
20260604142500000,238.12,238.2,236.06,236.28,1705516,404073286.96
20260604143000000,236.22,237.96,236.12,237.96,926001,219458282.15
20260604143500000,237.96,238.37,236.85,238.06,865552,205599567.6
20260604144000000,238.11,238.32,236.97,237.42,889320,211336811.52
20260604144500000,237.39,237.41,236.79,237.3,748300,177467798.32
20260604145000000,237.33,237.5,236.77,237.47,1126605,267170117.67
20260604145500000,237.46,237.67,237.18,237.5,1366618,324547694.36
20260604150000000,237.49,238.01,237.49,237.8,1654976,393549871.96
20260605093500000,232.08,236.0,229.52,231.7,8206406,1906704720.1
20260605094000000,231.06,234.65,231.06,233.21,2843064,662591797.13
20260605094500000,232.72,236.04,232.16,234.57,2616641,613850133.26
20260605095000000,234.0,235.92,233.11,235.92,2137458,501121886.46
20260605095500000,235.99,238.05,235.78,236.75,2842100,673697408.0
20260605100000000,236.73,236.8,234.72,235.16,1632110,384727241.9
20260605100500000,234.85,237.99,234.47,237.19,1692816,400653304.92
20260605101000000,237.19,238.89,236.22,238.01,1988936,473037531.74
20260605101500000,237.99,241.59,237.7,240.84,3863429,926756257.1
20260605102000000,240.3,240.99,238.5,240.99,1826080,437850308.35
20260605102500000,240.84,240.85,238.17,238.45,1539000,369250746.6
20260605103000000,238.26,238.55,237.0,238.01,1152976,274182882.26
20260605103500000,237.85,237.85,235.8,236.34,1385400,327518705.0
20260605104000000,236.32,236.34,234.5,234.5,1197259,281622231.41
20260605104500000,234.55,235.08,233.68,235.08,1081295,253321546.2
20260605105000000,234.8,236.71,234.64,236.66,739100,174461633.96
20260605105500000,236.56,237.05,234.5,234.61,556500,131093798.0
20260605110000000,234.45,235.2,233.78,235.17,701300,164304113.0
20260605110500000,235.18,236.5,234.44,234.77,596642,140315673.0
20260605111000000,234.68,235.8,234.44,235.52,394400,92738347.0
20260605111500000,235.49,236.65,234.64,236.16,493628,116409152.72
20260605112000000,236.5,236.5,235.01,235.01,526151,123988502.69
20260605112500000,235.05,235.25,232.5,232.55,1469300,343439456.36
20260605113000000,232.44,234.82,232.04,233.66,1085856,252670055.24
20260605130500000,234.81,234.81,232.0,232.5,1635296,380433155.44
20260605131000000,232.5,233.43,231.02,231.02,1152361,267326549.12
20260605131500000,231.02,231.02,230.17,230.19,1628369,375537389.59
20260605132000000,230.01,230.99,229.64,230.42,1983748,456627697.15
20260605132500000,230.33,230.4,228.13,228.13,1714900,393293059.15
20260605133000000,228.13,228.95,227.01,227.5,2222354,506356898.31
20260605133500000,227.14,229.34,226.12,228.3,1928345,438939818.9
20260605134000000,228.92,228.99,227.93,228.43,921965,210562638.25
20260605134500000,228.25,229.84,227.61,229.45,1157587,264939599.05
20260605135000000,229.45,230.07,229.01,229.5,758140,174118190.98
20260605135500000,229.5,229.82,228.65,228.86,539200,123564450.0
20260605140000000,228.82,229.13,226.67,226.67,854035,194607494.85
20260605140500000,226.64,226.64,225.0,225.7,2138126,483088266.93
20260605141000000,225.69,226.57,225.32,226.52,1016853,229847898.09
20260605141500000,226.5,226.5,225.37,225.91,940803,212473646.98
20260605142000000,225.88,225.88,225.02,225.21,918923,207040141.77
20260605142500000,225.21,225.21,223.36,223.5,2780750,623526521.5
20260605143000000,223.43,224.0,221.66,222.03,2367110,527264525.56
20260605143500000,222.01,222.8,220.29,220.5,2997176,663137265.89
20260605144000000,220.48,222.4,219.17,219.22,3120630,689626492.22
20260605144500000,219.82,221.01,219.46,220.46,2384370,524998100.49
20260605145000000,220.32,221.96,220.32,221.48,2355564,520576790.2
20260605145500000,221.5,222.49,220.59,220.93,2606138,577409949.11
20260605150000000,220.96,221.61,220.93,221.41,1783490,394719968.15
20260608093500000,210.0,215.58,210.0,213.65,11561503,2457474752.78
20260608094000000,213.87,216.68,213.87,215.57,5664627,1219105288.4
20260608094500000,215.35,217.44,214.58,217.02,3034293,655488002.44
20260608095000000,217.0,217.7,214.5,214.5,2666700,576106259.76
20260608095500000,214.34,218.84,214.1,218.77,1833422,397342111.52
20260608100000000,218.64,220.2,217.5,218.36,2044901,447965171.48
20260608100500000,218.3,219.5,217.4,217.4,1174698,256609572.16
20260608101000000,217.33,218.77,216.8,217.41,1361971,296166708.87
20260608101500000,217.5,218.5,216.33,218.28,903941,196239401.18
20260608102000000,218.37,218.37,216.83,217.41,873400,190129794.0
20260608102500000,217.41,217.41,215.48,216.3,1446995,312398442.13
20260608103000000,216.41,218.28,216.41,218.28,1158440,251926722.43
20260608103500000,218.3,220.5,218.2,219.14,1489800,326796232.94
20260608104000000,219.49,219.6,218.15,219.04,798600,174863693.31
20260608104500000,219.2,219.63,218.16,219.0,735800,161110785.0
20260608105000000,219.12,219.18,215.66,216.51,1189896,258163536.88
20260608105500000,216.55,217.68,215.73,217.58,976705,211291045.7
20260608110000000,217.52,218.37,216.62,216.84,447900,97446982.98
20260608110500000,216.84,216.99,216.01,216.87,455100,98499665.0
20260608111000000,216.6,216.6,215.66,216.32,508600,109857359.0
20260608111500000,216.32,216.51,213.55,213.61,1392750,299282308.74
20260608112000000,213.63,214.68,213.2,214.68,990430,211849467.7
20260608112500000,214.55,215.14,214.2,214.64,777800,167018829.86
20260608113000000,214.42,214.66,213.65,214.0,591400,126571696.24
20260608130500000,213.5,214.8,212.61,214.31,1503759,321066400.96
20260608131000000,214.4,215.75,214.4,215.06,574900,123647537.54
20260608131500000,215.13,216.73,214.9,214.9,820300,177071449.0
20260608132000000,214.89,215.37,214.11,214.38,659603,141584885.62
20260608132500000,214.33,214.33,213.11,213.11,667700,142770257.4
20260608133000000,213.11,213.86,212.22,212.22,677341,144347034.4
20260608133500000,212.18,212.48,211.48,211.54,1542271,326768925.58
20260608134000000,211.47,211.54,210.6,210.91,1807600,381403441.75
20260608134500000,210.94,210.94,210.0,210.35,2227836,468486602.7
20260608135000000,210.37,211.94,209.28,211.46,1904700,400614670.07
20260608135500000,211.43,212.18,211.0,211.06,947300,200517790.99
20260608140000000,211.0,213.74,210.99,213.5,897166,191054806.4
20260608140500000,213.38,214.61,212.57,214.02,898800,191916555.56
20260608141000000,214.02,214.53,213.0,213.57,530300,113369268.0
20260608141500000,213.59,213.59,212.02,212.12,659400,140076577.0
20260608142000000,212.11,213.57,212.08,212.98,643400,137068856.0
20260608142500000,212.93,214.6,212.8,214.6,708200,151428757.0
20260608143000000,214.62,215.08,213.68,214.35,1185500,254137204.05
20260608143500000,214.35,214.38,212.62,212.87,909486,194162622.42
20260608144000000,212.86,212.86,211.12,211.49,1212134,256771577.27
20260608144500000,211.52,212.52,211.52,212.51,1240926,263388004.33
20260608145000000,212.53,213.48,212.0,212.57,1208992,257004640.92
20260608145500000,212.47,212.47,211.9,211.95,1732686,367615396.73
20260608150000000,211.95,213.0,211.88,213.0,1358338,288559270.84
20260609093500000,216.82,219.0,216.4,217.75,7365784,1603043201.16
20260609094000000,217.86,221.85,217.8,221.2,4362983,961393745.1
20260609094500000,221.2,222.43,219.18,221.26,3021108,667291562.06
20260609095000000,221.29,222.55,220.36,221.67,2883561,639100860.72
20260609095500000,221.66,222.15,218.82,218.82,2253170,497170591.7
20260609100000000,218.66,220.99,218.5,220.3,1599232,351287624.92
20260609100500000,220.3,221.41,217.89,218.18,1725169,379288374.62
20260609101000000,218.1,219.89,217.07,219.82,1572445,343432415.86
20260609101500000,220.0,220.5,218.68,218.78,1045700,229782346.0
20260609102000000,218.9,218.9,215.7,215.7,1738511,377294350.82
20260609102500000,215.67,215.67,214.0,214.64,2345209,503975703.77
20260609103000000,214.63,215.8,213.58,215.51,1727337,370850357.86
20260609103500000,215.46,215.6,213.75,215.55,1204183,258736410.83
20260609104000000,215.51,215.51,214.18,214.38,757803,162619372.13
20260609104500000,214.38,215.65,213.5,215.44,997094,213763350.0
20260609105000000,215.45,215.99,215.25,215.62,780991,168364915.99
20260609105500000,215.7,218.1,215.67,217.8,1057634,229406563.04
20260609110000000,217.76,217.76,216.04,216.15,758201,164661050.9
20260609110500000,216.3,217.76,216.06,217.56,755400,164068998.0
20260609111000000,217.53,218.01,216.7,217.94,599777,130447705.93
20260609111500000,217.94,218.93,217.74,218.45,811200,177210147.0
20260609112000000,218.4,218.8,217.95,217.95,1008600,220064550.0
20260609112500000,217.9,217.9,216.33,216.74,651600,141354731.0
20260609113000000,216.81,218.39,216.81,218.26,697760,152045815.83
20260609130500000,218.45,220.66,218.45,219.73,2146400,472224776.43
20260609131000000,219.6,219.85,218.95,219.28,844700,185298972.0
20260609131500000,219.29,220.48,219.0,219.9,1031100,226690356.21
20260609132000000,219.68,220.2,219.28,219.67,762100,167502559.51
20260609132500000,219.58,219.9,219.08,219.08,712341,156341085.96
20260609133000000,219.08,219.14,217.81,217.96,849004,185353377.73
20260609133500000,217.93,219.03,217.82,219.03,815407,178151332.03
20260609134000000,219.08,221.54,219.08,221.54,1712892,377409217.0
20260609134500000,221.55,222.89,221.3,222.89,2721786,604317791.33
20260609135000000,222.92,223.58,222.61,223.43,2000011,446365081.49
20260609135500000,223.46,225.5,222.86,225.26,2609766,585881662.27
20260609140000000,225.32,225.58,223.33,223.7,1354600,304476784.36
20260609140500000,223.64,225.06,223.64,224.19,961984,215824364.68
20260609141000000,224.18,224.37,223.3,223.68,1080722,241949326.56
20260609141500000,223.69,224.12,222.82,222.82,713461,159342898.81
20260609142000000,222.8,223.25,221.7,222.48,769239,171196691.0
20260609142500000,222.49,222.5,221.95,222.25,638125,141825541.22
20260609143000000,222.39,222.47,221.3,222.2,836520,185731405.28
20260609143500000,222.21,223.01,222.2,222.24,842403,187617070.49
20260609144000000,222.24,222.41,221.85,222.3,828006,183904324.18
20260609144500000,222.3,223.94,222.2,223.83,1085778,242038173.32
20260609145000000,223.91,224.9,223.59,224.62,1624154,364320656.78
20260609145500000,224.53,224.53,223.98,224.11,1549578,347354056.44
20260609150000000,224.11,224.4,224.11,224.4,1494951,335333766.86
20260610093500000,216.59,216.59,213.0,215.75,8130330,1744662909.23
20260610094000000,215.53,216.99,214.38,216.54,3502536,753875550.68
20260610094500000,216.61,219.85,216.0,219.76,2899358,633029508.95
20260610095000000,219.75,223.87,219.75,222.87,3868989,857999862.38
20260610095500000,222.88,227.18,221.74,227.18,4245215,950002401.31
20260610100000000,227.15,227.89,222.1,223.28,2968900,668074391.11
20260610100500000,223.11,224.31,220.99,220.99,1677900,374077362.0
20260610101000000,221.04,221.45,219.85,220.44,1637100,361098468.8
20260610101500000,220.49,221.49,218.7,218.7,1285800,282343444.0
20260610102000000,218.7,221.5,218.7,220.06,897300,197830020.0
20260610102500000,220.01,220.7,217.75,217.75,1302789,285164597.78
20260610103000000,217.8,218.36,216.13,216.31,1254253,272635056.8
20260610103500000,216.48,217.36,216.48,217.24,1098489,238105467.62
20260610104000000,217.3,218.58,216.52,216.93,814600,177286463.07
20260610104500000,217.25,218.58,216.25,216.26,970911,211195208.83
20260610105000000,216.71,217.12,215.16,216.8,1515513,327574243.51
20260610105500000,216.82,217.99,216.33,216.33,727400,157958075.0
20260610110000000,216.3,216.52,215.38,216.01,839986,181231772.02
20260610110500000,215.9,217.33,215.6,217.0,511094,110677443.12
20260610111000000,216.93,217.18,216.44,216.44,337900,73276233.0
20260610111500000,216.43,217.55,215.59,217.55,492681,106500595.73
20260610112000000,217.65,218.5,217.6,218.29,509500,111036390.0
20260610112500000,217.99,217.99,216.3,216.63,423000,91847886.0
20260610113000000,216.72,218.22,216.71,217.45,326200,71000976.0
20260610130500000,217.0,217.0,214.81,216.1,1507908,324907548.0
20260610131000000,216.27,216.99,215.63,215.91,541191,116943098.78
20260610131500000,215.89,215.89,213.93,214.11,1484247,318323487.93
20260610132000000,214.11,214.78,213.99,214.69,830200,177865494.0
20260610132500000,214.69,214.87,213.88,214.0,827000,177142023.58
20260610133000000,213.98,214.25,213.29,213.77,1142700,244090855.0
20260610133500000,213.81,213.82,211.6,211.6,2932742,623713776.59
20260610134000000,211.57,212.1,210.89,211.4,1716363,362834588.83
20260610134500000,211.56,213.32,211.56,212.01,1247806,265125135.06
20260610135000000,212.02,212.58,211.15,211.15,953600,202126779.05
20260610135500000,211.15,212.33,210.83,212.09,1169700,247239041.0
20260610140000000,212.09,213.13,212.06,213.13,755200,160658126.35
20260610140500000,213.09,213.65,212.09,212.19,816200,173816819.69
20260610141000000,212.2,212.92,211.8,212.35,776500,164745592.26
20260610141500000,212.29,212.73,211.82,212.0,636700,135149813.0
20260610142000000,212.02,212.8,211.98,212.8,555400,117819777.0
20260610142500000,212.8,214.0,212.76,212.8,1015200,216765420.0
20260610143000000,212.81,213.5,212.8,213.37,573240,122133959.86
20260610143500000,213.4,214.23,213.2,213.89,916303,195988213.17
20260610144000000,213.91,214.2,213.2,213.21,1070907,228950368.42
20260610144500000,213.2,213.2,212.49,212.69,1022200,217515006.0
20260610145000000,212.7,212.83,212.5,212.58,999232,212451063.36
20260610145500000,212.57,213.03,212.08,212.27,1544259,327983783.85
20260610150000000,212.29,212.46,212.2,212.27,1319856,280207931.15
20260611093500000,215.0,217.13,214.2,216.5,7679154,1655722401.59
20260611094000000,216.68,217.88,216.54,217.47,3796897,824566886.92
20260611094500000,217.59,218.62,216.2,218.0,2519259,548481041.8
20260611095000000,218.0,221.59,218.0,220.73,4481601,987630991.47
20260611095500000,220.66,221.0,217.81,218.1,2233010,489994945.58
20260611100000000,218.1,218.99,215.82,217.0,1653228,359354353.48
20260611100500000,216.95,216.95,215.21,215.45,1740500,375492614.51
20260611101000000,215.42,216.58,215.42,216.38,957743,207003726.63
20260611101500000,216.47,217.56,215.91,217.38,812235,176102793.96
20260611102000000,217.49,218.0,215.88,218.0,1116406,242053507.72
20260611102500000,218.3,218.67,216.11,217.6,927012,201694430.06
20260611103000000,217.55,218.13,215.2,215.4,1020888,221097798.1
20260611103500000,215.42,216.05,214.08,214.14,1432700,308278506.09
20260611104000000,214.29,215.3,214.29,214.54,794600,170690843.0
20260611104500000,214.57,216.07,214.08,214.08,679400,146122905.02
20260611105000000,214.02,215.3,213.7,215.17,1029120,220436087.43
20260611105500000,215.41,215.99,214.2,214.2,516800,111186605.07
20260611110000000,214.17,216.0,214.17,215.64,386597,83191110.47
20260611110500000,215.6,215.61,214.71,215.34,390200,83951560.0
20260611111000000,215.4,215.55,213.6,213.65,802316,171820814.44
20260611111500000,213.57,213.57,212.3,213.33,1237484,263398752.4
20260611112000000,213.2,213.2,211.77,212.26,1257500,266971907.0
20260611112500000,212.26,212.53,211.4,211.76,998500,211616566.92
20260611113000000,211.87,212.71,211.49,211.69,627717,133065236.43
20260611130500000,212.0,213.58,210.0,210.53,2000015,422853106.25
20260611131000000,210.72,211.65,210.72,211.55,670617,141541676.9
20260611131500000,211.55,213.4,211.5,213.0,594716,126448237.81
20260611132000000,213.0,213.66,212.7,213.66,630476,134362651.44
20260611132500000,213.68,214.03,212.2,212.2,650400,138774930.5
20260611133000000,212.11,212.26,210.8,211.07,883500,186803630.44
20260611133500000,211.17,211.17,210.15,210.5,1080500,227642534.0
20260611134000000,210.51,211.35,210.05,210.05,1272072,267986020.44
20260611134500000,210.02,210.74,209.11,209.12,1691200,355019515.0
20260611135000000,209.11,211.08,209.0,211.08,1057881,221668515.48
20260611135500000,211.08,211.5,210.67,210.67,406000,85647156.0
20260611140000000,210.68,210.68,209.27,209.89,605897,127102592.86
20260611140500000,209.89,210.03,208.59,208.59,1299480,272149197.58
20260611141000000,208.51,208.51,205.62,205.62,2682915,555794511.83
20260611141500000,205.95,206.5,205.34,206.09,2066658,425331309.6
20260611142000000,206.1,207.04,206.0,206.0,880398,181711835.0
20260611142500000,205.99,207.69,205.67,207.45,1031801,213255815.22
20260611143000000,207.58,208.0,206.35,206.37,778799,161198374.44
20260611143500000,206.39,208.15,206.39,207.1,853414,177110836.94
20260611144000000,207.1,208.21,207.1,208.12,716472,148973792.36
20260611144500000,208.27,209.35,208.27,209.05,1015811,212127157.3
20260611145000000,209.15,209.5,208.81,209.48,913563,191116231.09
20260611145500000,209.5,210.39,209.5,210.03,1174715,246663612.3
20260611150000000,210.03,210.99,209.93,210.99,1438285,302942384.0
20260612093500000,220.5,220.5,214.25,215.9,8941090,1948413365.86
20260612094000000,215.88,217.39,215.38,217.22,3578916,774969942.93
20260612094500000,217.34,218.44,214.32,214.9,2807800,608123568.22
20260612095000000,215.11,218.3,215.11,218.0,2889300,629052409.55
20260612095500000,217.97,218.88,216.34,218.7,2635793,574109948.06
20260612100000000,218.78,219.08,216.8,218.32,2191268,477895064.24
20260612100500000,218.23,218.35,216.7,218.0,1865142,405913305.68
20260612101000000,218.0,218.54,217.34,218.0,2281187,497312053.87
20260612101500000,218.01,218.53,216.6,217.51,1806500,393591076.43
20260612102000000,217.51,218.45,216.7,217.96,1294426,281462908.58
20260612102500000,218.0,219.36,218.0,218.29,1861945,407110750.74
20260612103000000,218.21,218.8,217.42,217.85,946000,206324522.03
20260612103500000,217.73,223.0,217.5,222.91,6331949,1397301025.07
20260612104000000,222.71,224.94,222.0,224.94,5184006,1157475091.04
20260612104500000,224.98,225.6,223.16,223.81,3508871,787974822.9
20260612105000000,223.85,226.77,223.06,226.24,3655017,823484365.8
20260612105500000,225.99,225.99,224.09,224.09,1416048,318729618.2
20260612110000000,224.0,224.0,221.81,221.9,1608231,358061817.5
20260612110500000,222.0,222.9,221.5,222.31,1124900,249979778.0
20260612111000000,222.3,223.0,221.4,221.5,1027200,228081812.82
20260612111500000,221.5,222.18,220.5,221.01,1118570,247338346.38
20260612112000000,221.01,222.5,220.7,221.3,630400,139697541.0
20260612112500000,221.18,221.77,219.99,219.99,875200,193078825.0
20260612113000000,219.89,219.89,218.69,218.69,892700,195675892.0
20260612130500000,218.35,219.44,217.8,218.11,1237601,270485116.24
20260612131000000,218.08,219.48,217.8,217.8,774130,169213199.0
20260612131500000,217.79,219.1,217.61,218.11,662400,144480200.78
20260612132000000,218.06,218.36,217.69,218.08,518953,113159863.23
20260612132500000,218.1,220.18,217.96,219.09,947300,207469543.41
20260612133000000,219.34,220.21,219.0,219.09,771600,169592660.0
20260612133500000,219.09,219.49,218.25,218.25,442599,96931666.88
20260612134000000,218.26,218.81,217.9,217.9,598530,130605007.78
20260612134500000,217.89,219.53,217.8,219.47,664053,144926661.87
20260612135000000,219.46,220.0,219.36,219.59,645104,141701071.64
20260612135500000,219.5,219.5,218.51,218.51,397400,87089908.0
20260612140000000,218.5,218.5,217.65,217.9,754506,164416215.92
20260612140500000,217.89,218.53,217.16,217.75,663403,144462836.72
20260612141000000,217.79,218.93,217.3,217.3,577700,125869391.0
20260612141500000,217.28,217.8,217.1,217.8,518500,112647934.0
20260612142000000,217.81,217.84,216.87,217.0,756260,164177517.0
20260612142500000,216.98,217.6,216.98,217.24,525800,114266338.0
20260612143000000,217.24,217.31,217.04,217.25,439211,95394234.0
20260612143500000,217.26,217.5,216.5,216.62,891363,193341584.27
20260612144000000,216.64,217.07,216.11,217.04,903163,195665703.35
20260612144500000,217.03,217.03,216.13,216.3,950331,205699144.41
20260612145000000,216.25,216.6,216.08,216.6,1248900,270011364.0
20260612145500000,216.6,217.12,216.6,216.84,1737100,376835093.92
20260612150000000,216.8,217.55,216.68,217.55,1496554,325083912.1
20260615093500000,222.47,222.48,217.0,217.0,7004256,1543735278.53
20260615094000000,216.5,220.5,215.55,220.5,3393770,738705132.19
20260615094500000,220.8,221.05,218.77,220.16,2468753,543220615.45
20260615095000000,219.92,224.23,219.92,224.23,3715388,825523049.92
20260615095500000,224.5,226.36,223.08,226.14,4580115,1030321212.3
20260615100000000,226.13,226.13,223.41,224.23,2175126,488339008.49
20260615100500000,224.27,225.87,224.25,225.87,1946797,438072480.68
20260615101000000,225.84,227.48,225.8,226.38,3922638,889364662.16
20260615101500000,226.36,228.55,225.92,228.18,2989788,681499923.23
20260615102000000,228.18,229.11,227.33,227.52,2510901,573594710.07
20260615102500000,227.52,229.96,227.52,229.71,2093062,479863407.75
20260615103000000,229.66,232.55,229.66,231.36,3672503,849645170.57
20260615103500000,231.5,234.56,231.5,234.5,2404550,559975648.39
20260615104000000,234.5,236.07,233.66,235.7,2630913,618727691.01
20260615104500000,235.7,235.7,232.9,232.9,2487861,582062073.51
20260615105000000,232.72,234.95,232.02,232.88,1706051,398270213.34
20260615105500000,232.8,232.8,230.9,230.9,1616875,374706597.69
20260615110000000,230.88,233.0,230.88,232.82,1120574,260048699.1
20260615110500000,232.59,234.5,232.1,234.41,1041402,242995536.0
20260615111000000,234.55,235.35,234.54,235.35,1756100,412713986.49
20260615111500000,235.53,236.0,234.51,235.99,1890900,445204316.84
20260615112000000,236.0,237.57,235.25,237.47,1726881,408572170.66
20260615112500000,237.29,238.48,236.78,238.45,2141919,509604382.63
20260615113000000,238.88,239.31,238.3,238.96,7210915,1724383146.16
20260615130500000,238.9,239.31,238.9,239.31,2852800,682473128.0
20260615131000000,239.31,239.31,239.31,239.31,1606094,384354355.14
20260615131500000,239.31,239.31,238.3,239.09,3211359,767212013.79
20260615132000000,239.08,239.31,239.0,239.14,3155465,755007560.02
20260615132500000,239.09,239.31,238.88,239.31,1589661,380289013.42
20260615133000000,239.31,239.31,239.27,239.31,917797,219636275.07
20260615133500000,239.31,239.31,239.05,239.31,849479,203263401.54
20260615134000000,239.31,239.31,239.3,239.31,362400,86725465.0
20260615134500000,239.31,239.31,239.31,239.31,189186,45274101.66
20260615135000000,239.31,239.31,239.31,239.31,132651,31744710.81
20260615135500000,239.31,239.31,239.31,239.31,208306,49849708.86
20260615140000000,239.31,239.31,239.31,239.31,288540,69050507.4
20260615140500000,239.31,239.31,239.31,239.31,138500,33144435.0
20260615141000000,239.31,239.31,239.31,239.31,155300,37164843.0
20260615141500000,239.31,239.31,239.31,239.31,116300,27831753.0
20260615142000000,239.31,239.31,239.31,239.31,122000,29195820.0
20260615142500000,239.31,239.31,239.31,239.31,101700,24337827.0
20260615143000000,239.31,239.31,239.31,239.31,160500,38409255.0
20260615143500000,239.31,239.31,239.31,239.31,110400,26419824.0
20260615144000000,239.31,239.31,239.31,239.31,254898,60999640.38
20260615144500000,239.31,239.31,239.31,239.31,135600,32450436.0
20260615145000000,239.31,239.31,239.31,239.31,149900,35872569.0
20260615145500000,239.31,239.31,239.31,239.31,144900,34676019.0
20260615150000000,239.31,239.31,239.31,239.31,215350,51535408.5
20260616093500000,244.0,246.0,240.26,241.52,12600619,3074123278.23
20260616094000000,241.91,243.8,239.35,242.8,6429320,1549046427.13
20260616094500000,242.92,242.93,239.0,239.0,3846500,927224901.67
20260616095000000,239.05,239.6,237.78,238.92,5170750,1233912257.53
20260616095500000,238.98,241.2,238.36,239.0,2955331,708795622.7
20260616100000000,238.7,240.51,238.0,239.31,2374577,567926423.78
20260616100500000,239.11,239.11,236.4,236.5,3424040,812832624.2
20260616101000000,236.5,238.09,236.0,237.04,2662549,630544408.77
20260616101500000,237.04,240.28,236.97,240.28,2319147,553568339.19
20260616102000000,240.15,240.15,238.0,238.98,1363800,325952634.8
20260616102500000,239.0,239.99,237.76,237.76,1163100,278018003.0
20260616103000000,237.73,238.81,237.21,237.21,1043634,248373245.18
20260616103500000,237.17,237.99,236.88,237.8,1618629,383965838.23
20260616104000000,237.79,239.5,237.49,239.5,1095474,261088018.12
20260616104500000,239.56,240.06,238.16,239.32,1759100,421276044.0
20260616105000000,239.34,240.01,239.28,239.5,1281800,307338589.0
20260616105500000,239.8,239.8,238.48,239.35,753600,180150601.47
20260616110000000,239.35,239.35,238.0,238.54,867800,206994927.72
20260616110500000,238.55,238.64,237.17,237.42,1166500,277204736.0
20260616111000000,237.4,237.55,236.57,237.55,1635000,387435329.08
20260616111500000,237.55,239.67,237.55,239.6,943475,225528730.95
20260616112000000,239.6,240.9,239.59,240.74,1505600,361712667.67
20260616112500000,240.75,240.87,239.1,240.1,936300,224834408.68
20260616113000000,240.4,242.3,239.8,242.0,1285356,310119413.93
20260616130500000,242.3,243.38,241.73,242.15,2313122,561059051.1
20260616131000000,242.3,243.99,242.3,242.32,1711898,416832873.8
20260616131500000,242.3,243.0,241.08,242.27,1443900,349317938.57
20260616132000000,242.5,242.9,240.0,240.8,1187000,286352911.69
20260616132500000,240.93,242.2,239.99,241.89,937604,225971762.92
20260616133000000,241.88,243.35,240.96,242.98,966308,233980515.37
20260616133500000,243.02,248.0,243.02,248.0,4510568,1108655061.22
20260616134000000,248.32,248.55,244.3,244.33,3222000,796568451.92
20260616134500000,244.42,247.32,243.55,247.18,1609844,394897288.8
20260616135000000,247.3,252.98,247.3,252.98,5123455,1282310938.87
20260616135500000,253.09,253.09,250.33,251.73,2620046,660148895.26
20260616140000000,251.81,253.0,249.68,249.8,1776100,446299869.53
20260616140500000,249.88,250.3,248.6,249.0,1638100,408363652.9
20260616141000000,249.0,250.71,249.0,249.59,1384826,346000435.0
20260616141500000,249.73,251.79,249.67,251.35,1040300,260730604.69
20260616142000000,251.24,251.76,250.46,250.46,1089300,273499165.0
20260616142500000,250.44,251.62,249.99,251.0,1185445,297178702.38
20260616143000000,251.1,251.15,249.99,250.76,1017700,255091181.0
20260616143500000,250.77,250.77,250.04,250.06,866900,216933993.0
20260616144000000,250.05,250.05,249.4,249.4,1059961,264853574.29
20260616144500000,249.18,249.18,247.65,247.76,1323100,328453156.4
20260616145000000,247.85,248.73,247.8,248.73,1100075,273180416.03
20260616145500000,248.8,249.37,248.8,249.22,1468306,365756902.68
20260616150000000,249.28,249.28,249.0,249.06,1718852,428139671.68
20260617093500000,255.12,262.94,255.12,257.13,17950900,4650710533.0
20260617094000000,257.37,259.34,255.67,258.51,5467500,1407156219.0
20260617094500000,258.58,260.46,256.52,257.4,4090600,1057163768.0
20260617095000000,257.46,259.15,256.0,258.27,3329900,856112648.0
20260617095500000,257.95,258.59,255.31,255.34,2386000,612895744.0
20260617100000000,255.33,255.49,251.13,251.93,5906700,1496898048.0
20260617100500000,251.91,254.56,251.91,252.8,3320700,840177664.0
20260617101000000,252.83,256.33,252.83,256.06,2279800,581690368.0
20260617101500000,255.94,257.72,255.01,257.12,1632900,418666496.0
20260617102000000,257.12,258.78,256.93,258.78,1561300,402504704.0
20260617102500000,258.8,260.95,258.0,258.35,2418100,627533824.0
20260617103000000,258.28,260.4,257.95,259.74,1602000,415204352.0
20260617103500000,259.68,262.6,259.28,262.27,1798300,469182464.0
20260617104000000,262.47,262.47,259.87,261.1,1708400,446482432.0
20260617104500000,261.21,264.8,261.0,263.9,2524900,664084480.0
20260617105000000,263.55,265.35,262.87,263.42,2760500,728995840.0
20260617105500000,263.48,263.71,262.02,262.12,1464000,384720896.0
20260617110000000,262.16,263.92,261.04,263.4,986800,258923520.0
20260617110500000,263.34,266.0,263.34,265.84,1589500,421392384.0
20260617111000000,265.27,266.0,262.88,262.89,1156500,306053120.0
20260617111500000,262.89,262.89,260.39,260.55,1278900,334554112.0
20260617112000000,260.5,260.5,258.59,259.58,1777100,460994560.0
20260617112500000,259.64,261.2,258.63,259.5,1047600,272181248.0
20260617113000000,259.5,259.84,259.06,259.5,763100,197986304.0
20260617130500000,259.5,259.51,256.0,256.23,1884100,485236736.0
20260617131000000,256.1,257.17,255.45,257.17,1481800,379578368.0
20260617131500000,257.27,258.1,256.78,257.93,1096100,282179584.0
20260617132000000,257.94,259.0,257.59,258.16,770600,198936576.0
20260617132500000,258.0,258.3,256.5,257.9,970400,249700352.0
20260617133000000,257.71,258.3,257.17,257.54,654500,168699904.0
20260617133500000,257.59,258.85,257.59,258.85,601000,155090944.0
20260617134000000,258.72,258.82,257.9,257.9,661000,170708992.0
20260617134500000,257.96,258.07,256.73,257.66,1086500,279564288.0
20260617135000000,257.68,259.27,256.75,259.2,797400,205713408.0
20260617135500000,259.2,259.24,256.03,256.03,992300,255504384.0
20260617140000000,256.15,256.15,255.03,255.52,1545300,394799104.0
20260617140500000,255.5,255.83,254.8,255.62,1426500,364259328.0
20260617141000000,255.61,256.41,254.7,256.19,839800,214431744.0
20260617141500000,255.86,255.86,254.23,255.02,1037800,264484864.0
20260617142000000,254.98,255.02,253.48,253.48,1315600,334120960.0
20260617142500000,253.47,255.12,253.47,254.89,905400,230443008.0
20260617143000000,254.91,255.08,254.4,254.58,640500,163143680.0
20260617143500000,254.57,255.76,254.57,255.17,1022700,261181440.0
20260617144000000,255.14,256.0,255.13,255.5,788500,201504768.0
20260617144500000,255.51,256.96,255.25,256.96,1142500,292360192.0
20260617145000000,256.94,258.01,256.61,257.82,1391600,358148096.0
20260617145500000,257.77,258.11,257.47,257.56,1941300,500512768.0
20260617150000000,257.53,257.53,256.6,256.92,1843100,473638912.0
20260618093500000,256.92,261.23,255.16,259.46,7863225,2028231419.59
20260618094000000,259.46,262.5,259.46,260.52,4897439,1276586321.74
20260618094500000,260.94,260.94,258.5,259.16,2869859,744881697.27
20260618095000000,259.05,261.74,257.01,259.6,3028791,784287695.07
20260618095500000,259.7,263.56,259.7,262.7,2598111,682085968.31
20260618100000000,262.88,263.57,262.31,262.77,1805529,474909809.0
20260618100500000,262.72,268.19,262.72,268.19,3413914,906530499.74
20260618101000000,268.19,268.19,266.15,266.15,2442294,652555206.15
20260618101500000,266.0,266.55,264.01,266.15,1975003,523373218.15
20260618102000000,266.16,267.0,264.8,265.48,1159694,308324683.2
20260618102500000,265.48,266.88,265.48,265.88,1122100,298587624.0
20260618103000000,266.12,270.5,266.12,269.1,3183196,856137699.09
20260618103500000,268.99,269.73,268.22,269.4,1215922,326973000.4
20260618104000000,269.49,271.27,267.71,267.71,1938095,522745604.17
20260618104500000,267.73,270.58,267.73,269.89,973748,262010829.75
20260618105000000,269.89,270.2,268.22,268.6,828082,222827615.88
20260618105500000,268.51,273.5,268.49,273.0,1761134,478007510.7
20260618110000000,273.25,273.9,271.8,271.8,2465749,672978801.72
20260618110500000,271.8,273.87,271.0,272.59,1221579,332681555.14
20260618111000000,272.67,274.5,272.59,274.42,1410967,386323769.53
20260618111500000,274.3,274.5,270.0,271.58,1364785,370983274.69
20260618112000000,271.81,276.5,271.81,276.02,1983449,545419738.0
20260618112500000,276.05,277.37,274.93,276.3,1184700,327181740.4
20260618113000000,276.59,276.6,273.91,274.13,944800,259810344.0
20260618130500000,274.13,274.35,270.77,271.19,1642820,447004046.32
20260618131000000,271.2,273.8,270.72,272.69,929486,252757424.73
20260618131500000,272.61,272.61,269.88,269.88,1613898,436364266.43
20260618132000000,269.88,272.09,269.81,270.79,814172,220676065.4
20260618132500000,270.69,271.81,270.01,271.23,634500,171858346.0
20260618133000000,271.26,272.83,270.8,272.83,609350,165750360.8
20260618133500000,272.98,273.66,272.28,272.42,615200,167961821.0
20260618134000000,272.4,273.36,272.32,272.62,568310,155095423.46
20260618134500000,272.61,273.65,272.0,272.0,583974,159382214.84
20260618135000000,271.96,272.83,271.81,272.81,624919,170063854.2
20260618135500000,272.43,272.96,271.92,272.3,539101,146814928.63
20260618140000000,272.46,273.99,272.32,273.59,633900,173155205.0
20260618140500000,273.52,274.35,272.7,272.8,664100,181748852.25
20260618141000000,272.81,273.12,272.0,272.9,598700,163162323.72
20260618141500000,272.9,273.97,272.9,273.88,564000,154321306.0
20260618142000000,273.88,274.09,273.8,273.8,603100,165234926.11
20260618142500000,273.76,275.68,273.71,274.94,1127871,310003387.0
20260618143000000,274.94,275.01,274.5,274.51,894176,245752565.36
20260618143500000,274.48,274.48,273.0,273.06,1103400,301808681.76
20260618144000000,272.96,272.96,270.1,270.1,1721791,467989870.87
20260618144500000,270.01,272.72,270.0,272.31,1290206,349989327.6
20260618145000000,272.45,272.45,271.0,271.44,1077200,292496142.5
20260618145500000,271.44,271.98,270.85,270.86,1850100,502190250.65
20260618150000000,270.86,273.0,270.8,273.0,4641189,1265174937.88
20260622093500000,273.05,273.05,266.32,270.26,10676321,2889572018.09
20260622094000000,270.28,274.5,270.28,273.47,4519259,1230355518.27
20260622094500000,273.47,275.01,272.4,272.4,4490270,1229774941.6
20260622095000000,271.87,274.99,271.6,274.99,3501003,956506141.29
20260622095500000,275.0,275.2,272.5,272.5,3352743,917558050.41
20260622100000000,272.52,275.42,272.52,273.07,2877121,788871361.66
20260622100500000,273.0,275.0,272.04,272.04,2326662,636312103.02
20260622101000000,272.04,272.8,270.15,271.49,2865899,777023106.42
20260622101500000,271.5,272.64,270.0,270.05,2328142,630826615.16
20260622102000000,270.04,272.0,268.38,271.6,2945541,794288087.05
20260622102500000,271.67,271.68,268.95,268.95,1284600,346884615.15
20260622103000000,268.89,268.89,266.01,266.02,4343464,1160173261.86
20260622103500000,266.01,267.86,265.6,266.28,2442670,651377888.97
20260622104000000,266.39,269.58,266.16,269.08,1468054,393886612.16
20260622104500000,268.66,268.66,266.54,267.0,1221821,326534859.02
20260622105000000,266.91,266.91,263.2,263.26,2902312,767698873.6
20260622105500000,263.23,263.48,260.99,260.99,3191642,836957423.12
20260622110000000,260.9,264.78,260.9,264.73,1430097,376224434.38
20260622110500000,264.73,264.95,263.59,263.76,1262600,333499564.0
20260622111000000,263.74,264.64,260.0,260.05,2203155,575934178.95
20260622111500000,260.47,261.94,260.14,261.42,1445023,376952308.4
20260622112000000,261.43,262.35,260.92,261.0,1307500,342003018.9
20260622112500000,260.98,262.64,260.7,262.64,1115031,291608678.49
20260622113000000,262.89,264.16,262.89,264.15,1125566,296618382.76
20260622130500000,264.25,267.7,264.15,266.06,1875978,498854828.42
20260622131000000,266.06,268.22,266.04,266.8,1441363,385721744.58
20260622131500000,266.8,268.05,266.0,267.06,882648,235643413.79
20260622132000000,267.6,267.6,266.11,267.21,678986,181275159.14
20260622132500000,267.18,270.04,266.34,268.11,1526900,410443735.15
20260622133000000,268.12,269.0,266.86,267.5,947300,254174329.25
20260622133500000,267.4,267.8,266.0,266.4,584749,155817735.37
20260622134000000,266.55,268.05,266.55,267.0,689000,184312089.0
20260622134500000,267.05,267.29,266.89,266.92,502600,134222073.0
20260622135000000,266.92,268.98,266.92,268.91,652700,175075533.32
20260622135500000,268.9,269.97,268.0,268.79,927400,249547102.07
20260622140000000,267.99,270.02,267.99,270.02,1018300,274367951.05
20260622140500000,270.02,270.97,269.86,270.12,911813,246507452.02
20260622141000000,270.09,270.2,269.49,270.2,796242,214872055.95
20260622141500000,270.2,270.41,269.3,270.21,698599,188648151.82
20260622142000000,269.99,271.03,269.62,270.01,868210,234898891.69
20260622142500000,270.0,270.0,269.3,269.98,675600,182182242.28
20260622143000000,269.97,270.17,269.68,270.0,677226,182797810.54
20260622143500000,270.0,270.2,269.78,269.96,879186,237316412.28
20260622144000000,269.95,269.98,269.01,269.08,876426,236288401.2
20260622144500000,269.07,270.29,269.02,270.29,1148461,309503821.11
20260622145000000,270.3,271.75,270.15,271.56,1526362,413235025.33
20260622145500000,271.5,271.5,270.3,270.52,1408574,381352566.92
20260622150000000,270.55,271.03,270.55,270.55,1630030,441157903.43
20260623093500000,265.01,265.97,260.04,262.9,9156890,2402386383.47
20260623094000000,262.93,263.2,258.0,259.7,6549212,1701195454.04
20260623094500000,259.85,260.2,256.59,256.59,5137095,1327693493.23
20260623095000000,256.23,256.23,253.3,254.92,4807241,1222990867.94
20260623095500000,254.89,257.8,253.96,257.5,2819129,722537859.15
20260623100000000,257.53,258.41,256.16,258.0,1833668,472090279.18
20260623100500000,257.83,260.72,257.18,260.61,1731436,448738322.87
20260623101000000,260.31,260.31,257.01,258.64,1336803,345697276.5
20260623101500000,258.59,259.55,257.61,258.4,1214366,314169160.27
20260623102000000,258.37,258.78,257.0,257.78,1271200,327803157.0
20260623102500000,257.78,260.18,257.77,260.18,1522992,394536468.82
20260623103000000,260.16,262.22,260.16,261.8,1534657,401197473.96
20260623103500000,261.66,262.88,261.5,261.5,1148931,301160719.52
20260623104000000,261.49,262.39,261.36,262.1,960256,251415441.44
20260623104500000,262.22,262.24,260.0,261.62,1013077,264709412.57
20260623105000000,261.75,262.5,261.48,261.48,643500,168641615.27
20260623105500000,261.46,263.59,261.4,263.48,1002994,263064216.1
20260623110000000,263.48,264.9,261.42,261.5,1004900,264828078.41
20260623110500000,261.47,261.73,259.36,261.28,940031,244653633.5
20260623111000000,261.01,261.28,259.6,259.65,708779,184668264.53
20260623111500000,259.66,259.75,258.19,258.19,839900,217586419.26
20260623112000000,258.2,259.68,258.0,258.01,793969,205173675.11
20260623112500000,258.01,258.34,257.01,257.02,768400,197933338.21
20260623113000000,257.02,258.53,257.01,258.5,664930,171423772.01
20260623130500000,258.0,258.0,256.0,256.16,1390006,356928896.57
20260623131000000,256.16,257.87,256.16,256.6,825200,212054901.41
20260623131500000,256.86,257.56,256.5,257.53,573010,147221593.76
20260623132000000,257.51,257.7,256.49,256.49,468600,120512063.0
20260623132500000,256.4,258.1,256.4,257.71,881031,226662606.2
20260623133000000,257.5,257.5,256.88,256.89,478900,123094723.82
20260623133500000,256.86,257.73,256.46,257.6,708200,181929953.0
20260623134000000,257.58,257.8,256.9,257.8,476403,122505945.85
20260623134500000,257.8,258.68,257.7,258.68,713776,184279429.08
20260623135000000,258.7,259.3,257.96,258.69,691718,178853142.04
20260623135500000,258.68,259.42,257.8,257.82,616999,159598307.31
20260623140000000,257.88,258.53,257.69,258.1,500969,129247047.77
20260623140500000,258.07,258.25,257.0,257.04,514494,132526084.12
20260623141000000,257.05,257.05,255.95,256.06,1188434,304571226.21
20260623141500000,256.06,256.68,255.98,256.68,975600,249985378.0
20260623142000000,256.68,256.68,255.18,255.18,780499,199609828.05
20260623142500000,255.27,256.3,254.96,254.96,1196000,305356545.99
20260623143000000,254.9,254.94,253.77,254.0,1352075,343587313.17
20260623143500000,254.0,255.46,253.9,254.89,1205190,306988207.31
20260623144000000,254.88,255.48,254.3,254.41,983600,250630734.0
20260623144500000,254.55,254.66,253.73,254.28,1405815,357185727.77
20260623145000000,254.29,254.7,253.85,254.14,1517755,385730331.66
20260623145500000,254.14,256.36,254.14,256.26,1784431,456256980.19
20260623150000000,256.22,256.22,255.01,255.02,1469698,375089620.02
20260624093500000,252.14,258.28,252.1,258.26,4926403,1256056515.26
20260624094000000,258.38,258.66,255.12,256.81,3085115,792109400.29
20260624094500000,256.81,257.6,252.2,254.26,2461377,626911793.78
20260624095000000,254.56,257.15,254.56,256.2,1614894,413540393.31
20260624095500000,256.2,257.57,255.56,256.3,1755162,450338703.56
20260624100000000,256.3,258.93,256.3,258.01,2226371,574439544.99
20260624100500000,258.3,260.93,258.13,258.33,2334998,606106915.47
20260624101000000,258.33,259.87,258.18,258.55,1064874,275745332.6
20260624101500000,258.68,259.08,256.77,259.07,1206793,311427709.49
20260624102000000,259.14,259.17,257.2,258.93,1007085,259993283.12
20260624102500000,258.97,259.1,257.68,258.79,862729,223051316.11
20260624103000000,258.8,260.1,258.73,259.37,1231000,319673363.0
20260624103500000,259.27,259.27,257.99,258.11,865300,223810852.8
20260624104000000,258.09,258.44,256.33,257.1,1101200,283324491.0
20260624104500000,257.1,258.19,255.56,255.56,1087915,279300513.64
20260624105000000,255.5,255.5,253.25,253.25,1624897,413925123.24
20260624105500000,253.25,254.94,252.05,252.4,1944122,492339779.94
20260624110000000,252.46,253.47,252.17,253.18,1287761,325251526.68
20260624110500000,253.19,254.4,252.51,252.54,844197,214095879.14
20260624111000000,252.54,254.0,252.33,253.8,612850,155135730.5
20260624111500000,253.79,254.17,253.03,253.15,562000,142547063.0
20260624112000000,253.13,253.86,252.7,253.45,710126,179750114.96
20260624112500000,253.68,256.03,253.45,255.63,902103,230390725.97
20260624113000000,255.69,256.5,255.69,256.33,580700,148728743.0
20260624130500000,256.42,257.47,254.65,254.65,1531100,392433050.65
20260624131000000,254.71,256.09,254.71,255.1,1598800,407835947.65
20260624131500000,255.15,255.86,254.62,254.7,927373,236580681.13
20260624132000000,254.7,257.18,254.7,257.18,820265,210114931.72
20260624132500000,257.2,258.4,256.61,258.4,1144098,294707312.52
20260624133000000,258.44,260.0,258.2,259.58,1623457,420873174.31
20260624133500000,259.56,259.73,257.2,257.98,1004930,259581191.3
20260624134000000,257.98,257.98,256.88,256.88,967100,248962355.8
20260624134500000,256.78,257.1,256.4,256.96,775400,199034489.4
20260624135000000,256.96,258.58,256.93,257.31,589500,151880049.0
20260624135500000,257.31,257.45,256.9,257.43,815251,209566177.66
20260624140000000,257.4,257.4,256.45,256.45,576549,148137157.0
20260624140500000,256.44,256.95,256.01,256.79,642360,164772973.68
20260624141000000,256.78,257.81,256.66,257.0,587600,151093898.0
20260624141500000,257.0,257.49,256.87,257.03,471235,121133278.66
20260624142000000,257.01,258.15,257.0,257.84,694431,179044530.67
20260624142500000,257.83,257.83,257.01,257.07,488384,125621274.8
20260624143000000,257.05,257.79,257.05,257.42,486880,125324466.36
20260624143500000,257.5,257.78,256.98,256.98,881620,226856453.88
20260624144000000,256.87,256.88,256.02,256.42,895200,229504015.19
20260624144500000,256.45,256.45,256.0,256.15,1015092,259969188.55
20260624145000000,256.15,256.72,256.1,256.48,828315,212294499.95
20260624145500000,256.43,256.43,256.11,256.21,1356549,347613703.84
20260624150000000,256.22,257.13,256.21,257.13,1363080,350033673.35
20260625093500000,263.0,265.0,258.66,264.34,7778304,2036516139.04
20260625094000000,264.95,268.8,264.35,267.6,6213134,1658132251.59
20260625094500000,267.3,272.91,267.3,269.73,5757852,1557954314.5
20260625095000000,269.73,272.42,269.73,269.91,2798677,758041781.42
20260625095500000,269.9,270.0,267.89,267.9,2203363,592549751.55
20260625100000000,268.6,272.73,268.01,272.73,3056625,827539356.13
20260625100500000,272.73,273.55,271.89,272.0,2693609,735057507.45
20260625101000000,271.99,273.33,269.51,271.1,2006019,544183169.22
20260625101500000,271.12,271.26,269.89,271.25,1419192,384241881.95
20260625102000000,271.22,273.0,270.5,272.94,1555183,423077278.74
20260625102500000,272.93,273.08,268.88,268.88,1742300,471291464.48
20260625103000000,268.78,270.5,266.95,270.5,2100363,563439026.46
20260625103500000,270.16,270.76,268.7,268.7,934226,252315156.65
20260625104000000,268.7,269.49,266.04,266.66,1580398,422677166.14
20260625104500000,266.92,266.99,265.0,266.08,1810299,480995496.71
20260625105000000,266.01,266.8,264.87,265.67,1268769,337266697.24
20260625105500000,265.66,265.68,263.33,265.68,1307227,345493302.33
20260625110000000,265.68,267.3,264.41,267.24,1142123,303104408.07
20260625110500000,267.5,268.05,266.0,267.0,631208,168670108.51
20260625111000000,266.93,267.24,266.6,266.6,540000,144164373.9
20260625111500000,266.6,267.93,266.22,267.38,558256,149113838.16
20260625112000000,267.37,269.08,267.11,268.71,762700,204738571.0
20260625112500000,268.87,271.7,268.64,271.7,1654355,448171704.26
20260625113000000,271.96,272.45,270.73,271.02,1147034,311256648.65
20260625130500000,271.5,273.48,271.08,271.33,2386095,650573399.79
20260625131000000,271.07,271.08,269.33,270.49,826000,223386008.2
20260625131500000,270.5,270.51,268.5,268.61,907900,244608671.0
20260625132000000,268.8,270.1,268.57,270.0,669600,180445473.0
20260625132500000,269.99,270.22,269.46,269.46,533700,144042398.0
20260625133000000,269.47,271.9,269.47,271.9,661987,179186057.79
20260625133500000,271.92,274.56,271.87,274.44,3775193,1032156071.44
20260625134000000,274.38,275.97,273.87,274.12,2461192,676505141.32
20260625134500000,274.37,275.0,273.52,274.03,1007337,276397879.32
20260625135000000,273.99,274.5,273.09,274.47,670414,183517116.32
20260625135500000,274.43,275.56,273.9,273.9,1023307,281185108.35
20260625140000000,273.57,273.71,271.8,271.93,935484,254973150.88
20260625140500000,271.96,273.1,271.93,272.54,551600,150417737.55
20260625141000000,272.55,274.41,272.55,273.99,500885,137040510.31
20260625141500000,273.99,275.0,273.99,274.9,720725,197965924.5
20260625142000000,274.9,275.45,274.51,274.69,946679,260413809.67
20260625142500000,274.8,274.96,274.17,274.17,447200,122862036.18
20260625143000000,274.17,275.0,274.0,274.99,536260,147211075.9
20260625143500000,274.96,275.02,274.48,274.58,883343,242771816.74
20260625144000000,274.59,274.88,274.51,274.6,644334,176960625.0
20260625144500000,274.6,274.98,274.54,274.97,772400,212181286.0
20260625145000000,274.99,275.5,274.92,275.5,1413828,388966450.61
20260625145500000,275.5,275.95,275.21,275.36,1833851,505140740.29
20260625150000000,275.36,275.8,275.36,275.8,1408246,388246190.8
20260626093500000,268.0,268.0,263.68,266.9,7535826,2005968514.9
20260626094000000,266.66,271.88,266.11,271.37,3579735,964034856.42
20260626094500000,270.26,271.81,268.71,270.65,2552739,689097023.48
20260626095000000,270.79,271.0,263.33,263.33,3258717,867816838.1
20260626095500000,263.3,264.77,261.58,263.14,4586860,1207315593.62
20260626100000000,263.34,266.5,262.75,266.49,2227200,588258222.26
20260626100500000,266.49,267.28,265.0,265.55,2010116,534966801.77
20260626101000000,265.85,266.0,263.5,264.27,1563118,414107790.25
20260626101500000,264.51,265.29,263.36,263.54,1172989,309831990.6
20260626102000000,263.51,264.61,262.26,262.26,1795500,472821369.0
20260626102500000,262.26,263.76,262.25,263.73,1150139,302088970.39
20260626103000000,263.76,263.76,261.73,261.8,1775344,465454456.98
20260626103500000,261.8,261.8,260.58,261.65,1899475,495895382.92
20260626104000000,261.8,262.34,261.0,262.13,1036684,271214140.33
20260626104500000,262.13,262.48,261.06,262.48,639355,167294790.44
20260626105000000,262.49,262.49,260.77,260.77,1048195,274221341.07
20260626105500000,260.81,260.81,258.1,258.12,2522811,654340934.56
20260626110000000,258.15,259.63,256.25,259.46,2681306,690196580.31
20260626110500000,259.48,260.63,258.71,259.2,1458127,379050536.09
20260626111000000,259.19,259.86,258.0,259.19,1098400,284611980.5
20260626111500000,259.15,259.5,257.8,258.53,861393,222717887.59
20260626112000000,258.53,260.06,258.53,260.0,866800,224851382.7
20260626112500000,260.01,260.19,257.46,257.46,913000,236506548.66
20260626113000000,257.4,259.99,257.04,259.53,802800,207581905.23
20260626130500000,259.32,261.45,257.9,261.45,959810,248781627.38
20260626131000000,261.3,261.3,259.0,260.41,972700,253283536.0
20260626131500000,260.41,263.0,260.2,262.96,1072000,280604247.8
20260626132000000,263.0,263.84,262.09,263.28,858755,225780530.58
20260626132500000,263.34,265.18,263.34,264.15,1062600,281080595.0
20260626133000000,264.1,264.99,262.52,262.52,924135,244033204.49
20260626133500000,262.63,265.0,262.58,264.9,546600,144279240.08
20260626134000000,264.98,265.53,264.18,264.19,839472,222545849.28
20260626134500000,264.18,265.1,263.35,265.1,556900,147146189.0
20260626135000000,265.08,265.08,264.25,264.7,648660,171675825.13
20260626135500000,264.7,265.8,264.37,265.8,821100,217403307.0
20260626140000000,265.84,265.98,264.55,264.55,707964,187982168.8
20260626140500000,264.52,264.55,263.5,263.7,745424,196824536.02
20260626141000000,263.7,263.7,261.22,262.0,792000,207771690.0
20260626141500000,262.0,262.28,260.81,260.81,581700,152176410.8
20260626142000000,260.81,261.4,260.77,260.96,637804,166489325.24
20260626142500000,260.96,261.88,260.94,261.24,580876,151787932.72
20260626143000000,261.21,261.99,260.66,260.75,799703,208819356.32
20260626143500000,260.75,260.75,259.0,259.03,1167000,303210465.02
20260626144000000,259.03,261.08,258.99,261.08,757466,196717130.18
20260626144500000,261.1,261.22,260.1,260.7,804857,209815071.36
20260626145000000,260.81,261.13,260.51,260.67,786414,205062190.45
20260626145500000,260.77,260.98,260.57,260.57,1261391,329035355.82
20260626150000000,260.55,260.55,260.0,260.32,1155534,300753831.69
20260629093500000,255.0,256.21,251.63,254.59,6809117,1728019026.63
20260629094000000,255.0,259.12,254.68,254.69,2846781,731603771.17
20260629094500000,255.0,258.36,253.52,257.8,3413481,873972932.82
20260629095000000,257.8,259.55,257.09,258.72,2118176,548133850.32
20260629095500000,258.47,258.72,253.85,253.86,1902169,486582018.13
20260629100000000,253.91,253.91,248.9,249.05,5052519,1267435806.59
20260629100500000,249.08,251.5,246.52,246.52,3468692,863424894.01
20260629101000000,246.49,248.33,243.67,243.81,4546610,1117816484.97
20260629101500000,243.81,245.06,242.0,245.06,3740858,911653156.73
20260629102000000,244.63,245.57,241.67,241.67,3498968,853086579.34
20260629102500000,241.55,243.02,240.73,242.06,2458310,594284128.52
20260629103000000,242.09,245.2,242.0,243.68,1999391,488243508.55
20260629103500000,243.68,243.74,237.51,237.51,2989500,717491313.12
20260629104000000,237.51,239.0,235.67,239.0,3611245,855149367.04
20260629104500000,238.94,240.99,238.79,240.96,1864570,446425654.48
20260629105000000,241.0,242.2,240.82,242.2,1304758,314948949.9
20260629105500000,242.24,243.5,241.45,241.6,1030400,249885226.0
20260629110000000,241.71,244.48,241.6,244.01,1005782,245028502.99
20260629110500000,244.09,245.65,243.56,244.42,1227824,300596362.13
20260629111000000,244.47,245.62,244.42,245.21,715174,175305983.93
20260629111500000,245.2,245.2,243.24,244.55,579225,141299935.28
20260629112000000,244.58,246.02,244.58,245.01,571690,140278441.75
20260629112500000,245.09,245.17,241.88,242.4,584400,142282800.0
20260629113000000,242.0,242.45,240.83,241.2,617398,149171197.02
20260629130500000,241.64,245.08,240.31,243.88,985208,239474377.66
20260629131000000,243.81,244.3,243.11,243.11,475100,115801912.0
20260629131500000,243.11,243.18,241.07,243.01,562579,136201178.56
20260629132000000,242.76,243.17,242.19,243.07,327091,79426536.18
20260629132500000,243.01,244.0,243.01,243.7,443023,107957279.14
20260629133000000,243.7,245.02,243.37,245.01,700033,170959155.36
20260629133500000,245.04,245.47,244.56,245.44,657375,161066081.53
20260629134000000,245.44,246.54,244.8,245.98,785200,192957332.0
20260629134500000,245.99,246.4,245.17,245.84,620206,152365531.86
20260629135000000,245.59,245.85,244.64,245.85,627500,153870787.0
20260629135500000,246.17,249.98,246.17,249.94,1280143,318101061.95
20260629140000000,249.95,251.92,249.95,250.1,1455589,364896712.28
20260629140500000,250.5,251.97,249.02,249.02,882600,221039589.25
20260629141000000,249.0,249.0,247.9,248.58,740606,183840928.37
20260629141500000,248.64,248.8,248.0,248.04,446000,110823649.26
20260629142000000,248.1,249.48,248.1,248.58,415100,103307069.67
20260629142500000,248.54,248.6,247.9,247.99,408300,101356450.69
20260629143000000,247.96,247.96,246.73,247.35,520416,128672936.94
20260629143500000,247.37,249.36,247.37,248.33,520336,129352355.64
20260629144000000,248.46,249.93,248.3,249.93,678900,169078323.0
20260629144500000,249.92,249.94,248.9,249.2,907400,226210070.0
20260629145000000,249.22,250.48,249.22,250.48,826028,206432255.34
20260629145500000,250.45,250.5,250.07,250.22,1345015,336688449.05
20260629150000000,250.2,250.2,249.59,249.59,1049338,262108313.32
20260630093500000,247.54,251.66,247.54,249.42,4030677,1005717102.23
20260630094000000,249.15,253.5,249.04,252.54,3274577,824917091.54
20260630094500000,252.87,252.87,249.59,252.03,1867048,468598516.81
20260630095000000,252.01,254.9,251.75,254.6,2775333,704586447.15
20260630095500000,254.8,256.71,254.58,254.58,2441951,624744888.99
20260630100000000,254.84,256.0,253.95,254.92,1620202,412842054.43
20260630100500000,254.87,254.95,251.95,253.5,1554898,393437257.26
20260630101000000,253.53,255.2,253.53,254.19,1073195,273246905.82
20260630101500000,254.03,254.73,252.42,253.2,1248800,316285390.08
20260630102000000,253.21,253.33,250.88,251.8,1313251,330447985.42
20260630102500000,251.7,256.68,251.67,256.35,2150006,548298746.94
20260630103000000,256.34,257.88,255.0,257.75,2100612,538848853.4
20260630103500000,257.82,258.66,257.07,258.59,1819597,469369979.95
20260630104000000,258.6,259.03,257.33,257.33,1446665,373540490.85
20260630104500000,257.39,259.3,257.39,259.3,977484,252869232.75
20260630105000000,259.36,259.6,258.6,259.19,828589,214773030.94
20260630105500000,259.42,261.95,259.24,260.7,1867019,486462726.79
20260630110000000,260.79,261.39,259.0,259.0,921409,239971417.98
20260630110500000,259.56,261.03,259.56,260.3,754618,196722460.6
20260630111000000,260.21,261.6,260.1,261.19,638400,166647650.0
20260630111500000,261.19,262.7,261.19,262.7,1180234,309103655.08
20260630112000000,262.78,264.46,262.53,264.2,1546406,407423202.1
20260630112500000,264.28,265.12,263.92,265.12,1372872,363113260.82
20260630113000000,265.16,265.6,264.9,265.51,1074652,285077633.06
20260630130500000,265.6,266.61,264.37,264.37,2499020,664025679.69
20260630131000000,264.36,268.3,263.98,265.18,2389453,636416304.67
20260630131500000,265.17,265.17,263.3,263.9,1181069,311921936.56
20260630132000000,264.0,265.36,264.0,264.86,729797,193306442.69
20260630132500000,264.79,265.18,264.0,264.7,786760,208244333.6
20260630133000000,264.71,264.94,263.68,263.7,745655,197029538.36
20260630133500000,263.7,264.8,263.43,263.43,625700,165271435.74
20260630134000000,263.35,264.1,262.0,262.59,1117477,293952378.74
20260630134500000,262.76,263.6,261.27,261.5,953581,249962041.14
20260630135000000,261.46,263.51,261.46,262.99,819726,215498262.87
20260630135500000,263.0,264.45,262.88,264.45,631298,166628546.2
20260630140000000,264.48,264.73,263.95,264.06,555284,146741860.68
20260630140500000,264.06,265.52,264.06,264.39,910121,241134167.17
20260630141000000,264.39,264.5,264.14,264.38,532059,140635156.05
20260630141500000,264.4,264.4,263.31,263.73,574400,151502618.13
20260630142000000,263.72,264.0,263.48,263.71,379854,100165479.5
20260630142500000,263.8,263.96,262.83,262.93,526217,138580191.32
20260630143000000,262.9,263.0,262.5,262.6,554320,145607660.98
20260630143500000,262.65,263.27,262.17,263.27,853013,224104452.31
20260630144000000,263.3,263.49,262.21,262.25,777255,204327578.8
20260630144500000,262.21,262.6,262.03,262.21,1040283,272895373.24
20260630145000000,262.21,262.38,262.09,262.09,964100,252832890.7
20260630145500000,262.09,262.94,262.09,262.33,1256124,329969056.88
20260630150000000,262.39,262.41,262.2,262.35,1298597,340664267.99
20260701093500000,262.35,263.88,259.88,262.98,3591939,940474614.62
20260701094000000,262.98,263.38,257.0,257.0,3494293,909314874.74
20260701094500000,257.18,261.85,256.19,260.64,2872619,744846510.71
20260701095000000,260.6,262.58,260.6,262.11,1623995,425428196.0
20260701095500000,262.02,262.96,258.7,259.7,1708080,445848383.96
20260701100000000,259.71,259.71,254.51,254.51,4242999,1087060950.25
20260701100500000,254.54,257.4,254.51,255.6,3285943,839766095.59
20260701101000000,255.65,256.24,254.4,256.24,2378900,607081335.53
20260701101500000,256.26,257.18,253.07,253.7,2238846,570818950.05
20260701102000000,253.53,256.76,253.05,256.76,1341836,341042632.52
20260701102500000,256.8,257.25,255.17,255.17,1234574,315999913.86
20260701103000000,255.18,255.18,251.91,253.27,2130426,538755024.97
20260701103500000,253.25,253.25,251.81,251.9,1335997,337086182.02
20260701104000000,251.9,252.02,250.0,250.96,2206649,553605814.63
20260701104500000,250.96,252.21,250.01,252.02,979776,245604794.48
20260701105000000,252.01,254.6,250.66,254.6,986800,248684516.0
20260701105500000,254.6,255.02,252.01,252.28,1006086,255541779.81
20260701110000000,252.25,253.6,251.35,251.36,592600,149762257.14
20260701110500000,251.36,253.0,251.36,252.62,480535,121312664.53
20260701111000000,252.61,252.8,251.95,251.95,550500,138940409.0
20260701111500000,251.9,251.9,251.08,251.21,532150,133739187.5
20260701112000000,251.21,251.5,250.54,250.54,648136,162706113.86
20260701112500000,250.5,250.62,250.01,250.24,871217,218002321.0
20260701113000000,250.24,250.26,250.0,250.1,867614,216976864.54
20260701130500000,250.1,250.25,248.75,248.75,1497033,373745051.4
20260701131000000,248.67,250.2,248.03,248.03,985174,245279247.97
20260701131500000,248.02,248.02,246.98,247.05,1929201,477477559.09
20260701132000000,246.98,249.4,246.96,248.77,853164,211832624.68
20260701132500000,248.77,250.61,248.06,249.65,766700,191390716.0
20260701133000000,249.35,249.4,248.39,248.39,692900,172412232.94
20260701133500000,248.4,249.12,247.53,247.53,845400,209912345.86
20260701134000000,247.57,247.57,246.41,246.41,1137240,280750578.72
20260701134500000,246.41,246.41,246.0,246.01,873882,215045582.64
20260701135000000,246.01,246.49,245.39,245.39,921018,226645417.9
20260701135500000,245.33,245.33,243.51,243.51,1494499,365090329.0
20260701140000000,243.56,245.55,243.56,245.55,997801,244143587.38
20260701140500000,245.5,247.1,245.27,245.69,1025277,252388248.55
20260701141000000,245.68,247.67,245.68,246.63,624600,154084662.34
20260701141500000,246.38,247.05,245.8,245.99,706400,174023747.0
20260701142000000,245.97,246.31,244.92,244.92,752800,184718556.08
20260701142500000,244.9,245.04,244.0,244.06,818774,200213729.42
20260701143000000,244.06,244.26,244.0,244.24,806901,196958896.34
20260701143500000,244.22,244.59,243.89,243.89,1027800,251061877.82
20260701144000000,243.9,243.9,242.8,242.81,1406200,342048350.28
20260701144500000,242.8,244.14,242.8,244.13,979266,238415971.62
20260701145000000,244.18,244.99,244.18,244.86,972603,237929972.3
20260701145500000,244.86,245.79,244.62,245.79,1137850,278874194.82
20260701150000000,245.8,246.36,245.8,246.31,867366,213577553.71
20260702093500000,226.0,229.89,221.96,222.7,16594186,3721571594.76
20260702094000000,223.34,227.01,222.99,226.87,7160829,1606396092.46
20260702094500000,226.99,227.01,222.01,222.02,5316900,1191002840.32
20260702095000000,222.02,224.3,221.68,222.49,6738810,1498113654.26
20260702095500000,222.6,225.61,222.6,225.13,3220500,723968173.0
20260702100000000,225.09,226.5,222.91,222.91,2978800,669464062.3
20260702100500000,222.83,226.79,222.75,226.79,3188661,715228804.91
20260702101000000,226.81,226.81,223.0,223.95,2895099,649639219.29
20260702101500000,223.92,223.92,222.63,223.0,2948312,657676293.78
20260702102000000,222.83,223.1,221.7,221.72,3090148,686532452.84
20260702102500000,221.71,222.55,221.69,222.55,2246654,498671187.25
20260702103000000,222.54,223.21,222.24,222.53,1446936,322126178.32
20260702103500000,222.57,223.5,222.01,223.5,1583951,352762490.88
20260702104000000,223.51,225.62,223.39,225.3,1813449,406993180.99
20260702104500000,225.35,225.93,224.89,224.89,1772500,399491456.0
20260702105000000,224.77,224.77,223.4,223.44,1302716,291872227.92
20260702105500000,223.36,223.4,222.11,222.25,1361700,303278211.31
20260702110000000,222.25,222.28,222.0,222.01,1377600,305993581.0
20260702110500000,222.0,222.02,221.68,221.71,3057909,678057572.78
20260702111000000,221.71,221.75,221.68,221.69,1569356,347924518.4
20260702111500000,221.7,222.61,221.7,221.86,995699,221205925.23
20260702112000000,221.97,223.01,221.94,221.94,981932,218635391.32
20260702112500000,221.97,221.98,221.68,221.71,1174800,260499312.06
20260702113000000,221.7,221.73,221.68,221.68,1295205,287129984.45
20260702130500000,221.68,221.84,221.68,221.69,2280800,505622591.0
20260702131000000,221.7,221.93,221.68,221.68,1182800,262266983.9
20260702131500000,221.68,221.69,221.68,221.68,958800,212547399.0
20260702132000000,221.68,221.68,221.68,221.68,334200,74085456.0
20260702132500000,221.68,221.68,221.68,221.68,255600,56661408.0
20260702133000000,221.68,221.68,221.68,221.68,346700,76856456.0
20260702133500000,221.68,221.68,221.68,221.68,314200,69651856.0
20260702134000000,221.68,221.68,221.68,221.68,103800,23010384.0
20260702134500000,221.68,221.68,221.68,221.68,119900,26579432.0
20260702135000000,221.68,221.68,221.68,221.68,151900,33673192.0
20260702135500000,221.68,221.68,221.68,221.68,102300,22677864.0
20260702140000000,221.68,221.68,221.68,221.68,108700,24096616.0
20260702140500000,221.68,221.68,221.68,221.68,114900,25471032.0
20260702141000000,221.68,221.68,221.68,221.68,146600,32498288.0
20260702141500000,221.68,221.68,221.68,221.68,409700,90822296.0
20260702142000000,221.68,221.68,221.68,221.68,139500,30924360.0
20260702142500000,221.68,221.68,221.68,221.68,99500,22057160.0
20260702143000000,221.68,221.68,221.68,221.68,109000,24163120.0
20260702143500000,221.68,221.68,221.68,221.68,149500,33141160.0
20260702144000000,221.68,221.68,221.68,221.68,125100,27732168.0
20260702144500000,221.68,221.68,221.68,221.68,129700,28751896.0
20260702145000000,221.68,221.68,221.68,221.68,153500,34027880.0
20260702145500000,221.68,221.68,221.68,221.68,212900,47195672.0
20260702150000000,221.68,221.68,221.68,221.68,229300,50831224.0
20260703093500000,211.0,212.0,205.0,207.3,15429739,3225261226.13
20260703094000000,207.51,213.67,207.51,213.44,5950432,1252212720.51
20260703094500000,213.35,214.33,211.7,212.28,4833674,1030355502.55
20260703095000000,212.14,212.49,209.88,209.88,3423706,723862353.28
20260703095500000,209.85,211.38,208.17,210.32,3781249,792571167.21
20260703100000000,210.32,212.71,209.93,212.02,2411723,510343208.8
20260703100500000,212.03,213.8,212.03,212.23,3010313,641011500.97
20260703101000000,211.88,214.91,211.79,214.91,2227908,475708802.96
20260703101500000,214.91,214.94,211.85,211.85,1920000,409831327.8
20260703102000000,211.8,213.98,211.66,212.0,1163813,247519392.36
20260703102500000,211.95,213.99,211.0,213.34,1209893,256817055.92
20260703103000000,213.31,218.35,213.26,218.1,2842776,614678162.06
20260703103500000,218.0,218.14,215.99,218.14,1484799,322364127.23
20260703104000000,218.2,219.24,217.36,218.99,1490896,325414358.48
20260703104500000,218.96,220.48,218.15,220.48,1869858,409983005.08
20260703105000000,220.57,221.17,219.5,221.0,2394103,527934684.78
20260703105500000,221.0,222.73,219.91,221.2,2560700,567534249.02
20260703110000000,221.71,221.73,220.85,221.2,1452033,321315707.15
20260703110500000,221.6,223.15,221.17,222.55,2301662,512095565.81
20260703111000000,222.89,227.0,222.2,227.0,2742432,615122843.01
20260703111500000,227.0,228.71,225.29,228.7,3942697,895251225.91
20260703112000000,228.73,229.53,226.7,226.8,3041033,695488917.45
20260703112500000,226.67,227.56,225.5,226.77,1724073,391050440.62
20260703113000000,226.77,232.95,226.75,232.28,3841861,885677036.57
20260703130500000,232.46,242.07,232.46,240.0,8871822,2121825247.41
20260703131000000,239.0,240.39,235.0,235.3,3336508,791786671.62
20260703131500000,235.73,238.38,235.73,237.22,2566274,609938956.33
20260703132000000,237.2,238.56,236.57,237.02,1799036,427413565.68
20260703132500000,236.86,237.08,234.45,236.86,2649044,624124199.96
20260703133000000,236.74,236.86,234.57,235.96,1732500,408321870.25
20260703133500000,235.98,238.16,235.95,238.16,1373297,325346759.72
20260703134000000,238.26,238.45,237.68,238.35,1648341,392450826.14
20260703134500000,238.3,239.99,238.0,239.65,2130901,509237724.09
20260703135000000,239.72,239.82,237.18,237.62,1455799,347702241.43
20260703135500000,237.66,239.67,237.66,239.67,1385834,330742408.4
20260703140000000,239.68,241.5,239.68,240.39,2738780,658676581.29
20260703140500000,240.42,241.37,239.07,239.1,1155355,277760058.02
20260703141000000,239.07,239.41,237.8,237.8,930600,222202031.0
20260703141500000,237.72,238.0,236.5,236.5,838300,198988757.0
20260703142000000,236.4,236.51,235.0,235.73,1786148,420905227.68
20260703142500000,235.98,236.0,234.81,234.88,947484,223023101.38
20260703143000000,234.82,234.82,233.2,234.31,1473759,344771013.39
20260703143500000,234.32,235.5,232.19,232.19,1133420,265106827.23
20260703144000000,232.14,233.49,231.8,232.68,1495041,347438277.56
20260703144500000,232.7,233.0,232.52,232.52,843650,196336312.38
20260703145000000,232.51,233.02,232.13,232.88,1187881,276343272.7
20260703145500000,232.9,232.9,230.18,231.5,1926308,445649939.52
20260703150000000,231.64,232.88,231.64,232.73,1743792,405661937.16
20260706093500000,238.0,239.45,232.99,232.99,10804066,2560588557.02
20260706094000000,233.0,234.0,230.18,232.89,4923095,1142639663.13
20260706094500000,233.27,235.8,231.31,235.8,3232678,754623393.76
20260706095000000,235.84,237.75,235.21,236.1,3257378,771275349.51
20260706095500000,236.38,236.98,234.72,236.35,2143397,505645959.49
20260706100000000,236.21,236.21,231.07,231.47,2108579,491794169.66
20260706100500000,231.4,231.97,227.17,227.42,3282001,752915627.5
20260706101000000,227.2,230.99,226.5,230.99,2420031,553068140.52
20260706101500000,230.83,230.99,226.46,226.88,1850777,421354061.83
20260706102000000,226.93,227.3,223.5,223.64,2551000,574852667.0
20260706102500000,223.98,224.92,221.7,221.7,3021400,673612694.8
20260706103000000,221.65,223.66,220.01,220.2,3147638,696786595.65
20260706103500000,220.18,222.0,220.0,220.0,2045064,451812153.58
20260706104000000,219.99,223.27,219.77,223.2,1877321,415131157.32
20260706104500000,222.85,222.85,218.85,219.09,1872005,412246553.16
20260706105000000,219.16,219.99,216.1,216.52,2330200,508133459.74
20260706105500000,216.52,220.06,216.48,218.3,1636369,357360991.59
20260706110000000,218.25,220.57,217.03,220.48,1081143,236730353.6
20260706110500000,220.58,222.55,220.3,222.46,1234600,273514936.0
20260706111000000,222.4,225.0,222.1,225.0,1335300,298181545.14
20260706111500000,225.08,226.87,225.0,226.1,1521170,343868928.22
20260706112000000,226.1,226.32,224.23,226.32,912866,205754422.68
20260706112500000,226.4,226.97,225.19,226.69,880400,199208690.01
20260706113000000,226.6,227.21,225.53,227.12,727400,164634294.0
20260706130500000,227.5,228.0,225.72,227.0,1265600,287370621.0
20260706131000000,227.29,228.19,224.76,224.76,823500,186782017.28
20260706131500000,224.67,226.16,223.83,224.0,661191,148506810.32
20260706132000000,223.91,226.1,223.82,224.71,644643,145100903.12
20260706132500000,224.71,226.39,224.7,224.9,541192,121934422.32
20260706133000000,225.07,227.4,225.07,226.51,616100,139678896.0
20260706133500000,226.43,226.43,224.56,224.77,402700,90684202.0
20260706134000000,224.77,227.0,224.77,226.64,382907,86539917.62
20260706134500000,226.78,229.17,226.78,228.49,913140,208434832.4
20260706135000000,228.6,228.7,227.3,227.77,493000,112394627.92
20260706135500000,227.77,229.0,227.5,228.3,484431,110565986.31
20260706140000000,228.25,228.36,227.64,227.64,403100,91957963.0
20260706140500000,227.64,227.64,226.09,226.15,480700,109059983.0
20260706141000000,226.2,226.83,225.03,225.08,566246,127963316.8
20260706141500000,225.08,225.44,224.83,225.13,694007,156249965.48
20260706142000000,224.97,225.42,224.69,225.21,541700,121894664.0
20260706142500000,225.22,225.25,224.05,224.46,565600,127139869.5
20260706143000000,224.5,225.01,223.93,225.0,692498,155388375.46
20260706143500000,225.0,226.03,224.85,225.13,803200,181058492.8
20260706144000000,225.12,226.02,224.12,224.21,631343,142071436.16
20260706144500000,224.14,224.24,223.53,223.66,746459,167118249.34
20260706145000000,223.8,225.06,223.8,224.48,864705,194131162.05
20260706145500000,224.5,224.88,224.0,224.0,1016135,228191813.9
20260706150000000,224.05,224.46,223.8,224.46,1102050,247074933.16
20260707093500000,224.48,226.18,219.47,222.94,4989757,1115688410.83
20260707094000000,222.56,227.92,221.12,227.82,2789886,627203255.23
20260707094500000,227.9,230.72,226.58,230.72,3316577,757428013.76
20260707095000000,230.77,231.0,227.06,227.57,3195340,733318144.4
20260707095500000,227.51,228.8,225.7,228.8,1848433,419736867.32
20260707100000000,228.8,228.8,226.01,226.99,1259054,285851507.2
20260707100500000,226.95,227.59,225.26,225.5,1393304,315034667.36
20260707101000000,225.63,227.3,224.51,224.64,1154800,260410996.9
20260707101500000,224.61,225.7,223.14,224.91,1261148,282947842.64
20260707102000000,224.89,225.11,223.84,224.57,803500,180382709.0
20260707102500000,224.41,225.77,224.25,224.3,822500,185072002.0
20260707103000000,224.28,224.96,222.02,223.7,1331172,297667346.93
20260707103500000,223.5,224.65,223.0,224.65,639667,143152303.66
20260707104000000,224.71,226.6,224.71,226.0,1094400,247095165.0
20260707104500000,226.32,227.1,225.85,226.5,994800,225326855.8
20260707105000000,226.42,226.66,225.33,226.57,667050,150735550.0
20260707105500000,226.5,227.2,225.36,226.8,644105,145929785.75
20260707110000000,226.75,226.77,225.5,225.5,365400,82627455.0
20260707110500000,225.8,226.34,225.23,226.1,456255,103015099.91
20260707111000000,226.41,226.59,225.07,225.95,615200,138804956.4
20260707111500000,226.26,226.37,224.46,225.0,425371,95699397.66
20260707112000000,225.0,225.1,223.83,224.75,448023,100573681.33
20260707112500000,224.77,224.77,223.86,223.99,368179,82590495.66
20260707113000000,223.96,225.0,223.5,224.88,522200,117108233.89
20260707130500000,224.69,224.69,222.12,222.42,1290486,287750835.5
20260707131000000,222.41,222.9,221.59,221.64,1322424,293758710.56
20260707131500000,221.6,222.9,220.44,220.71,1588092,351435803.25
20260707132000000,220.71,224.56,220.24,223.87,1284586,285760434.78
20260707132500000,223.8,228.48,223.61,227.79,3914776,888284369.06
20260707133000000,228.0,234.2,228.0,234.0,7534817,1747306158.87
20260707133500000,233.99,237.32,233.5,235.74,6232460,1468257399.22
20260707134000000,235.74,238.94,234.8,237.22,5690902,1349941628.51
20260707134500000,237.08,239.14,236.0,239.14,3370120,800498089.42
20260707135000000,239.22,241.4,238.25,239.59,5291909,1269565453.06
20260707135500000,239.63,240.43,237.72,239.98,2564837,613055687.4
20260707140000000,239.76,240.3,237.0,237.3,2111632,504638112.6
20260707140500000,237.3,238.19,236.94,237.15,1532747,364377448.81
20260707141000000,237.12,237.12,235.2,235.8,2247305,529869632.7
20260707141500000,235.8,236.4,234.36,236.23,2173200,511531622.0
20260707142000000,236.1,236.66,235.1,235.5,1378900,325155671.49
20260707142500000,235.44,235.58,234.72,234.98,1236200,290575436.59
20260707143000000,234.98,236.0,234.8,236.0,1019600,239766800.4
20260707143500000,236.0,236.05,234.8,235.25,1366483,322206124.57
20260707144000000,235.21,236.99,234.93,236.6,1386000,326995532.04
20260707144500000,236.51,236.6,235.39,235.39,1137219,268298508.58
20260707145000000,235.43,237.0,234.62,236.66,1687100,397391540.72
20260707145500000,236.6,236.89,234.84,236.33,2016459,476327298.82
20260707150000000,236.35,236.87,236.35,236.87,2030103,480590313.13
20260708093500000,233.0,238.39,230.0,230.05,8215587,1919186273.88
20260708094000000,230.55,232.3,229.19,230.71,4292221,989468612.44
20260708094500000,230.81,232.03,230.11,231.41,2265276,523232124.3
20260708095000000,231.42,235.19,231.42,233.41,2948055,688299567.58
20260708095500000,233.43,233.43,229.0,231.11,2991501,688980191.16
20260708100000000,231.1,231.1,227.0,227.65,2727953,621784326.69
20260708100500000,227.4,228.35,226.26,226.26,2537000,576843499.72
20260708101000000,226.2,229.98,226.04,229.69,1693959,387099127.24
20260708101500000,229.46,231.99,227.95,231.48,1424600,327227279.0
20260708102000000,231.49,239.49,231.49,239.28,5360608,1268485239.05
20260708102500000,239.28,240.0,235.9,235.9,4215840,1006746618.95
20260708103000000,235.63,239.16,235.0,239.16,2014318,477744346.99
20260708103500000,239.5,242.22,239.0,241.85,5160521,1243596326.46
20260708104000000,241.99,242.4,240.6,242.4,2989614,723348402.82
20260708104500000,242.29,242.75,240.38,242.7,2109564,510595897.05
20260708105000000,242.75,243.0,239.0,239.0,2007705,484941397.78
20260708105500000,238.91,240.01,237.58,238.85,1478200,353399668.0
20260708110000000,238.8,238.8,236.77,237.7,1117427,265566801.24
20260708110500000,237.76,238.88,237.1,237.5,905163,215469551.81
20260708111000000,237.63,238.29,237.12,238.11,744900,177166796.66
20260708111500000,238.2,240.45,238.17,239.37,1135500,272141119.0
20260708112000000,239.29,239.29,237.66,239.14,851300,203119463.0
20260708112500000,239.2,240.0,238.5,240.0,1026100,245610523.0
20260708113000000,240.0,240.89,239.22,239.22,1189048,285752482.33
20260708130500000,237.5,237.5,235.29,236.76,3275164,774795497.82
20260708131000000,236.45,237.5,235.0,235.45,1485308,350794737.36
20260708131500000,235.5,237.41,235.5,237.01,697801,165013542.23
20260708132000000,237.05,238.0,236.77,236.77,902300,213989193.6
20260708132500000,236.29,238.0,236.23,237.51,568200,134726381.0
20260708133000000,237.58,238.6,236.64,237.02,685426,162946260.68
20260708133500000,237.02,237.05,235.83,236.76,633544,149756572.42
20260708134000000,236.76,237.03,235.12,235.78,700046,165189985.56
20260708134500000,235.76,235.77,235.0,235.07,663382,156090578.74
20260708135000000,235.0,235.34,233.97,234.5,1135002,266169833.42
20260708135500000,234.51,237.38,234.5,237.38,670110,158109564.8
20260708140000000,237.46,240.76,237.46,240.1,1810992,434108528.66
20260708140500000,240.0,242.8,238.27,241.9,2692249,649461755.64
20260708141000000,241.82,244.96,241.6,244.17,4630452,1128291091.52
20260708141500000,244.19,244.19,240.93,242.3,1948700,472427580.63
20260708142000000,242.37,242.7,241.51,242.7,1692151,409696343.27
20260708142500000,242.22,242.22,240.9,240.9,1164595,281156633.96
20260708143000000,240.87,240.87,239.0,239.98,1085400,260181368.58
20260708143500000,240.0,240.0,238.11,239.4,1160200,277291467.5
20260708144000000,239.41,240.0,239.16,239.23,1079300,258486463.12
20260708144500000,239.23,239.23,238.11,238.41,1105994,263816570.9
20260708145000000,238.39,239.35,237.4,237.89,1516430,361536744.2
20260708145500000,237.65,238.64,237.65,238.07,1750916,417237827.83
20260708150000000,238.0,238.0,237.19,237.56,1829850,434579016.99
20260709093500000,242.0,244.58,240.03,242.41,10892081,2642959650.86
20260709094000000,242.38,246.0,241.3,244.02,5713020,1395000071.96
20260709094500000,243.93,244.99,240.1,240.48,4211260,1022796971.48
20260709095000000,240.23,241.22,238.6,239.33,4460452,1070351380.96
20260709095500000,239.31,240.5,237.35,239.8,3226737,770857437.51
20260709100000000,239.53,239.6,237.51,238.51,1725100,411819741.25
20260709100500000,238.6,240.03,237.3,239.9,2126820,507633267.8
20260709101000000,239.91,241.94,238.97,241.28,2005894,482367838.9
20260709101500000,240.93,241.3,238.16,239.5,1652715,396535019.22
20260709102000000,239.38,240.08,238.99,239.59,822900,196975802.0
20260709102500000,239.59,241.34,239.58,240.22,1058200,254430023.21
20260709103000000,240.22,241.2,239.4,240.02,954473,229315157.01
20260709103500000,240.0,240.5,238.3,238.3,955600,228902072.7
20260709104000000,238.22,238.87,237.0,237.81,1758920,418379771.15
20260709104500000,237.78,239.3,237.32,237.82,1091762,259924247.6
20260709105000000,237.74,238.19,237.0,237.1,1152664,273688845.62
20260709105500000,237.1,239.0,237.1,239.0,1119179,266092749.38
20260709110000000,239.01,239.61,237.75,239.13,1051000,250723340.0
20260709110500000,239.14,239.33,237.88,238.99,737432,176027402.4
20260709111000000,238.96,240.22,238.01,240.22,865501,206824484.67
20260709111500000,240.22,240.23,238.01,238.22,666300,159336405.12
20260709112000000,238.22,239.85,238.22,239.37,529599,126687817.83
20260709112500000,239.18,242.0,239.18,241.99,1429501,343964674.86
20260709113000000,242.0,243.53,242.0,243.44,2778797,675247008.29
20260709130500000,243.81,245.0,242.5,244.29,3739400,913061153.01
20260709131000000,244.6,248.68,244.26,248.68,5999026,1478907675.99
20260709131500000,248.8,249.69,248.5,249.58,3767632,938884336.39
20260709132000000,249.6,250.6,248.5,250.11,4586287,1145178437.89
20260709132500000,250.02,250.3,247.39,247.72,2719787,676926175.79
20260709133000000,247.65,250.05,247.31,249.83,2846030,707522555.77
20260709133500000,249.64,250.21,248.38,250.21,1864186,464826886.1
20260709134000000,250.19,253.4,250.18,253.4,3566603,897827930.51
20260709134500000,253.5,255.15,253.4,254.29,2978016,756928806.43
20260709135000000,254.39,255.2,253.88,254.8,1944304,495204494.0
20260709135500000,254.81,255.93,254.7,254.7,1972042,503185523.0
20260709140000000,254.64,257.3,254.19,257.3,2401913,614501714.5
20260709140500000,257.31,258.0,255.8,256.8,2240069,576090872.17
20260709141000000,256.83,257.84,256.79,257.81,1275937,328221353.64
20260709141500000,257.82,258.23,257.0,257.13,1519800,391591366.0
20260709142000000,257.12,257.13,254.88,254.94,1800805,460693347.62
20260709142500000,254.92,256.5,254.92,255.8,1145404,292641770.34
20260709143000000,255.79,257.0,255.77,256.8,884618,226813253.94
20260709143500000,256.8,258.0,256.55,257.65,1234992,317829799.56
20260709144000000,257.68,258.2,257.38,258.2,1294518,333696001.21
20260709144500000,258.18,261.32,258.18,261.32,7160248,1867091686.66
20260709145000000,261.32,261.32,261.32,261.32,935332,244420958.24
20260709145500000,261.32,261.32,261.32,261.32,654782,171107632.24
20260709150000000,261.32,261.32,261.32,261.32,828105,216400398.6
20260710093500000,269.37,274.0,269.0,272.03,18095659,4911566145.41
20260710094000000,272.29,273.33,270.0,272.8,6241268,1696775555.3
20260710094500000,272.62,273.08,267.38,270.37,6160075,1664772451.09
20260710095000000,271.0,271.0,267.1,268.98,5139547,1381248697.21
20260710095500000,269.14,272.93,269.14,272.93,2854871,774346819.61
20260710100000000,272.68,272.92,268.14,268.2,3158837,856348624.13
20260710100500000,268.2,269.5,265.68,265.68,4356116,1164384384.24
20260710101000000,265.8,267.0,264.7,265.7,3868580,1027601338.87
20260710101500000,265.6,266.1,262.6,265.61,3515521,927813805.37
20260710102000000,265.61,268.0,265.5,265.76,2117659,564418856.59
20260710102500000,265.76,266.0,264.05,264.89,1759104,466158261.7
20260710103000000,265.0,268.48,264.8,266.65,1440118,384305668.38
20260710103500000,266.65,266.71,263.33,263.9,1624696,429623577.07
20260710104000000,263.8,263.8,261.33,263.0,2229874,584707198.07
20260710104500000,263.0,263.78,261.88,261.99,1823278,478652270.19
20260710105000000,261.91,262.0,260.38,261.99,2122170,553845738.85
20260710105500000,262.0,263.1,261.88,262.9,1056100,277325917.24
20260710110000000,262.9,264.99,261.83,263.5,1097310,289141205.62
20260710110500000,263.49,263.49,260.6,260.94,1044250,273749592.31
20260710111000000,260.98,261.88,260.01,260.9,1339430,349352557.77
20260710111500000,260.9,263.49,260.6,261.59,1060986,277905189.13
20260710112000000,261.5,262.65,260.97,261.26,864200,226223807.84
20260710112500000,261.05,261.46,259.55,259.55,1330644,346704754.35
20260710113000000,259.39,260.17,258.06,260.17,1766499,457586428.09
20260710130500000,259.9,260.0,256.1,257.5,2977991,768331712.66
20260710131000000,256.8,259.87,255.8,258.79,1334318,343585474.14
20260710131500000,258.73,261.0,258.73,260.59,1354800,351882793.02
20260710132000000,260.54,260.89,259.0,260.21,660306,171817559.61
20260710132500000,260.2,261.01,259.32,259.35,728719,189530293.57
20260710133000000,259.3,259.3,257.06,258.8,757307,195519918.45
20260710133500000,258.9,259.9,256.73,256.73,790624,204287445.56
20260710134000000,256.67,256.67,254.66,254.69,2090694,534218165.71
20260710134500000,254.82,256.44,254.66,254.68,1157892,296003299.38
20260710135000000,254.66,255.89,253.5,254.64,1599545,407070599.31
20260710135500000,254.64,255.9,254.55,254.98,793639,202571163.96
20260710140000000,255.0,255.19,252.02,252.26,1542631,390908729.56
20260710140500000,252.21,253.38,251.72,253.38,1888400,476366800.47
20260710141000000,253.47,253.49,250.0,250.7,1785388,448711461.75
20260710141500000,250.73,252.98,250.66,251.69,1176884,296123908.76
20260710142000000,251.13,253.02,251.13,253.02,1308938,330391050.86
20260710142500000,253.02,253.22,249.12,249.12,1682862,421879274.28
20260710143000000,249.12,250.01,248.6,248.91,1713198,426846033.64
20260710143500000,249.0,250.16,246.27,247.08,2076929,515500035.09
20260710144000000,247.01,248.13,245.36,246.05,2155409,531338847.1
20260710144500000,245.6,246.0,241.9,242.89,5524668,1345009070.89
20260710145000000,243.0,247.04,242.9,245.0,2851047,698209509.55
20260710145500000,244.88,245.5,243.29,243.33,2314220,565595818.81
20260710150000000,243.39,243.51,242.0,242.3,2562790,621168709.95
20260713093500000,237.58,248.5,237.58,248.5,8906736,2163577670.0
20260713094000000,248.48,248.6,242.8,243.9,5637667,1384786016.74
20260713094500000,243.89,247.4,242.0,247.0,3255091,799385918.51
20260713095000000,246.92,248.04,243.01,243.01,3058787,753142318.58
20260713095500000,243.11,244.69,241.96,243.55,2304116,559882398.5
20260713100000000,243.42,243.53,240.91,240.91,2022883,490379383.75
20260713100500000,240.58,243.96,238.88,243.76,3144765,755376371.45
20260713101000000,243.05,243.66,240.25,242.46,1492500,361467219.92
20260713101500000,242.53,250.28,242.25,249.97,3751926,926971055.61
20260713102000000,249.97,251.28,248.74,248.95,4729124,1182549677.31
20260713102500000,248.95,250.21,248.02,249.75,2388979,594886041.53
20260713103000000,249.81,249.92,247.85,247.85,1332266,331911084.44
20260713103500000,247.85,249.44,247.01,247.31,1575339,391191717.07
20260713104000000,247.4,248.16,245.16,245.53,1144309,281757580.68
20260713104500000,245.5,245.5,243.68,244.08,1163300,284366423.04
20260713105000000,243.97,246.06,243.97,245.75,998400,244794337.72
20260713105500000,245.75,247.17,245.12,247.17,895130,220424938.5
20260713110000000,247.25,247.52,245.36,245.43,1049903,258589798.92
20260713110500000,245.43,246.0,243.97,243.97,1020820,249998551.2
20260713111000000,243.98,244.07,241.62,241.62,2087638,506537415.58
20260713111500000,241.58,241.58,239.0,239.5,2488000,597533641.12
20260713112000000,239.63,240.88,238.17,239.8,2567474,615197403.75
20260713112500000,239.7,240.15,237.0,238.0,2029147,483239398.58
20260713113000000,238.05,238.85,237.0,237.1,1176000,279413373.0
20260713130500000,237.01,237.33,234.87,237.33,2803808,661573224.55
20260713131000000,237.37,237.88,234.68,234.95,1253400,295846656.43
20260713131500000,235.03,236.1,235.02,235.3,1189381,279910195.0
20260713132000000,235.3,235.3,233.7,234.04,1838105,430742799.99
20260713132500000,234.0,234.68,232.58,232.72,1626441,379719012.51
20260713133000000,232.39,235.03,232.31,234.79,1512789,353464406.91
20260713133500000,234.9,241.2,234.79,241.2,2190225,522006605.23
20260713134000000,241.2,244.4,240.19,243.01,2596083,629522084.54
20260713134500000,242.93,244.58,241.41,242.53,2060049,501469353.68
20260713135000000,242.53,243.39,239.11,240.91,990000,238556058.0
20260713135500000,241.0,243.3,240.62,240.81,698800,169199665.0
20260713140000000,241.03,242.05,240.63,241.15,660500,159368513.98
20260713140500000,241.1,241.73,239.94,241.17,569376,137152011.5
20260713141000000,241.17,241.31,236.93,236.93,854415,203886196.24
20260713141500000,236.96,237.94,235.96,237.0,964000,228497805.0
20260713142000000,236.97,238.7,236.97,237.34,672000,159726781.55
20260713142500000,237.44,237.56,235.5,235.62,672900,159007260.04
20260713143000000,235.62,237.0,235.06,236.85,1120396,264013166.37
20260713143500000,236.29,236.85,233.87,234.9,1231586,289240682.98
20260713144000000,234.89,237.53,234.89,236.98,1159352,274107682.64
20260713144500000,236.97,236.97,234.84,235.15,1980000,466095917.56
20260713145000000,235.9,239.16,234.63,239.0,1766510,418207628.26
20260713145500000,238.98,239.0,234.93,235.79,1647054,390095534.51
20260713150000000,236.02,236.79,235.83,236.7,1602048,378792590.72
20260714093500000,241.52,244.12,237.67,237.67,7852891,1895323089.01
20260714094000000,238.15,242.74,237.8,237.8,3653632,878648112.39
20260714094500000,237.65,240.5,237.03,240.33,3053281,728759822.57
20260714095000000,240.39,242.0,238.01,241.31,3039504,728960959.9
20260714095500000,241.31,248.58,240.98,247.8,7203164,1769190855.48
20260714100000000,247.8,248.03,245.11,245.11,3239637,797415657.24
20260714100500000,245.0,247.99,244.8,247.62,3125409,770704074.55
20260714101000000,247.79,247.79,246.1,246.88,2013211,497034067.92
20260714101500000,246.92,253.15,246.88,252.0,6679528,1671944009.18
20260714102000000,252.51,254.9,252.0,253.8,5450209,1382108221.16
20260714102500000,253.78,255.31,251.82,252.55,4571970,1160976413.63
20260714103000000,252.55,252.55,250.46,251.8,3344461,840717728.37
20260714103500000,251.67,254.0,250.1,250.1,1862686,470627419.0
20260714104000000,250.04,250.9,248.79,250.9,2425319,605622081.23
20260714104500000,250.94,251.52,249.7,250.13,1097670,274875076.26
20260714105000000,250.22,251.03,247.98,247.98,1964766,489083922.07
20260714105500000,247.98,250.09,247.3,248.52,1846191,458715633.98
20260714110000000,248.5,249.0,245.7,246.5,2193063,541649754.88
20260714110500000,245.95,249.26,245.9,248.0,1596330,396774034.34
20260714111000000,248.0,248.23,245.55,246.33,2018359,498025011.1
20260714111500000,246.5,247.84,245.68,247.29,1765400,434911511.12
20260714112000000,247.39,249.99,246.8,248.18,1493038,370890915.16
20260714112500000,248.19,249.27,246.0,248.8,1195744,296073362.31
20260714113000000,248.72,252.32,248.58,252.32,1442462,361472284.97
20260714130500000,254.8,260.37,254.8,260.37,12068274,3121510172.22
20260714131000000,260.37,260.37,260.37,260.37,1712635,445918774.95
20260714131500000,260.37,260.37,260.37,260.37,753900,196292943.0
20260714132000000,260.37,260.37,260.37,260.37,828542,215727480.54
20260714132500000,260.37,260.37,260.37,260.37,756718,197026665.66
20260714133000000,260.37,260.37,260.37,260.37,259669,67610017.53
20260714133500000,260.37,260.37,260.37,260.37,230414,59992893.18
20260714134000000,260.37,260.37,260.37,260.37,840500,218840985.0
20260714134500000,260.37,260.37,260.37,260.37,352731,91840570.47
20260714135000000,260.37,260.37,260.37,260.37,317600,82693512.0
20260714135500000,260.37,260.37,260.37,260.37,430900,112193433.0
20260714140000000,260.37,260.37,260.37,260.37,380471,99063234.27
20260714140500000,260.37,260.37,260.37,260.37,186700,48611079.0
20260714141000000,260.37,260.37,260.37,260.37,122800,31973436.0
20260714141500000,260.37,260.37,260.37,260.37,133349,34720079.13
20260714142000000,260.37,260.37,260.37,260.37,114200,29734254.0
20260714142500000,260.37,260.37,260.37,260.37,325692,84800426.04
20260714143000000,260.37,260.37,260.37,260.37,115200,29994624.0
20260714143500000,260.37,260.37,260.37,260.37,107000,27859590.0
20260714144000000,260.37,260.37,260.37,260.37,147500,38404575.0
20260714144500000,260.37,260.37,260.37,260.37,181800,47335266.0
20260714145000000,260.37,260.37,260.37,260.37,210600,54833922.0
20260714145500000,260.37,260.37,260.37,260.37,349200,90921204.0
20260714150000000,260.37,260.37,260.37,260.37,414287,107867906.19
20260715093500000,261.0,266.77,256.12,266.38,23926705,6275058996.76
20260715094000000,265.87,265.87,259.72,261.72,10040118,2632453301.15
20260715094500000,261.72,266.86,259.97,266.81,6750707,1776989664.35
20260715095000000,266.83,273.36,265.56,272.33,10554779,2857422592.85
20260715095500000,273.0,274.2,269.52,271.36,8194838,2232206539.88
20260715100000000,271.0,271.33,267.89,269.85,3669129,989077673.33
20260715100500000,269.25,272.85,269.0,272.85,2680315,726722458.05
20260715101000000,272.9,273.25,270.01,271.0,3225254,877062329.16
20260715101500000,271.0,271.02,267.12,269.34,2725092,733212945.06
20260715102000000,269.36,275.0,269.36,274.02,5147317,1405621997.75
20260715102500000,274.0,278.77,273.45,278.77,4991000,1375781662.8
20260715103000000,278.67,279.0,275.99,279.0,4359872,1210952116.09
20260715103500000,279.31,280.0,275.75,276.0,3522154,981168915.02
20260715104000000,275.93,276.01,273.5,273.69,2454182,674231104.78
20260715104500000,273.55,274.23,271.0,272.84,2306147,629309335.77
20260715105000000,272.95,274.78,271.58,271.74,1393800,381187765.0
20260715105500000,271.58,271.86,270.25,271.86,1773897,480518304.46
20260715110000000,271.58,272.0,269.7,270.87,1585483,429255542.07
20260715110500000,270.87,270.87,269.53,269.55,1026413,277231988.07
20260715111000000,269.56,271.47,269.51,271.2,1482194,400548917.64
20260715111500000,271.26,271.6,270.0,270.2,926500,250933025.19
20260715112000000,270.15,270.3,267.54,267.62,1863334,500673396.99
20260715112500000,267.5,268.0,265.99,266.23,2596571,692992988.04
20260715113000000,266.75,268.18,266.49,267.36,1224764,327217632.02
20260715130500000,268.15,268.15,264.4,264.57,1916600,510779819.1
20260715131000000,264.38,265.3,263.4,264.97,1971604,520731743.86
20260715131500000,264.98,267.07,263.91,265.6,1399283,371217902.98
20260715132000000,265.66,269.4,265.66,269.01,1644143,440651361.41
20260715132500000,269.01,269.42,265.05,268.41,1128416,302282797.83
20260715133000000,268.41,271.0,268.03,271.0,1265400,341318089.0
20260715133500000,271.01,271.01,268.6,268.7,739294,199202037.38
20260715134000000,268.48,269.42,267.19,268.56,516100,138538255.0
20260715134500000,268.64,271.01,268.6,270.2,928700,250871160.0
20260715135000000,270.12,270.12,267.01,267.01,713800,191473256.0
20260715135500000,266.88,268.5,266.33,268.33,742459,198388292.92
20260715140000000,268.48,268.48,267.2,267.33,593591,158996223.41
20260715140500000,267.35,267.87,266.7,267.11,676700,180816674.62
20260715141000000,267.1,267.1,266.21,266.3,492700,131321821.0
20260715141500000,266.25,266.6,265.1,265.18,1132684,301062832.74
20260715142000000,265.2,266.02,262.8,262.8,1442400,380889462.0
20260715142500000,262.83,263.98,261.8,263.29,2222173,583106510.22
20260715143000000,263.46,264.6,262.95,262.95,1242018,327560007.78
20260715143500000,262.9,263.13,261.8,261.84,1200100,314759709.0
20260715144000000,261.83,263.4,260.81,262.55,2184022,571493004.55
20260715144500000,262.28,263.96,261.85,263.96,1108767,291097111.78
20260715145000000,263.99,265.02,262.01,262.05,1587908,418441893.83
20260715145500000,262.05,263.81,262.05,262.26,1677376,440895501.12
20260715150000000,262.21,262.98,262.21,262.49,2186741,574120869.96
20260716093500000,250.01,254.13,246.82,247.04,16711222,4174677037.9
20260716094000000,247.49,260.59,247.49,259.55,6628397,1689980342.2
20260716094500000,259.5,267.7,259.5,266.48,9177493,2428778476.18
20260716095000000,265.99,271.24,265.99,270.46,6263578,1682288771.11
20260716095500000,270.5,270.5,265.82,266.0,5049464,1350605244.58
20260716100000000,266.0,271.35,266.0,271.2,3834756,1034626013.93
20260716100500000,271.27,273.28,269.86,271.5,4478840,1217860725.06
20260716101000000,271.49,272.65,270.17,272.65,2183190,592517753.3
20260716101500000,272.57,273.2,270.3,273.2,1905495,518282326.58
20260716102000000,273.29,275.37,272.03,272.04,3285221,901587609.96
20260716102500000,272.01,272.96,270.8,271.14,1954513,531141436.2
20260716103000000,271.14,273.02,270.1,270.57,1881490,510508504.69
20260716103500000,270.6,270.6,268.01,268.05,3007237,809949098.94
20260716104000000,268.01,269.01,267.2,267.48,2595825,695165630.52
20260716104500000,267.47,273.66,267.02,272.88,2567889,696055020.84
20260716105000000,272.88,274.0,269.95,272.2,1348361,367047813.53
20260716105500000,272.3,273.68,271.68,272.41,1018891,277960008.5
20260716110000000,272.59,273.6,270.76,272.5,1269809,346090068.21
20260716110500000,272.3,272.87,270.12,270.21,872500,236803986.86
20260716111000000,270.2,270.8,269.0,269.76,1282404,346129651.94
20260716111500000,269.76,269.77,267.52,268.45,1067435,286494380.25
20260716112000000,268.4,269.36,267.01,267.18,1604400,429638801.63
20260716112500000,266.99,267.0,264.61,265.19,2452577,651547854.15
20260716113000000,265.3,269.21,265.3,269.05,1331087,355766345.71
20260716130500000,269.3,269.5,266.6,268.74,1207400,323872982.6
20260716131000000,268.77,269.51,267.1,267.52,816600,219187219.24
20260716131500000,267.52,270.8,266.97,270.8,888615,238492619.36
20260716132000000,270.88,273.02,269.21,273.02,1671094,453945204.68
20260716132500000,273.0,273.0,269.25,269.25,732515,198843938.31
20260716133000000,269.24,269.24,268.08,268.88,752300,202031226.0
20260716133500000,268.18,268.35,266.14,267.5,1293470,345593349.06
20260716134000000,267.09,268.2,266.13,267.44,1053510,280985737.4
20260716134500000,267.44,267.44,266.22,266.5,932791,248878782.94
20260716135000000,266.5,266.88,264.97,265.02,1461449,388129076.94
20260716135500000,265.02,267.74,265.02,266.28,745244,198773292.18
20260716140000000,266.08,267.57,265.88,267.36,532100,141847966.59
20260716140500000,267.31,267.39,266.0,266.69,607200,161957686.98
20260716141000000,266.75,269.33,266.19,266.52,851365,228096103.16
20260716141500000,266.7,266.96,265.0,265.0,1163195,309388415.91
20260716142000000,265.0,265.9,264.98,265.01,1107635,293796169.62
20260716142500000,265.01,266.66,265.01,266.51,906823,241151736.0
20260716143000000,266.5,266.61,265.2,265.37,1009285,268193493.22
20260716143500000,265.38,265.4,263.33,263.38,1943823,513932460.99
20260716144000000,263.06,264.17,263.0,263.93,2053384,540829484.43
20260716144500000,264.01,265.38,262.26,262.3,1986000,524050058.25
20260716145000000,262.35,262.88,261.0,261.09,2596654,679510001.98
20260716145500000,261.1,266.0,261.0,265.78,2644539,698080238.65
20260716150000000,265.77,268.99,265.77,268.8,3170058,849786946.25
20260717093500000,258.01,259.8,241.92,241.92,24304178,6028483593.48
20260717094000000,241.92,249.34,241.92,248.84,11221556,2744442791.23
20260717094500000,247.93,248.39,244.01,246.87,6380297,1572641663.35
20260717095000000,246.6,249.34,242.2,249.33,4597427,1124560125.48
20260717095500000,249.34,252.47,247.0,250.18,4034051,1008597785.27
20260717100000000,250.18,252.1,248.81,251.98,2912192,729752017.8
20260717100500000,251.9,254.98,250.52,254.98,2516604,636051237.8
20260717101000000,254.55,254.55,249.2,249.2,2065158,520885989.61
20260717101500000,249.14,250.99,247.0,249.88,2127574,529079296.97
20260717102000000,249.92,251.27,247.5,247.9,1319500,329140347.24
20260717102500000,247.89,247.89,245.66,247.88,1690360,416495942.52
20260717103000000,247.1,247.68,243.99,245.38,2717519,665154453.73
20260717103500000,245.0,245.0,243.15,244.21,1647298,402017090.61
20260717104000000,244.21,245.59,242.99,245.21,1915087,466578953.21
20260717104500000,245.21,246.0,242.25,242.4,1547450,376541808.72
20260717105000000,242.39,243.92,241.92,241.94,4068098,984767903.6
20260717105500000,241.94,243.0,241.92,241.94,2178478,527164977.09
20260717110000000,241.99,245.23,241.92,243.3,1544479,376102024.61
20260717110500000,243.3,247.0,243.29,244.13,1407620,345633344.8
20260717111000000,244.12,245.89,242.34,242.34,956500,233218588.44
20260717111500000,242.3,242.3,241.92,242.0,1541392,372953304.96
20260717112000000,242.06,242.79,241.92,241.92,1787444,432545283.23
20260717112500000,241.92,241.92,241.92,241.92,463600,112154112.0
20260717113000000,241.92,241.97,241.92,241.92,1589786,384603974.69
20260717130500000,241.92,241.92,241.92,241.92,1299700,314423424.0
20260717131000000,241.92,241.92,241.92,241.92,171900,41586048.0
20260717131500000,241.92,241.92,241.92,241.92,154800,37449216.0
20260717132000000,241.92,241.92,241.92,241.92,118900,28764288.0
20260717132500000,241.92,241.92,241.92,241.92,106500,25764480.0
20260717133000000,241.92,241.92,241.92,241.92,104900,25377408.0
20260717133500000,241.92,241.92,241.92,241.92,126800,30675456.0
20260717134000000,241.92,241.92,241.92,241.92,135500,32780160.0
20260717134500000,241.92,241.92,241.92,241.92,104800,25353216.0
20260717135000000,241.92,241.92,241.92,241.92,188600,45626112.0
20260717135500000,241.92,241.92,241.92,241.92,153500,37134720.0
20260717140000000,241.92,241.92,241.92,241.92,3988400,964873728.0
20260717140500000,241.92,245.11,241.92,241.92,6575700,1596506366.14
20260717141000000,241.92,242.09,241.92,241.94,2478369,599590641.72
20260717141500000,241.93,244.5,241.92,244.41,2759492,669026873.34
20260717142000000,244.41,244.41,241.92,241.92,2106800,510142528.96
20260717142500000,241.92,241.92,241.92,241.92,273800,66237696.0
20260717143000000,241.92,241.92,241.92,241.92,400400,96864768.0
20260717143500000,241.92,241.92,241.92,241.92,210100,50827392.0
20260717144000000,241.92,241.92,241.92,241.92,261500,63262080.0
20260717144500000,241.92,241.92,241.92,241.92,172600,41755392.0
20260717145000000,241.92,241.92,241.92,241.92,181100,43811712.0
20260717145500000,241.92,241.92,241.92,241.92,232500,56246400.0
20260717150000000,241.92,241.92,241.92,241.92,209500,50682240.0
20260720093500000,241.91,246.0,228.0,239.99,16681582,3952902024.6
20260720094000000,240.15,242.9,238.63,238.63,5853372,1407833036.55
20260720094500000,238.66,239.11,231.0,234.5,5686405,1330781487.89
20260720095000000,235.0,235.18,227.53,227.53,5713815,1314972979.8
20260720095500000,227.45,227.45,219.82,219.82,10089311,2253018652.07
20260720100000000,219.97,228.67,219.82,228.5,5012002,1128872649.83
20260720100500000,228.4,228.42,224.65,227.6,2823959,640218098.65
20260720101000000,227.6,227.67,220.04,220.04,3444512,770398711.64
20260720101500000,220.0,220.12,217.73,217.82,8413615,1837743742.55
20260720102000000,217.8,217.82,217.73,217.73,2650021,577012730.71
20260720102500000,217.73,217.74,217.73,217.73,2813400,612565360.0
20260720103000000,217.73,217.73,217.73,217.73,433700,94429501.0
20260720103500000,217.73,217.73,217.73,217.73,284900,62031277.0
20260720104000000,217.73,217.73,217.73,217.73,212600,46289398.0
20260720104500000,217.73,217.9,217.73,217.9,3993998,869656039.54
20260720105000000,217.91,225.94,217.91,225.91,3555577,791648213.42
20260720105500000,225.99,226.0,221.27,222.25,2321100,518953258.38
20260720110000000,222.25,225.91,221.88,225.91,1767748,395247341.74
20260720110500000,225.93,232.1,225.93,229.04,3359578,771557964.34
20260720111000000,228.89,229.85,226.18,228.01,1764630,402425439.36
20260720111500000,228.0,228.0,224.11,226.76,874850,197813697.13
20260720112000000,226.69,226.69,222.68,222.68,832722,186697234.14
20260720112500000,222.68,223.75,218.5,223.75,1048200,231192510.0
20260720113000000,223.75,224.05,220.8,221.89,714751,158745707.39
20260720130500000,221.8,221.94,218.07,221.49,1885990,414265491.11
20260720131000000,221.49,221.49,218.11,219.0,1202400,263680835.04
20260720131500000,218.82,219.08,217.74,219.08,1859180,405318457.02
20260720132000000,218.4,218.97,217.73,217.73,2463063,536511977.27
20260720132500000,217.73,218.3,217.73,217.99,1366229,297549117.17
20260720133000000,217.99,217.99,217.73,217.73,528871,115162697.78
20260720133500000,217.73,217.73,217.73,217.73,307200,66886656.0
20260720134000000,217.73,217.73,217.73,217.73,176100,38342253.0
20260720134500000,217.73,217.73,217.73,217.73,85200,18550596.0
20260720135000000,217.73,217.73,217.73,217.73,102800,22382644.0
20260720135500000,217.73,217.73,217.73,217.73,202100,44003233.0
20260720140000000,217.73,217.73,217.73,217.73,238500,51928605.0
20260720140500000,217.73,217.73,217.73,217.73,197100,42914583.0
20260720141000000,217.73,217.73,217.73,217.73,252200,54911506.0
20260720141500000,217.73,217.73,217.73,217.73,146000,31788580.0
20260720142000000,217.73,217.73,217.73,217.73,109300,23797889.0
20260720142500000,217.73,217.73,217.73,217.73,141700,30852341.0
20260720143000000,217.73,217.73,217.73,217.73,97400,21206902.0
20260720143500000,217.73,217.73,217.73,217.73,108500,23623705.0
20260720144000000,217.73,217.73,217.73,217.73,117000,25474410.0
20260720144500000,217.73,217.73,217.73,217.73,299800,65275454.0
20260720145000000,217.73,217.73,217.73,217.73,369000,80342370.0
20260720145500000,217.73,219.82,217.73,217.73,5602788,1221121551.83
20260720150000000,217.73,217.73,217.73,217.73,619300,134840189.0
20260721093500000,217.73,220.16,205.0,213.99,15228520,3230095127.44
20260721094000000,214.0,218.08,210.13,214.01,6510814,1397534823.64
20260721094500000,213.7,214.99,207.02,207.02,5093399,1072116177.67
20260721095000000,207.0,207.9,201.5,202.0,9455094,1933143738.92
20260721095500000,201.69,202.12,199.0,199.3,9269412,1857225595.65
20260721100000000,199.25,199.72,195.97,199.72,9056121,1785332365.02
20260721100500000,199.72,200.53,196.01,196.01,4392241,868510539.35
20260721101000000,196.01,196.48,195.96,195.96,5008134,981559944.49
20260721101500000,195.96,199.32,195.96,198.11,3842795,755504668.2
20260721102000000,198.11,199.93,196.05,196.05,2187601,433727385.74
20260721102500000,196.05,204.5,196.05,204.5,3460421,696524187.15
20260721103000000,204.66,204.66,200.5,203.96,3136198,637676364.65
20260721103500000,204.0,209.9,203.93,206.0,3656100,757747226.76
20260721104000000,206.12,211.87,206.12,211.0,3127644,657879523.34
20260721104500000,211.0,211.03,205.72,205.72,2290969,476300689.97
20260721105000000,205.3,214.93,205.3,214.93,1925134,405429113.07
20260721105500000,215.0,217.94,213.1,217.94,3132052,673436029.97
20260721110000000,217.99,223.84,217.99,223.84,5065487,1122259952.5
20260721110500000,223.88,227.5,223.7,227.3,4338413,978866797.85
20260721111000000,227.5,228.0,224.01,224.01,3358347,760676831.57
20260721111500000,224.0,224.0,216.5,222.07,2927498,645130832.17
20260721112000000,221.99,223.5,221.34,221.5,1941120,431607070.66
20260721112500000,221.36,223.5,219.01,223.5,1294191,286312983.36
20260721113000000,223.51,227.5,223.51,227.5,1904695,429935662.85
20260721130500000,227.6,232.12,227.6,230.37,5392960,1242028316.86
20260721131000000,230.61,231.4,225.88,227.37,3151250,719639338.06
20260721131500000,227.4,229.4,227.0,227.0,1521900,347316301.97
20260721132000000,226.86,226.86,222.29,223.84,1867400,419133984.23
20260721132500000,223.85,223.89,220.0,222.37,1634835,362557685.31
20260721133000000,222.4,225.02,221.21,224.98,1011288,225970589.6
20260721133500000,225.0,226.77,224.38,226.13,1262500,284963443.0
20260721134000000,226.4,226.45,225.0,226.4,747000,168772821.97
20260721134500000,226.29,227.0,226.0,226.98,836006,189329773.89
20260721135000000,227.0,227.3,226.0,226.93,768630,174374851.62
20260721135500000,226.99,229.61,226.99,229.61,1312739,299333677.92
20260721140000000,229.7,230.56,228.0,228.4,1955602,449425834.96
20260721140500000,228.4,230.6,228.4,230.0,1233600,283769711.34
20260721141000000,230.0,231.52,230.0,231.52,1064998,245669554.08
20260721141500000,231.52,232.0,230.44,231.02,1618950,374667301.72
20260721142000000,231.12,232.0,231.12,231.72,1326273,307399196.44
20260721142500000,231.76,231.76,230.0,231.0,1148761,264998571.88
20260721143000000,231.01,231.89,229.91,229.96,1134099,261884412.49
20260721143500000,229.96,231.5,229.96,231.26,1074628,248214358.23
20260721144000000,231.31,232.56,231.31,232.56,1425456,330686487.12
20260721144500000,232.58,236.16,232.58,236.16,1932325,452914635.12
20260721145000000,236.2,237.61,231.45,233.74,2494941,585481021.51
20260721145500000,233.78,234.13,232.0,232.2,2851883,663338608.36
20260721150000000,232.12,232.12,231.0,231.0,2287530,529294845.69
20260722093500000,230.65,237.0,230.0,237.0,19712213,4597760533.01
20260722094000000,236.84,236.84,233.0,233.0,7447503,1750431900.24
20260722094500000,233.4,237.89,231.92,237.89,5795892,1356985090.04
20260722095000000,237.98,239.57,237.89,238.02,5813109,1388238421.48
20260722095500000,238.02,239.2,234.75,234.75,4698988,1112507691.8
20260722100000000,234.75,237.16,233.3,237.16,3739570,879349535.0
20260722100500000,237.16,239.17,236.01,239.0,3072667,731030760.54
20260722101000000,238.6,238.67,236.09,236.09,1884844,448317528.95
20260722101500000,236.01,237.82,236.01,237.34,1693544,401453074.97
20260722102000000,237.4,239.49,237.4,239.22,2167764,517867845.35
20260722102500000,239.22,239.44,237.2,237.6,1455379,347188578.94
20260722103000000,237.6,238.5,236.93,238.23,1302249,309600143.6
20260722103500000,238.23,238.23,234.76,235.15,2707081,638611365.27
20260722104000000,235.15,235.35,233.54,234.12,2779499,651207803.0
20260722104500000,234.03,234.59,231.33,233.18,3136620,729605571.42
20260722105000000,233.19,234.1,231.76,234.1,1832118,426848319.1
20260722105500000,234.1,237.56,234.1,236.8,1494026,352279535.01
20260722110000000,236.8,237.0,235.18,236.09,1041300,245816336.0
20260722110500000,236.08,236.08,233.4,233.4,1032200,242138032.0
20260722111000000,233.33,233.33,231.67,232.39,2591330,602108061.1
20260722111500000,232.46,235.0,232.0,234.88,995227,232547800.76
20260722112000000,234.87,235.08,233.63,234.66,676425,158765210.78
20260722112500000,234.58,235.61,234.58,235.55,613687,144354699.7
20260722113000000,235.54,237.0,235.31,236.8,917733,217052845.85
20260722130500000,236.88,236.88,233.11,233.11,1354136,318032743.46
20260722131000000,233.02,234.76,232.99,233.35,1042064,243455638.88
20260722131500000,233.36,233.48,232.38,233.25,1227500,285844270.0
20260722132000000,232.79,232.79,230.0,231.93,2840600,656503785.86
20260722132500000,231.84,231.84,229.85,229.85,1755200,404194166.08
20260722133000000,229.81,229.81,226.51,226.52,3547671,809301324.96
20260722133500000,226.48,227.93,225.0,227.93,3148038,710890680.3
20260722134000000,227.8,229.29,225.65,225.88,1535200,348673035.5
20260722134500000,225.84,227.79,225.0,227.0,1172920,264885226.4
20260722135000000,227.0,227.65,225.41,225.52,1243700,281355418.0
20260722135500000,225.22,225.59,222.94,222.94,1920601,431413360.15
20260722140000000,222.92,222.92,220.9,222.0,3461915,768116142.55
20260722140500000,222.2,224.0,218.63,218.73,2964406,653641494.6
20260722141000000,219.0,219.95,216.17,217.0,3521158,767377032.46
20260722141500000,216.95,217.0,215.67,216.23,2729527,590428204.87
20260722142000000,216.27,222.02,215.7,219.68,2933362,641600793.13
20260722142500000,219.6,224.0,219.6,221.69,2190562,486041958.72
20260722143000000,221.72,222.06,220.2,220.2,1119802,247707195.89
20260722143500000,220.15,223.0,219.68,222.79,1079058,238969429.26
20260722144000000,222.8,223.1,219.5,221.22,1131200,250420829.59
20260722144500000,221.2,223.19,221.0,222.36,998300,221757578.11
20260722145000000,222.3,222.37,219.2,219.2,1453900,320916844.67
20260722145500000,219.43,219.93,218.01,219.43,2176982,476984449.95
20260722150000000,219.3,219.3,217.28,217.5,2341481,510148269.5
20260723093500000,223.0,223.0,216.01,219.97,13045653,2865332305.39
20260723094000000,219.99,221.3,216.8,217.5,5182408,1136783302.84
20260723094500000,217.1,219.3,214.96,218.4,4879254,1059318900.84
20260723095000000,218.6,220.92,218.13,220.19,3280828,719947206.38
20260723095500000,220.2,223.66,219.05,223.5,3273707,726645280.06
20260723100000000,223.12,223.99,219.52,219.99,2991994,664026085.66
20260723100500000,219.72,219.72,216.59,217.57,3419187,744239559.63
20260723101000000,217.58,218.87,216.61,217.76,1841523,400473661.62
20260723101500000,217.99,219.0,215.25,215.25,2170422,470350150.75
20260723102000000,215.1,215.47,213.2,213.89,4172470,894690830.46
20260723102500000,213.89,216.35,213.01,213.01,2219900,475375966.98
20260723103000000,213.01,213.01,210.0,211.16,5745068,1212503689.49
20260723103500000,211.6,213.25,210.0,210.0,2247173,476341332.62
20260723104000000,210.07,213.14,210.07,211.03,1448870,306864955.81
20260723104500000,211.01,211.99,208.68,208.86,2435251,512172967.19
20260723105000000,208.75,209.17,207.33,207.4,3086339,642851767.61
20260723105500000,207.4,208.99,207.17,208.02,3251427,676653794.17
20260723110000000,208.01,208.8,206.11,208.55,2817941,584013502.85
20260723110500000,208.57,208.81,205.95,206.35,2294473,474853749.31
20260723111000000,206.33,206.69,204.45,205.0,3218420,660277656.96
20260723111500000,205.0,208.6,203.96,208.6,2825770,579397387.52
20260723112000000,208.69,208.8,204.81,205.5,1710033,353563657.64
20260723112500000,205.51,206.52,204.57,205.01,1343617,276180856.56
20260723113000000,205.03,205.96,204.01,205.45,1301712,266271895.22
20260723130500000,207.12,208.31,204.2,204.24,1941881,400602963.04
20260723131000000,204.39,207.98,204.31,207.98,1599527,329384153.56
20260723131500000,207.98,208.98,205.55,205.57,1316964,273487099.58
20260723132000000,205.5,205.5,204.2,204.29,1315445,269428274.3
20260723132500000,204.3,206.51,204.3,205.52,1099355,226097582.15
20260723133000000,205.78,208.18,205.78,207.78,1131800,234916211.44
20260723133500000,207.6,210.01,206.9,209.85,1374696,286861067.68
20260723134000000,209.78,210.37,208.1,208.36,1257661,263347284.42
20260723134500000,208.34,208.34,205.68,205.73,1230639,254584018.18
20260723135000000,205.7,205.74,204.5,204.62,1196800,245554664.14
20260723135500000,204.65,205.49,204.35,204.39,1188700,243478271.2
20260723140000000,204.38,204.7,204.01,204.11,1829577,373635243.41
20260723140500000,204.1,204.1,202.21,202.21,2390092,485808820.47
20260723141000000,202.18,204.06,202.08,202.23,1886733,382272665.94
20260723141500000,202.27,202.39,200.63,200.96,2580654,520141179.97
20260723142000000,201.14,202.4,200.08,200.7,2775457,557433494.12
20260723142500000,200.41,201.03,199.0,199.53,4223585,843332497.21
20260723143000000,199.53,201.8,199.15,200.32,1961314,392773842.26
20260723143500000,200.5,203.71,200.5,201.43,1801180,364675467.83
20260723144000000,201.5,202.48,201.4,201.98,1376308,277900270.76
20260723144500000,201.99,205.2,201.97,205.2,1839273,374357244.2
20260723145000000,205.26,205.27,203.0,204.44,1727951,352301057.71
20260723145500000,204.5,205.6,204.5,205.6,2129087,436615991.08
20260723150000000,205.56,206.65,205.56,206.65,1717445,354490522.59
20260724093500000,199.11,201.88,199.11,201.86,8228421,1646494770.66
20260724094000000,201.88,201.99,199.45,199.76,4849305,971319576.9
20260724094500000,199.99,202.98,199.54,202.5,2943862,592770505.7
20260724095000000,202.6,202.8,200.45,201.55,1991520,400899173.74
20260724095500000,201.88,203.96,201.88,203.9,2148657,436311534.23
20260724100000000,203.89,205.37,202.98,204.8,2144790,438057686.24
20260724100500000,205.0,205.2,202.7,202.77,1734846,353608103.88
20260724101000000,202.7,205.28,202.56,204.9,1428467,291545340.98
20260724101500000,204.97,205.73,203.28,203.28,1289538,264228443.21
20260724102000000,203.01,203.61,201.7,202.35,1547713,313379042.54
20260724102500000,202.45,202.45,200.4,201.83,1846700,371826853.79
20260724103000000,201.91,203.57,201.8,203.13,932522,189100363.23
20260724103500000,203.01,203.01,200.52,201.49,1021957,205859347.14
20260724104000000,201.33,201.54,199.66,199.66,1884587,377450778.17
20260724104500000,199.66,200.44,199.64,200.21,1423913,284734901.83
20260724105000000,200.27,201.59,200.19,200.86,684200,137469652.0
20260724105500000,200.78,202.0,200.21,201.76,641700,128911948.2
20260724110000000,201.76,201.96,199.48,199.51,1041000,208566881.0
20260724110500000,199.65,199.9,198.25,199.19,2840025,564905824.75
20260724111000000,199.0,199.6,198.5,198.85,1108034,220423314.46
20260724111500000,198.63,198.9,198.01,198.02,1320308,261946684.76
20260724112000000,198.08,198.7,197.89,198.28,1721600,341070870.64
20260724112500000,198.22,198.3,197.06,197.49,1400920,276813173.9
20260724113000000,197.44,198.57,197.0,198.48,1438982,284224141.4
20260724130500000,198.57,200.98,198.57,200.41,1345093,268904963.03
20260724131000000,200.11,202.66,199.27,201.32,1535400,308833565.0
20260724131500000,201.5,203.52,201.2,201.45,1570330,318332394.98
20260724132000000,201.46,202.46,200.69,201.8,1090827,219879163.54
20260724132500000,201.92,201.92,199.91,199.91,564500,113233162.86
20260724133000000,199.91,202.0,199.91,200.95,809947,162885328.18
20260724133500000,200.87,200.87,199.5,199.77,688481,137669295.71
20260724134000000,199.73,199.88,199.0,199.02,874500,174379277.17
20260724134500000,199.01,199.9,199.0,199.02,623200,124313949.21
20260724135000000,199.02,200.2,199.0,199.45,926100,184812286.0
20260724135500000,199.45,200.0,199.03,199.4,618979,123460426.32
20260724140000000,199.36,199.99,199.25,199.78,612400,122192371.0
20260724140500000,199.8,199.8,198.77,198.77,799800,159356003.18
20260724141000000,198.75,199.2,197.86,199.2,1092345,216665894.88
20260724141500000,199.19,199.74,198.31,199.74,557214,110939869.32
20260724142000000,199.71,200.86,199.71,200.2,1409724,282159555.0
20260724142500000,200.58,201.6,200.29,200.41,1025025,205991480.16
20260724143000000,200.41,200.89,200.01,200.86,535830,107470919.02
20260724143500000,201.16,201.34,199.71,200.69,1014761,203245168.51
20260724144000000,200.69,200.88,200.0,200.16,818591,163908825.9
20260724144500000,200.15,200.25,199.95,200.1,1008999,201840467.57
20260724145000000,200.06,200.06,199.61,199.99,1484490,296620819.33
20260724145500000,200.0,200.5,199.42,199.43,1958628,391480337.05
20260724150000000,199.5,199.5,199.18,199.18,2243860,447190484.09
20260727093500000,199.15,199.37,192.3,192.3,7322434,1435984161.31
20260727094000000,192.32,194.03,189.0,193.99,8304228,1582266272.42
20260727094500000,193.57,199.09,193.4,196.95,4089829,804721009.0
20260727095000000,196.66,199.15,194.41,194.41,2418791,476116915.52
20260727095500000,194.38,201.49,194.07,201.0,3408544,677519893.24
20260727100000000,201.0,204.35,200.9,202.36,4220554,856212842.06
20260727100500000,202.24,202.88,200.4,201.4,2916422,588695247.47
20260727101000000,201.21,204.0,200.95,204.0,1909005,386533548.7
20260727101500000,204.16,204.3,202.03,202.22,1806117,366750892.84
20260727102000000,202.09,202.64,199.31,199.92,1715350,344499913.5
20260727102500000,200.0,200.8,198.93,199.78,1495789,298625127.62
20260727103000000,199.89,202.57,199.88,202.11,889322,179070090.56
20260727103500000,201.57,201.57,198.56,198.56,1044300,208841381.0
20260727104000000,198.54,198.78,197.3,198.0,1257064,249043605.6
20260727104500000,197.99,199.12,197.85,198.73,639882,126944158.96
20260727105000000,198.87,200.5,198.77,199.13,911508,181940973.76
20260727105500000,199.12,199.85,198.6,199.35,438100,87283834.0
20260727110000000,199.3,200.15,199.08,199.08,528100,105463094.69
20260727110500000,199.07,199.99,198.88,199.99,394933,78689463.15
20260727111000000,199.98,200.79,199.38,200.25,510333,102125257.54
20260727111500000,200.38,200.97,199.89,200.48,396700,79556486.0
20260727112000000,200.56,200.57,199.41,200.1,600100,119918714.0
20260727112500000,199.83,200.6,199.72,200.49,378940,75845928.8
20260727113000000,200.49,200.67,200.0,200.4,358451,71804356.19
20260727130500000,201.0,202.42,200.68,201.74,1539214,310472308.88
20260727131000000,201.8,202.05,200.51,201.05,756800,152463734.62
20260727131500000,201.08,201.14,200.0,200.68,567400,113750508.64
20260727132000000,200.64,200.88,199.99,200.74,638991,128066643.18
20260727132500000,200.74,200.78,199.64,199.72,472800,94575990.0
20260727133000000,199.71,199.99,199.0,199.94,484715,96725002.2
20260727133500000,199.98,200.5,199.04,200.46,749494,149588777.6
20260727134000000,200.37,201.19,199.7,200.0,852200,170850602.0
20260727134500000,200.01,200.85,200.01,200.51,364800,73145671.0
20260727135000000,200.51,204.0,200.0,203.8,1913073,387101171.32
20260727135500000,203.9,204.36,202.37,202.45,2222700,452201877.7
20260727140000000,202.48,203.04,201.38,201.53,899200,182055163.0
20260727140500000,201.53,201.88,201.1,201.8,516378,104079179.0
20260727141000000,202.0,202.68,202.0,202.42,772022,156224586.98
20260727141500000,202.6,203.03,201.7,201.73,657178,133077320.58
20260727142000000,201.7,202.23,201.05,202.23,554096,111747742.16
20260727142500000,202.22,204.28,202.21,203.95,2088606,425510310.96
20260727143000000,204.05,204.61,203.5,204.61,1488991,304057633.88
20260727143500000,204.89,207.62,204.6,207.62,3339570,688811230.37
20260727144000000,207.59,208.46,206.22,208.21,2668012,553597145.15
20260727144500000,208.2,209.23,208.18,208.95,2753168,574519357.43
20260727145000000,209.01,209.09,208.29,208.88,2248402,469418809.23
20260727145500000,208.88,209.39,208.29,209.39,2339362,488688149.49
20260727150000000,209.43,211.9,209.43,211.9,3916051,826350344.05
20260728093500000,197.0,199.9,197.0,199.17,13834992,2738760389.34
20260728094000000,199.17,200.18,197.51,197.92,6101920,1213305604.6
20260728094500000,197.78,198.88,197.02,197.5,4509075,891001190.37
20260728095000000,197.06,197.9,194.78,195.0,6362546,1247287405.55
20260728095500000,195.0,195.8,193.08,195.6,4438636,863159064.35
20260728100000000,195.6,196.13,193.95,193.95,2742475,534893010.45
20260728100500000,193.9,196.31,193.83,194.76,2106433,411249665.13
20260728101000000,194.8,195.58,194.0,194.08,1468000,285601622.35
20260728101500000,194.01,194.01,193.27,193.28,1898500,367537972.47
20260728102000000,193.21,193.28,192.2,192.48,2733819,527229184.29
20260728102500000,192.41,193.67,192.0,192.07,1702666,328216658.73
20260728103000000,192.02,192.02,191.0,191.02,3957166,757062060.56
20260728103500000,191.0,191.11,190.8,190.8,2744126,523973645.56
20260728104000000,190.82,190.89,190.72,190.72,3211012,612495743.63
20260728104500000,190.72,190.82,190.71,190.72,2696319,514292375.92
20260728105000000,190.72,190.73,190.71,190.71,3217690,613647648.91
20260728105500000,190.71,191.83,190.71,190.78,1841200,351451039.87
20260728110000000,190.78,191.0,190.71,190.71,1213400,231467448.09
20260728110500000,190.71,190.72,190.71,190.71,525600,100237422.7
20260728111000000,190.71,190.71,190.71,190.71,353600,67435056.0
20260728111500000,190.71,190.71,190.71,190.71,341200,65070252.0
20260728112000000,190.71,190.75,190.71,190.71,944600,180149896.32
20260728112500000,190.72,190.78,190.71,190.73,434600,82887191.0
20260728113000000,190.73,190.93,190.71,190.71,849500,162035630.0
20260728130500000,190.71,190.71,190.71,190.71,432500,82482075.0
20260728131000000,190.71,190.71,190.71,190.71,531700,101400507.0
20260728131500000,190.71,190.71,190.71,190.71,88800,16935048.0
20260728132000000,190.71,190.71,190.71,190.71,86500,16496415.0
20260728132500000,190.71,190.71,190.71,190.71,55800,10641618.0
20260728133000000,190.71,190.71,190.71,190.71,53000,10107630.0
20260728133500000,190.71,190.71,190.71,190.71,53100,10126701.0
20260728134000000,190.71,190.71,190.71,190.71,54900,10469979.0
20260728134500000,190.71,190.71,190.71,190.71,91600,17469036.0
20260728135000000,190.71,190.71,190.71,190.71,37600,7170696.0
20260728135500000,190.71,190.71,190.71,190.71,41100,7838181.0
20260728140000000,190.71,190.71,190.71,190.71,44900,8562879.0
20260728140500000,190.71,190.71,190.71,190.71,249400,47563074.0
20260728141000000,190.71,190.71,190.71,190.71,56800,10832328.0
20260728141500000,190.71,190.71,190.71,190.71,60800,11595168.0
20260728142000000,190.71,190.71,190.71,190.71,62100,11843091.0
20260728142500000,190.71,190.71,190.71,190.71,72100,13750191.0
20260728143000000,190.71,190.71,190.71,190.71,62800,11976588.0
20260728143500000,190.71,190.71,190.71,190.71,67200,12815712.0
20260728144000000,190.71,190.71,190.71,190.71,87700,16725267.0
20260728144500000,190.71,190.71,190.71,190.71,121500,23171265.0
20260728145000000,190.71,190.71,190.71,190.71,115700,22065147.0
20260728145500000,190.71,190.71,190.71,190.71,151600,28911636.0
20260728150000000,190.71,190.71,190.71,190.71,136400,26012844.0
20260729093500000,181.0,183.69,176.51,179.36,16394357,2933067178.94
20260729094000000,179.36,182.99,179.36,182.69,6369780,1157532288.84
20260729094500000,182.26,183.28,176.78,176.82,6412926,1154452014.05
20260729095000000,177.0,177.18,172.0,172.1,14854253,2585502113.65
20260729095500000,172.51,174.38,171.64,173.6,9618487,1657087172.9
20260729100000000,173.35,176.33,172.6,173.95,3597613,626764885.05
20260729100500000,173.77,174.01,171.88,171.88,3332020,576994299.59
20260729101000000,171.84,174.01,171.64,174.01,5001066,860354719.61
20260729101500000,174.0,178.8,173.86,177.5,3776483,665378374.02
20260729102000000,177.01,177.7,174.61,174.86,1644735,289396466.48
20260729102500000,174.47,175.98,173.57,175.98,1328500,231866020.88
20260729103000000,176.0,182.19,176.0,180.65,4207146,757021382.24
20260729103500000,180.6,181.5,177.38,177.5,2063200,371294899.05
20260729104000000,177.91,179.1,177.17,178.95,1622273,289328270.36
20260729104500000,179.0,180.09,177.27,177.42,1446627,259275820.86
20260729105000000,177.51,177.99,175.04,175.06,1128266,198786600.69
20260729105500000,175.05,175.78,174.37,174.37,976200,171031975.36
20260729110000000,174.4,174.89,173.7,174.3,1091500,190057091.0
20260729110500000,174.32,174.98,173.51,174.67,1060500,184752019.0
20260729111000000,174.68,175.3,173.26,175.14,1268779,221056651.13
20260729111500000,174.92,176.64,174.22,174.23,1146400,201236403.0
20260729112000000,174.65,175.14,173.83,173.83,1219400,212677605.4
20260729112500000,173.83,174.16,173.33,173.34,795500,138220957.01
20260729113000000,173.6,174.24,173.0,173.28,1082808,187722203.78
20260729130500000,172.0,176.95,171.87,176.85,3878065,671856222.76
20260729131000000,176.79,178.09,175.2,178.09,1427421,251811787.68
20260729131500000,178.1,180.35,177.68,180.2,2322412,416758098.87
20260729132000000,180.0,180.0,175.78,176.0,1501100,266543734.98
20260729132500000,175.99,179.82,175.6,177.54,938600,166587850.0
20260729133000000,177.81,179.4,177.81,179.3,919340,164468227.2
20260729133500000,179.28,180.0,177.1,180.0,1128327,201405969.03
20260729134000000,179.98,182.01,179.66,182.01,2908153,525394845.68
20260729134500000,182.1,183.92,181.75,182.14,3325100,608275467.36
20260729135000000,182.14,182.87,179.1,179.29,1344800,243356123.0
20260729135500000,179.37,180.1,178.0,178.12,1172931,210101993.94
20260729140000000,178.13,179.87,178.13,179.09,1028200,184066429.0
20260729140500000,179.04,181.0,178.26,178.26,1075700,193563960.95
20260729141000000,178.23,178.23,177.01,178.08,910904,161748094.0
20260729141500000,178.12,179.14,177.78,179.14,612841,109155748.8
20260729142000000,179.2,180.03,178.88,179.98,775251,139145770.4
20260729142500000,179.99,180.05,178.87,178.87,658073,118255204.88
20260729143000000,178.87,179.96,178.86,179.67,539387,96803712.99
20260729143500000,179.67,179.95,179.0,179.72,830900,149312080.8
20260729144000000,179.7,179.74,179.14,179.14,974300,174917193.96
20260729144500000,179.16,179.99,179.14,179.86,1451483,260450385.66
20260729145000000,179.86,180.5,179.83,180.41,2087265,376204839.5
20260729145500000,180.4,180.4,179.7,180.16,2540878,457355913.24
20260729150000000,180.1,180.1,179.78,179.78,2130520,383181620.24
20260730093500000,178.05,178.05,172.81,173.2,9363070,1634665281.49
20260730094000000,173.2,173.92,169.62,171.35,7919086,1357022530.21
20260730094500000,171.0,171.0,166.42,168.49,7941838,1337317938.44
20260730095000000,168.52,168.55,164.02,165.13,6736377,1116302864.37
20260730095500000,164.89,167.63,164.89,167.63,5239501,871261726.74
20260730100000000,167.8,168.01,163.27,163.34,4937873,816157937.4
20260730100500000,163.3,164.47,162.57,162.9,5551953,905243217.44
20260730101000000,162.99,163.0,161.82,161.85,5956212,965490602.82
20260730101500000,161.85,162.0,161.8,161.8,5465938,884489756.7
20260730102000000,161.8,161.8,161.8,161.8,3508400,567659120.0
20260730102500000,161.99,162.52,161.8,161.81,2819284,456434452.07
20260730103000000,161.88,161.88,161.8,161.8,726100,117484084.0
20260730103500000,161.8,161.8,161.8,161.8,474200,76725560.0
20260730104000000,161.8,161.8,161.8,161.8,125200,20257360.0
20260730104500000,161.8,161.8,161.8,161.8,209300,33864740.0
20260730105000000,161.8,161.8,161.8,161.8,70200,11358360.0
20260730105500000,161.8,161.8,161.8,161.8,65800,10646440.0
20260730110000000,161.8,161.8,161.8,161.8,77200,12490960.0
20260730110500000,161.8,161.8,161.8,161.8,157000,25402600.0
20260730111000000,161.8,161.8,161.8,161.8,105000,16989000.0
20260730111500000,161.8,161.8,161.8,161.8,39800,6439640.0
20260730112000000,161.8,161.8,161.8,161.8,92600,14982680.0
20260730112500000,161.8,161.8,161.8,161.8,69500,11245100.0
20260730113000000,161.8,161.8,161.8,161.8,50900,8235620.0
20260730130500000,161.8,161.8,161.8,161.8,188200,30450760.0
20260730131000000,161.8,161.8,161.8,161.8,92000,14885600.0
20260730131500000,161.8,161.8,161.8,161.8,86000,13914800.0
20260730132000000,161.8,161.8,161.8,161.8,37400,6051320.0
20260730132500000,161.8,161.8,161.8,161.8,393200,63619760.0
20260730133000000,161.8,161.89,161.8,161.81,8712400,1409695117.8
20260730133500000,161.8,161.81,161.8,161.8,695600,112550158.0
20260730134000000,161.8,161.8,161.8,161.8,85500,13833900.0
20260730134500000,161.8,161.8,161.8,161.8,231600,37472880.0
20260730135000000,161.8,161.81,161.8,161.8,3235400,523490598.78
20260730135500000,161.8,161.8,161.8,161.8,982100,158903780.0
20260730140000000,161.8,161.9,161.8,161.8,1571400,254257418.78
20260730140500000,161.8,161.81,161.8,161.8,1393100,225404167.0
20260730141000000,161.8,161.83,161.8,161.8,1588000,256939662.0
20260730141500000,161.8,162.24,161.8,161.8,2428194,392956064.83
20260730142000000,161.8,163.3,161.8,163.19,2681720,434917462.0
20260730142500000,163.2,164.34,161.81,161.81,4596301,750026819.0
20260730143000000,161.8,161.91,161.8,161.8,2030199,328519359.32
20260730143500000,161.8,161.81,161.8,161.8,1909300,308926839.26
20260730144000000,161.8,161.8,161.8,161.8,2364300,382544401.14
20260730144500000,161.8,161.8,161.8,161.8,952100,154049985.38
20260730145000000,161.8,161.8,161.8,161.8,719700,116447460.0
20260730145500000,161.8,161.8,161.8,161.8,1192600,192962680.0
20260730150000000,161.8,161.8,161.8,161.8,161200,26082160.0
20260731093500000,177.0,177.0,172.21,174.69,31158727,5474624186.84
20260731094000000,174.74,177.36,174.0,177.0,10003030,1758962421.22
20260731094500000,176.69,177.57,176.47,177.15,5303685,939381982.29
20260731095000000,177.2,177.98,177.18,177.98,10933341,1945172631.06
20260731095500000,177.98,177.98,177.98,177.98,1409894,250932934.12
20260731100000000,177.98,177.98,177.98,177.98,1156957,205915206.86
20260731100500000,177.98,177.98,177.12,177.98,6100404,1084974943.1
20260731101000000,177.98,177.98,176.36,177.11,5348968,949301101.8
20260731101500000,177.11,177.76,176.55,176.55,2637460,467181704.89
20260731102000000,176.6,176.6,175.13,175.91,3158857,555524258.74
20260731102500000,175.8,175.87,174.0,174.4,2947163,515131117.33
20260731103000000,174.4,175.71,174.2,174.9,1668195,291966170.71
20260731103500000,174.88,174.88,173.22,173.78,2046500,355891224.44
20260731104000000,173.53,174.58,172.38,172.9,2153257,372889221.99
20260731104500000,172.92,174.64,172.72,174.45,1216616,211154520.58
20260731105000000,174.45,175.15,172.99,172.99,1149386,200080222.98
20260731105500000,172.93,173.49,172.53,173.17,1100300,190285149.0
20260731110000000,173.25,174.5,173.0,173.02,999480,173858339.85
20260731110500000,173.06,173.14,171.4,171.4,1811600,311995159.0
20260731111000000,171.4,172.08,171.0,171.01,1293086,221674973.96
20260731111500000,171.0,171.29,170.46,170.68,1615527,275897048.0
20260731112000000,170.69,172.89,170.69,172.55,885800,152300706.0
20260731112500000,172.56,173.98,172.56,172.81,1081774,187543294.7
20260731113000000,172.78,174.34,172.78,174.33,846923,147200940.0
20260731130500000,174.43,175.58,173.59,174.55,1514076,264248125.44
20260731131000000,174.75,175.03,173.84,173.9,945300,165062673.0
20260731131500000,173.95,174.27,173.49,174.2,776409,134979222.29
20260731132000000,174.12,175.89,174.12,175.61,989061,173447616.79
20260731132500000,175.6,176.25,175.6,175.8,945000,166340388.0
20260731133000000,175.8,175.8,174.91,175.26,713991,125147115.17
20260731133500000,175.2,175.23,174.5,174.5,498655,87269200.69
20260731134000000,174.5,175.2,174.17,175.1,617091,107879365.88
20260731134500000,175.1,175.1,174.61,174.69,315714,55202632.86
20260731135000000,174.65,174.8,174.29,174.66,430300,75127405.0
20260731135500000,174.74,174.74,174.15,174.45,421100,73461637.0
20260731140000000,174.45,174.75,173.66,174.75,668822,116456209.9
20260731140500000,174.75,174.99,173.88,173.97,498900,87002288.0
20260731141000000,173.98,174.05,173.06,173.11,665700,115600529.0
20260731141500000,173.09,174.56,173.07,173.98,1299929,226107123.19
20260731142000000,174.04,174.23,173.01,173.18,713600,123840533.0
20260731142500000,173.18,173.66,173.0,173.47,1034500,179244010.0
20260731143000000,173.52,174.32,173.08,174.29,916900,159303273.45
20260731143500000,174.27,174.28,173.45,173.58,803700,139667025.53
20260731144000000,173.6,173.67,173.0,173.16,1080946,187375504.32
20260731144500000,173.2,173.31,172.45,172.9,1980366,342509373.06
20260731145000000,172.66,172.8,171.71,172.04,1977128,340657222.27
20260731145500000,172.0,172.09,171.56,171.68,2098001,360527097.73
20260731150000000,171.66,171.66,171.3,171.48,2461880,422199119.0
20260803093500000,165.0,170.69,164.03,168.79,10070625,1675770867.77
20260803094000000,168.84,169.99,167.7,167.7,4809681,812730591.86
20260803094500000,167.7,167.99,165.35,165.35,4442009,740627607.04
20260803095000000,165.14,166.6,164.03,166.6,3948588,652145279.08
20260803095500000,166.58,168.07,165.0,166.11,2536597,421447480.93
20260803100000000,166.05,167.99,165.76,166.46,2066607,344150644.89
20260803100500000,166.25,167.65,165.8,166.84,1832242,305368051.58
20260803101000000,166.7,167.98,165.82,166.23,1315700,219214405.3
20260803101500000,166.2,166.85,165.55,166.85,1541365,255929312.67
20260803102000000,166.85,166.85,164.2,164.2,1820400,300434842.0
20260803102500000,164.15,165.64,162.0,162.82,6620079,1078183785.37
20260803103000000,162.8,163.3,162.25,162.31,1787000,290605986.0
20260803103500000,162.36,163.61,162.36,163.61,1353100,220220813.91
20260803104000000,163.65,166.5,163.25,164.55,1416400,233811940.0
20260803104500000,164.5,166.78,163.85,165.02,880600,145673309.2
20260803105000000,165.02,165.83,163.29,163.58,662280,108878358.28
20260803105500000,163.58,164.75,163.2,164.18,922900,151016949.0
20260803110000000,164.18,166.92,163.6,166.18,1219593,202166637.54
20260803110500000,166.31,168.58,166.31,167.57,3181006,533960361.91
20260803111000000,167.51,167.68,165.44,165.44,1521817,253378747.54
20260803111500000,165.4,166.0,164.43,164.46,888900,146472702.0
20260803112000000,164.47,166.29,164.36,165.99,886900,146285782.0
20260803112500000,165.89,166.72,164.57,166.22,1040500,171993419.0
20260803113000000,166.21,167.34,165.92,166.9,951500,158549796.2
20260803130500000,166.96,170.14,166.94,169.0,2966680,499941188.11
20260803131000000,169.09,170.0,168.5,169.23,2201270,372011264.08
20260803131500000,169.12,169.19,167.28,167.5,976309,164149569.94
20260803132000000,167.48,167.88,166.72,166.85,549247,91868388.31
20260803132500000,166.83,166.95,166.02,166.65,557954,92906930.36
20260803133000000,166.5,166.79,165.71,165.92,509500,84628345.45
20260803133500000,165.95,165.95,165.2,165.9,543300,89946531.0
20260803134000000,165.82,166.09,165.12,165.42,620700,102815261.0
20260803134500000,165.2,165.4,164.97,164.98,633000,104510556.0
20260803135000000,164.97,164.97,164.46,164.7,566900,93348567.98
20260803135500000,164.79,165.18,164.48,164.52,475900,78375750.8
20260803140000000,164.52,164.53,163.29,163.29,630300,103336073.1
20260803140500000,163.27,163.46,162.8,162.82,922800,150527948.0
20260803141000000,162.8,163.12,162.03,162.67,1267600,205959841.1
20260803141500000,162.83,164.4,162.83,164.4,950800,155558291.0
20260803142000000,164.4,164.4,163.3,163.5,505500,82805626.12
20260803142500000,163.51,164.71,163.51,164.71,615431,100985521.57
20260803143000000,164.72,164.83,163.92,163.92,568100,93447481.0
20260803143500000,164.0,164.4,163.3,163.48,536300,87838702.0
20260803144000000,163.51,163.6,162.76,162.91,912900,148920802.72
20260803144500000,162.9,163.29,162.78,162.96,1184300,192906148.45
20260803145000000,162.98,163.33,162.98,163.33,910101,148466660.09
20260803145500000,163.35,163.62,162.73,162.73,1469500,239798727.91
20260803150000000,162.73,162.81,162.46,162.81,2080393,338605654.82
20260804093500000,168.76,170.85,168.0,170.3,12282456,2084626070.41
20260804094000000,170.79,174.92,170.79,174.56,8606413,1494266215.89
20260804094500000,174.57,177.59,173.96,177.59,8140711,1431543692.57
20260804095000000,177.6,178.99,176.0,178.49,7107453,1265163321.49
20260804095500000,178.53,179.09,178.53,179.09,10711986,1918186715.67
20260804100000000,179.09,179.09,179.09,179.09,854318,152999810.62
20260804100500000,179.09,179.09,176.27,176.44,8258641,1472009792.87
20260804101000000,176.51,178.78,176.51,178.33,4618429,820214608.03
20260804101500000,178.3,178.3,176.8,177.61,2346899,415964542.52
20260804102000000,177.74,179.09,176.9,179.09,6991064,1249388563.19
20260804102500000,179.09,179.09,177.58,178.02,3280215,586141175.75
20260804103000000,178.17,179.09,178.01,179.09,5557123,994816933.07
20260804103500000,179.09,179.09,179.09,179.09,506100,90637449.0
20260804104000000,179.09,179.09,179.09,179.09,252504,45220941.36
20260804104500000,179.09,179.09,179.09,179.09,167900,30069211.0
20260804105000000,179.09,179.09,179.09,179.09,110867,19855171.03
20260804105500000,179.09,179.09,179.09,179.09,296300,53064367.0
20260804110000000,179.09,179.09,179.09,179.09,755199,135248588.91
20260804110500000,179.09,179.09,178.5,179.09,2390710,428097724.72
20260804111000000,179.09,179.09,178.99,179.09,1575493,282144178.29
20260804111500000,179.09,179.09,179.09,179.09,90200,16153918.0
20260804112000000,179.09,179.09,179.09,179.09,127000,22744430.0
20260804112500000,179.09,179.09,179.09,179.09,58800,10530492.0
20260804113000000,179.09,179.09,179.09,179.09,50700,9079863.0
20260804130500000,179.09,179.09,179.09,179.09,195552,35021407.68
20260804131000000,179.09,179.09,179.09,179.09,156100,27955949.0
20260804131500000,179.09,179.09,179.09,179.09,45175,8090390.75
20260804132000000,179.09,179.09,179.09,179.09,40500,7253145.0
20260804132500000,179.09,179.09,179.09,179.09,46386,8307268.74
20260804133000000,179.09,179.09,179.09,179.09,37793,6768348.37
20260804133500000,179.09,179.09,179.09,179.09,61600,11031944.0
20260804134000000,179.09,179.09,179.09,179.09,51885,9292084.65
20260804134500000,179.09,179.09,179.09,179.09,28900,5175701.0
20260804135000000,179.09,179.09,179.09,179.09,29980,5369118.2
20260804135500000,179.09,179.09,179.09,179.09,29633,5306973.97
20260804140000000,179.09,179.09,179.09,179.09,35900,6429331.0
20260804140500000,179.09,179.09,179.09,179.09,40600,7271054.0
20260804141000000,179.09,179.09,179.09,179.09,24900,4459341.0
20260804141500000,179.09,179.09,179.09,179.09,39200,7020328.0
20260804142000000,179.09,179.09,179.09,179.09,72200,12930298.0
20260804142500000,179.09,179.09,179.09,179.09,74400,13324296.0
20260804143000000,179.09,179.09,179.09,179.09,62610,11212824.9
20260804143500000,179.09,179.09,179.09,179.09,54152,9698081.68
20260804144000000,179.09,179.09,179.09,179.09,65100,11658759.0
20260804144500000,179.09,179.09,179.09,179.09,119869,21467339.21
20260804145000000,179.09,179.09,179.09,179.09,90400,16189736.0
20260804145500000,179.09,179.09,179.09,179.09,132401,23711695.09
20260804150000000,179.09,179.09,179.09,179.09,144700,25914323.0
20260805093500000,162.0,178.5,162.0,178.0,32274769,5506158471.1
20260805094000000,178.78,180.5,177.59,179.58,11041429,1979721343.58
20260805094500000,180.04,183.3,179.9,179.9,9414928,1708707761.08
20260805095000000,179.9,183.87,179.9,182.3,5400931,984212408.96
20260805095500000,182.58,182.65,180.5,182.41,3734451,677431053.59
20260805100000000,182.61,184.0,181.57,181.84,4098268,750123875.6
20260805100500000,181.93,182.0,180.01,180.99,2977838,538637034.46
20260805101000000,181.02,181.02,178.46,178.92,4271181,765810398.9
20260805101500000,178.93,178.93,175.98,177.62,4133894,733472164.19
20260805102000000,177.6,178.96,176.52,178.96,2144786,380826746.56
20260805102500000,178.94,181.67,178.02,181.55,2164311,388746795.45
20260805103000000,181.59,181.6,180.0,180.7,1362763,246436127.71
20260805103500000,180.91,180.91,178.9,180.7,1050715,189167005.24
20260805104000000,180.59,182.0,180.27,181.41,1231636,223495739.78
20260805104500000,181.41,182.8,181.22,182.0,935567,170397121.5
20260805105000000,182.09,183.45,182.05,183.29,1315200,240445830.34
20260805105500000,183.35,183.87,182.99,183.45,1364763,250277485.5
20260805110000000,183.5,184.62,182.67,182.71,2218276,407450923.62
20260805110500000,182.77,184.09,182.69,184.0,1128700,206876586.52
20260805111000000,184.0,184.35,183.35,184.35,1186900,218300181.0
20260805111500000,184.41,185.77,184.4,185.77,2173912,402083925.68
20260805112000000,185.71,187.39,185.5,186.2,2662238,496497172.13
20260805112500000,186.2,187.46,185.47,187.27,1926341,359523852.6
20260805113000000,187.19,187.19,186.3,186.53,1108759,207099188.59
20260805130500000,187.0,189.07,187.0,189.07,3289966,618634066.59
20260805131000000,188.98,189.52,187.6,189.35,2237531,422139104.95
20260805131500000,189.2,191.15,189.11,189.96,2519779,479130297.02
20260805132000000,189.88,190.0,188.8,189.25,1169891,221720352.09
20260805132500000,189.26,191.98,189.26,191.98,1393900,265939772.0
20260805133000000,191.99,192.96,190.7,190.7,2076513,398640909.55
20260805133500000,190.7,191.49,190.6,191.0,973950,186032191.06
20260805134000000,191.03,191.4,189.9,190.56,1272700,242437898.24
20260805134500000,190.87,193.08,190.87,193.08,1556671,299150344.38
20260805135000000,193.04,193.8,192.0,192.09,1300542,251340316.88
20260805135500000,192.2,193.09,191.6,191.7,644522,123989380.32
20260805140000000,191.68,191.7,190.58,190.88,758998,145006188.72
20260805140500000,190.7,190.89,190.0,190.46,880969,167684218.54
20260805141000000,190.27,190.36,189.12,190.02,1293300,245273808.0
20260805141500000,190.02,190.05,188.5,188.6,905100,171352205.99
20260805142000000,188.67,188.7,186.7,187.32,1724309,323432303.53
20260805142500000,187.57,188.67,187.55,188.58,1084999,204231159.23
20260805143000000,188.59,189.65,188.58,189.65,922332,174533260.44
20260805143500000,189.54,189.54,188.6,188.98,733668,138691298.54
20260805144000000,188.98,189.3,188.26,188.26,849522,160301498.14
20260805144500000,188.03,188.8,187.99,188.69,1165800,219600776.0
20260805145000000,188.69,189.12,188.6,188.75,1092540,206403283.8
20260805145500000,188.78,188.94,188.35,188.86,1364671,257421323.37
20260805150000000,188.85,188.9,188.8,188.83,2572161,485718332.8
20260806093500000,180.0,183.3,179.0,180.27,11487727,2078729112.42
20260806094000000,180.36,184.49,180.36,184.29,5196296,947727266.78
20260806094500000,184.29,185.31,183.01,185.01,3547640,654401462.52
20260806095000000,184.95,186.2,184.55,185.0,2850300,528148047.34
20260806095500000,185.0,185.28,184.26,185.15,2515788,464612139.32
20260806100000000,185.02,187.94,185.02,187.9,2308997,431609560.85
20260806100500000,187.91,188.33,186.42,186.74,2028594,380361571.78
20260806101000000,186.61,188.38,186.06,188.36,1358932,254179524.08
20260806101500000,188.36,189.26,187.13,188.82,1641968,308963556.56
20260806102000000,188.88,190.6,188.27,190.47,2756573,522386432.79
20260806102500000,190.3,191.35,190.01,191.18,2831069,540021768.79
20260806103000000,191.23,193.19,191.18,192.66,3231600,621881159.0
20260806103500000,192.5,192.53,191.02,191.14,2055700,394332298.0
20260806104000000,191.12,191.12,189.49,190.26,2202155,419242189.08
20260806104500000,190.38,194.51,190.38,194.51,2294800,442449386.34
20260806105000000,194.44,195.34,192.58,194.87,2236082,434393429.48
20260806105500000,194.86,195.24,194.6,194.85,1717791,335039966.27
20260806110000000,194.85,194.85,192.79,193.01,1181886,228802056.62
20260806110500000,192.95,193.24,192.0,192.33,1077800,207493098.15
20260806111000000,192.36,192.71,189.53,189.6,1701928,324929231.28
20260806111500000,189.63,190.38,188.0,188.0,3147000,596210926.48
20260806112000000,188.41,189.69,188.05,188.45,1809500,341659747.0
20260806112500000,188.39,189.0,187.2,187.2,1242900,234160106.33
20260806113000000,187.21,188.06,186.8,188.06,1148100,215098985.08
20260806130500000,188.48,188.88,187.11,188.03,1584100,298373006.0
20260806131000000,188.0,189.54,187.36,187.54,1047033,197380499.67
20260806131500000,187.55,187.67,186.03,187.58,1032339,192928417.09
20260806132000000,187.61,189.68,187.61,188.67,1295950,244513990.98
20260806132500000,188.76,189.21,188.17,188.45,618600,116751433.7
20260806133000000,188.43,188.46,186.93,187.0,656100,123198757.51
20260806133500000,187.0,189.11,187.0,187.89,783644,147187012.08
20260806134000000,188.03,188.03,186.63,186.73,937264,175177533.6
20260806134500000,186.73,187.86,186.3,187.85,730136,136283940.56
20260806135000000,187.85,188.7,187.13,187.4,633712,119159927.06
20260806135500000,187.4,187.84,187.18,187.25,421172,78950225.12
20260806140000000,187.25,187.25,186.31,187.2,635500,118648485.0
20260806140500000,187.11,187.41,185.75,186.22,857006,159726297.06
20260806141000000,186.36,186.54,185.38,185.55,776300,144360439.0
20260806141500000,185.62,186.18,185.49,186.05,795867,147887259.9
20260806142000000,186.18,186.19,185.23,185.68,584304,108462498.24
20260806142500000,185.71,186.78,185.65,186.73,728910,135790566.65
20260806143000000,186.71,186.81,186.17,186.81,675519,125939518.15
20260806143500000,186.87,187.87,186.84,187.87,819400,153390889.0
20260806144000000,188.0,188.2,186.45,186.45,1064100,199588449.59
20260806144500000,186.45,186.97,186.21,186.97,1104557,206156658.16
20260806145000000,186.98,187.42,186.96,187.42,1030733,192815932.7
20260806145500000,187.5,188.57,187.3,187.99,2015954,378516245.42
20260806150000000,187.99,187.99,187.6,187.68,1529789,287154800.04
20260807093500000,190.0,198.0,190.0,194.01,11311825,2207340932.2
20260807094000000,194.18,195.5,193.66,194.85,4496923,874687510.5
20260807094500000,194.96,196.97,193.01,193.01,3781478,738711224.13
20260807095000000,193.0,194.98,191.3,194.91,4337749,837028443.26
20260807095500000,194.81,195.99,193.51,193.81,2269181,441839728.19
20260807100000000,193.85,196.59,193.85,196.15,2496700,488992957.57
20260807100500000,195.89,196.81,194.56,195.48,2048800,401206802.47
20260807101000000,195.5,197.15,195.5,197.14,1913683,375894129.83
20260807101500000,197.15,197.85,196.71,197.54,2459867,485594586.76
20260807102000000,197.5,198.9,197.5,198.9,3045044,604019925.55
20260807102500000,198.9,199.73,198.31,198.87,2515304,500629870.17
20260807103000000,198.86,198.86,197.4,198.19,1683583,333595275.6
20260807103500000,198.14,199.43,197.58,197.64,1235400,245141121.1
20260807104000000,197.6,199.22,197.6,199.18,989179,196348422.42
20260807104500000,199.0,199.21,198.2,198.77,819370,162943710.85
20260807105000000,198.71,198.71,197.49,197.98,1136188,224776452.33
20260807105500000,197.96,199.28,196.9,196.9,973691,192983451.48
20260807110000000,196.9,197.7,196.72,196.72,1143200,225366147.04
20260807110500000,196.65,197.0,195.4,196.85,1452099,284811680.07
20260807111000000,196.85,197.32,196.28,196.28,740300,145661599.36
20260807111500000,196.2,196.2,193.77,194.57,1828201,355811112.4
20260807112000000,194.58,195.38,193.01,193.3,1533800,297631623.6
20260807112500000,193.23,194.56,192.61,194.56,1817486,351511596.02
20260807113000000,194.71,197.28,194.71,196.96,1121013,220028577.77
20260807130500000,197.11,199.61,196.48,199.02,2827235,560722431.2
20260807131000000,199.02,200.08,198.62,199.44,2643616,527532213.89
20260807131500000,199.45,200.91,198.0,198.0,2177800,435078989.0
20260807132000000,197.97,199.6,197.59,198.94,1249900,248382451.0
20260807132500000,198.81,199.4,198.5,199.29,749398,149251399.06
20260807133000000,199.29,201.65,199.29,201.65,2237889,448904067.13
20260807133500000,201.47,201.48,200.13,200.35,1377600,276856507.0
20260807134000000,200.19,201.47,200.05,200.45,1105515,222030089.2
20260807134500000,200.45,201.65,200.45,201.65,1711700,344439657.0
20260807135000000,201.67,202.1,200.85,201.05,1629512,328236372.62
20260807135500000,201.04,201.05,198.88,199.33,1329516,265586164.0
20260807140000000,199.34,199.35,197.32,197.32,1301718,258464526.4
20260807140500000,197.32,198.09,195.67,196.59,2543380,500322303.57
20260807141000000,196.67,198.0,196.67,197.46,1496162,295456319.58
20260807141500000,197.48,198.14,195.05,195.05,1646422,323808912.38
20260807142000000,195.08,195.69,193.21,194.62,3049074,593173270.66
20260807142500000,194.47,194.49,192.23,192.38,2618400,506329832.77
20260807143000000,192.26,193.38,190.9,193.38,3681797,705783593.13
20260807143500000,193.42,195.36,192.71,195.36,1985718,385065761.48
20260807144000000,195.35,196.05,194.39,196.05,1776022,346912811.68
20260807144500000,195.97,196.95,195.79,196.31,1225712,240679565.43
20260807145000000,196.27,196.27,194.88,195.01,1221299,238421979.09
20260807145500000,195.0,195.18,194.54,195.18,1884277,367333437.22
20260807150000000,195.17,195.28,195.17,195.27,1728872,337557873.73
20260810093500000,195.28,197.4,194.23,194.46,8621492,1686651850.26
20260810094000000,194.4,194.46,189.22,189.22,8742837,1674941345.89
20260810094500000,189.1,189.1,184.95,185.6,10298999,1927078384.44
20260810095000000,185.6,189.66,185.39,186.5,5084459,956078863.23
20260810095500000,186.1,187.65,184.99,185.29,5040418,936187985.14
20260810100000000,185.35,186.35,184.19,186.27,3895584,720435049.97
20260810100500000,186.14,186.14,183.36,183.38,3941565,726520243.54
20260810101000000,183.58,183.58,181.1,182.5,5911233,1076016099.94
20260810101500000,182.35,182.95,180.77,182.95,3551983,644781071.79
20260810102000000,183.0,184.87,182.73,183.66,2451790,450597854.8
20260810102500000,183.64,183.64,181.03,182.33,2168629,394459635.99
20260810103000000,182.69,183.04,181.62,182.59,1434900,261717858.0
20260810103500000,182.53,183.3,181.6,183.01,1096900,200152677.64
20260810104000000,183.05,183.1,181.64,182.52,1102700,201054820.0
20260810104500000,182.57,183.02,181.0,181.0,2059773,374059658.32
20260810105000000,180.87,180.87,180.07,180.5,2556400,461062816.78
20260810105500000,180.57,182.01,180.57,181.2,1415990,256890215.9
20260810110000000,181.2,182.41,180.71,182.41,917100,166647974.0
20260810110500000,182.41,183.79,182.4,183.52,1590894,291329187.06
20260810111000000,183.61,184.26,182.8,182.8,1097506,201632019.94
20260810111500000,182.79,183.29,181.6,181.6,824619,150427448.47
20260810112000000,181.57,181.99,180.35,180.69,1205300,218115891.43
20260810112500000,180.7,180.71,180.2,180.28,1530430,276054244.05
20260810113000000,180.23,180.86,180.0,180.86,1265244,228016677.06
20260810130500000,180.86,180.86,180.0,180.32,1703210,307046408.41
20260810131000000,180.3,181.34,180.19,180.46,749140,135244995.67
20260810131500000,180.52,180.66,179.05,179.05,1753273,315488614.0
20260810132000000,179.0,180.5,178.88,180.2,1643700,294898096.0
20260810132500000,180.2,181.16,180.0,180.44,729117,131578197.84
20260810133000000,180.36,181.32,180.36,180.68,624800,113068672.73
20260810133500000,180.59,182.0,180.59,181.75,783112,142075749.68
20260810134000000,181.75,181.98,180.66,181.42,729800,132351957.68
20260810134500000,181.44,183.22,181.38,181.97,1139100,207904158.0
20260810135000000,181.62,183.69,181.62,182.68,946336,173171151.36
20260810135500000,182.61,182.61,181.61,181.99,554505,100909384.05
20260810140000000,181.96,182.27,181.66,181.92,593500,107984880.0
20260810140500000,181.84,183.41,181.84,183.4,501800,91634030.0
20260810141000000,183.41,183.91,183.17,183.49,840200,154210870.0
20260810141500000,183.6,184.81,183.55,184.33,1039400,191570662.0
20260810142000000,184.32,184.84,184.0,184.6,877900,161851950.0
20260810142500000,184.7,185.16,184.7,184.9,1170800,216518897.0
20260810143000000,184.9,186.25,184.81,186.25,1218091,225884816.09
20260810143500000,186.35,186.49,184.81,184.82,1348809,250687087.63
20260810144000000,184.81,185.85,184.68,185.36,882300,163236000.0
20260810144500000,185.4,186.9,185.4,186.8,1130799,210649090.47
20260810145000000,186.77,186.77,185.97,186.39,1155420,215265633.4
20260810145500000,186.39,186.46,185.76,185.89,1343800,249972307.94
20260810150000000,185.86,186.0,185.86,185.94,1430270,265947930.32
20260811093500000,188.5,189.8,186.95,186.99,9474424,1783181716.71
20260811094000000,187.04,187.98,185.83,186.36,4445979,831485507.11
20260811094500000,185.95,188.01,185.95,186.94,2689180,502460027.98
20260811095000000,187.0,189.29,186.8,188.35,3088000,581635550.0
20260811095500000,188.45,188.8,186.87,187.47,2160431,406057550.78
20260811100000000,187.39,188.0,186.4,186.6,1443800,270001358.99
20260811100500000,186.59,186.6,184.77,186.21,2226305,412919959.53
20260811101000000,186.21,187.49,185.5,187.45,1034204,192817829.48
20260811101500000,187.47,192.05,187.13,192.01,5579366,1061350829.24
20260811102000000,192.0,194.51,191.67,193.3,5176378,1001761579.68
20260811102500000,193.3,194.55,192.71,194.55,3763302,728790308.05
20260811103000000,194.59,196.76,194.59,195.29,5030831,985082396.63
20260811103500000,195.18,195.8,194.75,195.5,1758490,343393097.26
20260811104000000,195.49,196.6,194.65,195.21,2008556,392547097.51
20260811104500000,195.23,197.0,195.22,196.0,2117400,416004931.16
20260811105000000,196.0,197.51,195.25,197.5,1650256,324345794.88
20260811105500000,197.49,197.78,196.81,197.08,1536930,303265525.0
20260811110000000,197.14,197.87,196.17,197.7,1013793,199725215.65
20260811110500000,197.69,197.86,195.26,196.1,1183994,232506940.46
20260811111000000,196.1,196.29,195.1,195.66,1254300,245345798.0
20260811111500000,195.78,196.1,195.22,195.22,780697,152714953.35
20260811112000000,195.2,195.26,194.3,194.3,1075700,209670209.56
20260811112500000,194.3,194.8,194.03,194.8,905400,176004530.02
20260811113000000,194.79,195.97,194.68,195.87,630321,123099772.28
20260811130500000,195.61,196.3,194.05,194.32,971683,189663682.49
20260811131000000,194.5,195.88,194.3,195.22,608100,118786740.0
20260811131500000,195.21,195.3,194.81,195.2,512800,100053005.0
20260811132000000,195.15,196.83,195.15,195.74,932961,182975502.67
20260811132500000,195.74,195.95,195.01,195.4,505500,98797334.0
20260811133000000,195.49,195.49,194.58,194.98,581209,113312681.37
20260811133500000,194.98,196.4,194.98,196.4,1100791,215341343.65
20260811134000000,196.42,200.37,196.42,198.75,6354816,1264817146.6
20260811134500000,198.74,199.22,197.48,197.9,1448299,287100453.22
20260811135000000,197.88,198.71,196.94,198.37,1029692,203606697.28
20260811135500000,198.4,198.46,197.2,197.44,600300,118811081.0
20260811140000000,197.45,197.81,197.06,197.22,558800,110327520.0
20260811140500000,196.98,197.01,196.21,196.47,896500,176183372.0
20260811141000000,196.48,196.54,195.76,195.9,746400,146302570.67
20260811141500000,195.89,196.49,195.27,195.27,701800,137568336.0
20260811142000000,195.34,195.66,195.34,195.4,634700,124061328.0
20260811142500000,195.4,195.4,195.0,195.15,1004089,195979993.46
20260811143000000,195.16,195.16,194.66,194.98,1239911,241682832.36
20260811143500000,195.05,195.05,194.22,194.48,1071062,208390640.15
20260811144000000,194.45,194.5,193.55,193.58,1618496,313855960.44
20260811144500000,193.55,195.04,193.55,194.98,1422007,276288856.27
20260811145000000,194.85,194.85,194.33,194.5,899037,174894950.91
20260811145500000,194.5,194.56,193.6,193.95,1616919,313870869.38
20260811150000000,193.95,194.02,193.69,193.87,2064703,400333023.6
20260812093500000,194.06,198.2,193.0,197.8,7343748,1432753297.25
20260812094000000,197.79,199.28,197.5,199.28,4606611,914957830.86
20260812094500000,199.31,202.2,197.23,202.2,5707274,1141738564.44
20260812095000000,202.2,202.2,200.0,200.81,4310899,867546851.42
20260812095500000,200.58,201.93,199.17,199.24,2132791,427804973.41
20260812100000000,199.24,199.38,197.37,198.5,2478234,491724045.84
20260812100500000,198.12,198.2,196.53,198.2,2497000,492845148.0
20260812101000000,198.53,200.66,198.2,200.27,1509989,301085938.76
20260812101500000,200.27,200.27,198.64,199.02,1466380,292688551.2
20260812102000000,199.0,200.92,198.33,199.37,1563300,312549547.0
20260812102500000,199.36,200.57,198.98,200.25,1036700,207212601.0
20260812103000000,200.24,200.79,199.56,199.82,1165465,233400258.45
20260812103500000,199.99,200.8,199.55,200.53,948857,189979518.65
20260812104000000,200.46,200.89,199.89,200.69,865492,173412588.58
20260812104500000,200.79,201.12,200.14,201.09,1203440,241674887.06
20260812105000000,200.99,202.53,200.99,201.08,2544304,513796808.86
20260812105500000,201.2,202.32,199.64,199.64,1299100,261432829.88
20260812110000000,199.49,200.0,198.72,199.42,1982155,394922549.3
20260812110500000,199.69,202.86,199.69,202.7,2764058,558634859.11
20260812111000000,202.7,202.84,202.12,202.13,1182900,239639000.58
20260812111500000,202.06,202.66,201.26,201.5,1356644,273832498.16
20260812112000000,201.49,201.8,199.63,200.36,1180100,236461971.0
20260812112500000,200.5,200.5,199.11,199.69,1434351,286537873.2
20260812113000000,199.71,200.64,199.71,200.0,968169,193683734.3
20260812130500000,200.14,203.8,200.14,202.33,2976601,602472382.86
20260812131000000,202.34,202.44,201.35,201.73,894072,180562051.88
20260812131500000,201.73,201.88,199.36,199.6,1409710,282369072.0
20260812132000000,199.58,200.27,199.51,199.57,1199800,239716870.0
20260812132500000,199.57,199.57,198.1,198.1,1547217,307652171.17
20260812133000000,198.08,198.77,198.0,198.03,1162900,230598137.0
20260812133500000,198.01,199.19,198.01,198.72,849918,168894387.49
20260812134000000,198.7,199.8,198.55,199.37,450200,89707063.74
20260812134500000,199.29,199.48,198.38,198.41,806382,160400709.94
20260812135000000,198.49,199.54,198.41,199.42,533805,106221216.55
20260812135500000,199.43,200.61,199.0,200.32,1261097,252065375.86
20260812140000000,200.38,202.56,200.01,200.73,1526100,307708817.74
20260812140500000,200.5,200.5,199.11,199.56,692600,138327485.0
20260812141000000,199.55,200.2,199.41,199.99,476400,95211195.72
20260812141500000,199.98,200.0,199.55,199.85,412891,82498308.06
20260812142000000,199.85,200.05,199.78,200.04,432400,86432952.0
20260812142500000,200.02,200.11,199.68,199.95,558700,111693776.0
20260812143000000,199.97,200.28,199.9,200.28,468945,93851265.35
20260812143500000,200.24,200.39,200.0,200.38,908855,181950547.85
20260812144000000,200.4,200.76,200.19,200.73,875394,175419725.86
20260812144500000,200.73,200.73,200.48,200.61,902561,181043440.01
20260812145000000,200.62,200.68,200.2,200.49,1404249,281580414.48
20260812145500000,200.43,200.47,200.1,200.22,1606915,321804515.66
20260812150000000,200.22,200.25,200.03,200.19,1729142,346102348.98
20260813093500000,204.1,207.28,204.1,206.02,10139244,2090004121.81
20260813094000000,206.23,207.43,203.8,204.0,4962624,1019920525.44
20260813094500000,204.07,207.71,203.2,206.82,2665028,548951499.0
20260813095000000,207.01,209.1,206.8,206.8,4458611,928533312.93
20260813095500000,206.79,208.76,206.65,206.7,2662995,553040269.93
20260813100000000,206.7,209.5,206.01,208.4,3722799,773567669.62
20260813100500000,208.35,210.62,208.06,210.2,3883126,814520795.39
20260813101000000,210.25,212.8,209.68,211.75,3487926,736716615.42
20260813101500000,211.99,213.26,211.58,212.06,2842724,604398713.45
20260813102000000,211.85,212.48,210.8,211.53,1786090,378080129.48
20260813102500000,211.57,213.0,211.57,212.0,1344904,285698678.8
20260813103000000,212.05,212.6,211.01,211.91,994795,210713406.07
20260813103500000,211.91,211.92,210.2,210.99,1343600,283412420.78
20260813104000000,211.0,211.0,209.0,209.24,2312825,485316097.8
20260813104500000,209.35,210.04,208.59,209.3,1421800,297660178.0
20260813105000000,209.25,209.4,207.57,208.53,1410900,293903384.49
20260813105500000,208.53,209.38,207.62,209.0,978968,204023975.19
20260813110000000,209.11,210.5,208.87,209.9,817089,171341680.89
20260813110500000,209.95,211.32,209.92,210.2,756404,159362627.0
20260813111000000,210.24,210.7,209.17,209.2,717372,150684653.04
20260813111500000,209.18,209.99,208.85,209.36,521400,109118735.0
20260813112000000,209.36,209.88,209.05,209.7,491800,102960555.0
20260813112500000,209.7,210.87,209.29,210.18,606467,127434644.91
20260813113000000,210.18,210.7,209.53,210.48,438300,92118084.0
20260813130500000,210.48,211.66,209.51,210.34,1005100,211700874.0
20260813131000000,210.44,210.9,209.65,210.72,633300,133252370.0
20260813131500000,210.8,210.8,209.47,209.47,597500,125475668.6
20260813132000000,209.43,209.81,208.78,209.71,705821,147596084.19
20260813132500000,209.7,210.7,209.53,210.13,641105,134652676.63
20260813133000000,210.19,210.49,209.07,210.36,624648,131060551.09
20260813133500000,210.42,210.9,209.87,209.87,536680,112948723.7
20260813134000000,209.79,209.79,209.05,209.08,580300,121483488.0
20260813134500000,208.96,208.97,208.26,208.26,939100,196089257.0
20260813135000000,208.2,208.46,207.0,207.03,1508652,313501161.34
20260813135500000,207.1,208.0,207.08,207.26,1056849,219259723.03
20260813140000000,207.12,207.87,206.8,206.8,1000148,207323336.43
20260813140500000,206.8,207.78,206.74,207.72,1090224,225878652.8
20260813141000000,207.78,208.65,207.72,208.03,685200,142665974.0
20260813141500000,208.01,208.01,206.81,207.06,662800,137461175.0
20260813142000000,207.11,207.55,206.0,206.0,1115299,230334478.89
20260813142500000,206.02,206.5,205.33,206.3,1412590,290709100.77
20260813143000000,206.3,206.31,205.8,206.0,725900,149512812.0
20260813143500000,206.01,206.05,204.49,204.49,1667700,342180706.0
20260813144000000,204.69,204.83,203.32,203.32,2476400,505364704.95
20260813144500000,203.42,204.02,203.03,204.0,2229635,453950165.54
20260813145000000,203.98,204.36,203.0,203.01,2116307,430932494.62
20260813145500000,203.0,203.38,202.4,202.42,2079099,422071867.24
20260813150000000,202.41,202.41,201.95,202.11,2328455,470768386.26
20260814093500000,203.24,205.0,201.1,203.3,6442313,1306584970.48
20260814094000000,203.42,207.46,203.31,206.94,3766703,774437760.85
20260814094500000,206.88,206.99,203.71,204.91,2236843,459543612.52
20260814095000000,204.91,206.0,204.01,204.74,1148700,235634730.73
20260814095500000,204.75,204.78,201.33,201.79,2176145,441504375.44
20260814100000000,201.67,203.48,201.5,202.88,1666948,337202050.55
20260814100500000,202.9,204.67,202.85,202.91,1923100,391377511.98
20260814101000000,202.91,203.77,201.9,202.28,1154700,234014781.0
20260814101500000,202.3,203.58,202.0,203.51,843900,171049440.0
20260814102000000,203.52,204.35,202.7,202.7,1086849,221149827.38
20260814102500000,202.7,204.91,202.7,203.05,1084708,221401251.24
20260814103000000,203.03,205.17,202.69,205.11,1292100,264058534.62
20260814103500000,205.1,205.88,204.2,205.46,1159300,238057512.64
20260814104000000,205.46,207.0,204.98,206.08,1358308,279896730.66
20260814104500000,206.0,207.0,205.07,205.49,1405561,290304327.57
20260814105000000,205.59,206.0,204.58,205.39,717000,147181804.0
20260814105500000,205.4,206.0,204.4,204.6,724572,148628175.68
20260814110000000,204.64,205.03,204.14,204.17,542900,111036250.0
20260814110500000,204.14,204.23,203.19,203.19,638300,130122251.0
20260814111000000,203.18,204.25,203.0,203.02,655300,133350659.93
20260814111500000,203.02,203.09,202.39,202.39,688300,139555789.0
20260814112000000,202.52,203.7,202.34,203.7,587606,119172278.68
20260814112500000,203.88,204.05,202.62,202.88,436800,88780238.0
20260814113000000,202.88,204.21,202.7,204.17,435721,88588943.3
20260814130500000,204.2,204.2,202.01,202.01,922508,187255823.85
20260814131000000,202.01,202.56,201.51,202.18,1062100,214512524.0
20260814131500000,202.05,202.2,201.67,201.69,534400,107920673.0
20260814132000000,201.67,201.95,200.7,201.03,1195000,240461065.25
20260814132500000,201.2,201.5,200.0,201.1,1043611,209357366.37
20260814133000000,201.1,202.17,201.1,202.11,605200,122080847.0
20260814133500000,202.13,203.17,202.13,203.08,1029700,208660566.61
20260814134000000,203.07,204.19,202.98,203.75,854600,174073280.0
20260814134500000,203.74,204.8,203.45,204.5,815900,166398819.0
20260814135000000,204.44,204.6,203.21,203.66,429200,87559838.0
20260814135500000,203.67,205.43,203.65,204.78,855200,175076629.0
20260814140000000,204.76,206.18,204.76,206.18,929086,190804617.02
20260814140500000,206.2,206.2,204.5,204.59,931601,191310717.74
20260814141000000,204.58,205.12,203.99,204.28,575576,117727803.88
20260814141500000,204.28,205.17,204.2,205.0,464685,95090937.85
20260814142000000,205.01,205.58,204.8,205.22,907800,186256479.25
20260814142500000,205.22,205.32,204.8,205.08,668800,137168757.78
20260814143000000,205.08,205.59,205.01,205.49,595700,122305147.5
20260814143500000,205.46,205.46,204.19,204.65,869605,178045067.0
20260814144000000,204.64,204.7,204.03,204.13,691295,141195324.0
20260814144500000,204.17,204.74,204.17,204.42,746300,152579397.7
20260814145000000,204.41,204.88,204.34,204.8,986375,201687367.5
20260814145500000,204.88,204.88,204.53,204.67,1583152,323938626.51
20260814150000000,204.67,205.8,204.67,205.19,2511753,515466606.91
20260817093500000,213.07,217.0,212.21,215.89,12653074,2715078010.47
20260817094000000,215.89,216.17,213.99,214.4,4301784,926113491.5
20260817094500000,214.28,214.88,212.02,212.9,3352604,715611333.96
20260817095000000,212.88,214.0,211.84,211.84,2163629,460273416.59
20260817095500000,211.7,212.2,208.8,209.84,3999512,840826607.39
20260817100000000,209.8,209.8,206.96,207.48,3057811,636171711.02
20260817100500000,207.59,208.7,206.97,208.52,1980503,411736637.32
20260817101000000,208.89,210.51,208.89,209.88,1749500,366815758.0
20260817101500000,209.78,210.34,208.59,209.85,1428099,299493259.13
20260817102000000,209.84,210.34,209.2,210.24,851042,178534697.08
20260817102500000,210.21,211.26,210.21,210.74,1058400,223069857.0
20260817103000000,210.75,210.75,209.6,209.86,772311,162170455.65
20260817103500000,209.78,211.56,209.53,211.56,728843,153397055.49
20260817104000000,211.58,212.66,210.91,212.66,815298,172776200.24
20260817104500000,212.77,213.31,212.5,213.01,1203616,256349426.16
20260817105000000,213.04,213.9,212.9,212.98,935900,199775914.76
20260817105500000,213.4,214.22,213.29,214.0,1126492,240885062.24
20260817110000000,213.97,213.99,213.0,213.88,629500,134376796.0
20260817110500000,213.84,214.46,213.66,213.66,836068,178989068.28
20260817111000000,213.92,214.5,213.34,213.85,923000,197568254.0
20260817111500000,213.84,214.0,212.44,212.49,679400,144818648.0
20260817112000000,212.4,214.44,212.0,214.25,914900,195079890.0
20260817112500000,214.24,214.49,213.05,213.4,403155,86145817.49
20260817113000000,213.48,214.85,213.48,214.23,822335,176175955.52
20260817130500000,214.2,216.99,213.98,216.98,3100692,669624396.85
20260817131000000,217.22,219.82,216.96,219.28,4138825,902361041.8
20260817131500000,219.21,219.21,216.99,218.44,1913336,416793731.25
20260817132000000,218.2,219.5,217.91,218.51,1882019,412072441.16
20260817132500000,218.51,218.99,218.01,218.04,982205,214422616.45
20260817133000000,218.04,218.66,216.61,217.83,1460645,317962631.49
20260817133500000,217.83,218.27,217.45,218.18,787114,171529238.76
20260817134000000,218.2,218.81,217.76,217.76,673800,147095013.0
20260817134500000,217.69,217.88,217.27,217.34,697700,151779932.49
20260817135000000,217.28,217.5,216.58,217.43,681900,147935648.0
20260817135500000,217.49,218.46,217.11,217.78,654249,142579686.67
20260817140000000,217.84,218.0,217.57,217.74,399123,86907750.41
20260817140500000,217.72,217.98,217.65,217.65,281102,61222722.34
20260817141000000,217.66,218.5,217.41,218.46,815536,177931058.0
20260817141500000,218.46,218.74,218.0,218.0,381400,83352041.4
20260817142000000,218.01,218.6,218.0,218.4,470420,102740202.0
20260817142500000,218.39,218.39,217.45,217.75,479186,104377308.34
20260817143000000,217.84,217.88,217.35,217.88,500000,108823883.0
20260817143500000,217.87,217.87,216.79,216.92,852265,185026747.97
20260817144000000,216.92,217.31,216.92,217.12,548304,119041690.36
20260817144500000,217.13,217.47,217.13,217.37,726000,157766779.96
20260817145000000,217.36,217.55,217.36,217.49,789067,171558283.47
20260817145500000,217.47,217.61,217.41,217.6,1152590,250710677.97
20260817150000000,217.61,217.66,217.6,217.66,1114182,242491120.47
20260818093500000,217.66,218.48,216.0,216.61,4917729,1068107766.6
20260818094000000,216.47,217.97,216.23,217.97,2314826,502156532.38
20260818094500000,217.99,218.0,216.0,216.49,2191443,475589640.05
20260818095000000,216.3,216.3,214.81,215.43,3629165,782128123.56
20260818095500000,215.75,216.78,215.0,215.54,1659670,357866570.7
20260818100000000,215.94,216.28,214.87,214.99,1884140,405525968.22
20260818100500000,214.99,216.78,214.8,216.19,1461794,315626207.88
20260818101000000,216.19,216.19,214.92,215.02,1229400,264591384.0
20260818101500000,215.1,215.25,214.71,215.11,1338275,287589853.37
20260818102000000,215.0,215.0,213.75,214.45,1667700,357362946.8
20260818102500000,214.44,214.68,212.61,212.61,2464143,526079541.8
20260818103000000,212.72,213.75,212.7,213.18,1510935,322063025.22
20260818103500000,213.18,214.43,213.01,214.43,1114400,237990102.3
20260818104000000,214.43,214.51,213.56,213.56,655600,140365140.0
20260818104500000,213.62,213.69,212.91,212.91,712500,151896614.0
20260818105000000,212.89,212.89,211.29,211.58,1921458,407133784.54
20260818105500000,211.48,211.73,210.39,210.97,1834800,386967122.92
20260818110000000,211.0,211.0,209.72,209.92,1737196,364912835.78
20260818110500000,209.97,211.5,209.97,210.96,1157300,244135019.0
20260818111000000,210.86,210.86,208.97,209.07,1184270,248359375.6
20260818111500000,209.0,211.0,209.0,211.0,746200,156739617.08
20260818112000000,211.03,212.65,210.32,212.6,852200,180158038.0
20260818112500000,212.4,212.85,211.88,212.85,655516,139135152.4
20260818113000000,212.9,214.19,212.84,212.9,920700,196562862.0
20260818130500000,212.87,212.88,211.05,211.08,603505,128019519.25
20260818131000000,211.07,212.79,211.0,211.8,694455,147116244.82
20260818131500000,211.8,212.0,211.36,211.38,594043,125723414.11
20260818132000000,211.38,212.78,211.21,212.78,530161,112336751.06
20260818132500000,212.79,213.14,211.39,211.61,553800,117506837.0
20260818133000000,211.63,211.93,211.03,211.09,460900,97403682.0
20260818133500000,211.07,211.77,210.39,211.77,599200,126305095.0
20260818134000000,211.77,212.25,211.31,211.73,381400,80749894.0
20260818134500000,211.67,212.5,211.24,212.2,403700,85552070.0
20260818135000000,212.05,212.6,211.66,212.6,337100,71469796.0
20260818135500000,212.68,213.42,212.54,213.2,632800,134858969.0
20260818140000000,213.28,214.38,212.69,212.78,769700,164500797.0
20260818140500000,212.78,213.86,212.78,213.5,414400,88397286.0
20260818141000000,213.38,213.68,212.08,212.09,469800,100068795.39
20260818141500000,212.21,212.6,212.03,212.28,441900,93827338.48
20260818142000000,212.27,212.27,211.98,211.99,488500,103578495.2
20260818142500000,211.97,213.39,211.95,213.39,524900,111691392.0
20260818143000000,213.39,213.94,213.29,213.77,706156,150878791.92
20260818143500000,213.73,214.42,213.25,214.02,1026529,219638611.71
20260818144000000,214.09,214.67,213.89,213.9,1024512,219490999.65
20260818144500000,213.9,214.28,213.68,214.04,796420,170352758.56
20260818145000000,213.95,214.08,213.78,213.81,669300,143182196.81
20260818145500000,213.77,213.91,213.47,213.91,886080,189368022.8
20260818150000000,213.95,213.95,213.77,213.82,1078465,230601534.1
20260819093500000,203.11,205.99,202.11,204.73,6197902,1263804876.37
20260819094000000,205.02,207.4,204.1,207.3,2553932,525842104.76
20260819094500000,207.35,208.55,206.56,207.95,2204790,457950845.5
20260819095000000,207.57,208.87,207.37,208.6,2274074,472872352.39
20260819095500000,208.84,210.89,208.0,209.09,2528536,529598805.33
20260819100000000,209.0,210.0,208.42,208.71,1417668,296368813.6
20260819100500000,208.69,210.88,208.69,209.41,1136178,238610175.96
20260819101000000,209.32,209.5,207.51,208.56,1340850,279190153.78
20260819101500000,208.34,208.34,206.1,206.16,1599007,330911212.03
20260819102000000,206.16,206.3,204.78,205.16,1881393,386717446.9
20260819102500000,205.16,207.0,204.8,206.09,1597800,329361523.0
20260819103000000,206.09,207.47,205.04,205.04,662623,136717319.46
20260819103500000,205.04,205.14,203.52,203.99,1872231,381987388.6
20260819104000000,204.0,204.5,202.87,203.32,1996998,406081793.5
20260819104500000,203.35,205.1,203.35,203.55,847811,173170811.88
20260819105000000,203.55,206.81,203.55,206.81,735700,150964064.0
20260819105500000,206.81,207.4,205.65,205.89,678300,140205735.0
20260819110000000,205.9,207.28,205.83,205.83,554200,114450983.0
20260819110500000,205.86,206.21,204.67,204.9,364268,74897708.16
20260819111000000,204.83,204.88,204.14,204.54,399400,81685169.73
20260819111500000,204.54,204.87,204.41,204.85,448047,91688854.03
20260819112000000,204.87,205.41,203.54,203.61,835900,170803399.0
20260819112500000,203.71,203.71,203.05,203.31,867600,176361289.0
20260819113000000,203.36,203.51,202.23,202.28,1362600,276330529.0
20260819130500000,202.22,202.22,201.0,201.0,2590387,522156423.38
20260819131000000,200.96,200.96,199.3,200.04,2828751,566026858.23
20260819131500000,200.05,200.41,199.1,199.1,1400100,279669039.68
20260819132000000,199.06,199.5,198.87,199.44,1565400,311720323.1
20260819132500000,199.45,202.65,199.45,201.5,1557150,313672117.84
20260819133000000,201.5,202.4,200.4,201.52,790383,159100402.38
20260819133500000,201.5,202.74,200.85,201.8,902013,182201985.12
20260819134000000,201.8,202.13,200.66,202.1,631213,127100998.58
20260819134500000,202.0,202.95,201.5,201.95,681300,137849354.0
20260819135000000,201.97,202.39,200.56,200.76,786350,158205003.08
20260819135500000,201.18,201.18,200.05,200.11,598942,120115675.07
20260819140000000,200.11,200.21,199.01,199.03,1024000,204336412.0
20260819140500000,199.0,199.18,198.38,198.82,1707131,339326015.6
20260819141000000,198.85,199.62,198.41,198.54,915271,181907639.19
20260819141500000,198.54,199.38,198.15,198.69,828550,164698859.5
20260819142000000,198.65,198.65,197.51,198.11,1364321,270144382.62
20260819142500000,198.22,198.46,197.2,197.46,983068,194300134.28
20260819143000000,197.24,197.68,196.8,196.92,1674230,329919661.1
20260819143500000,197.28,197.28,196.12,196.88,1894117,372214411.0
20260819144000000,196.93,196.94,194.98,195.58,3075088,601468612.46
20260819144500000,195.99,196.16,194.29,194.38,2384718,464625597.44
20260819145000000,194.38,197.92,194.38,197.81,2820876,554839793.08
20260819145500000,197.89,198.89,197.36,197.66,2032424,402565922.9
20260819150000000,197.64,197.65,197.0,197.1,1551095,305860950.3
20260820093500000,200.0,200.0,196.58,197.34,4610200,915090443.0
20260820094000000,197.26,199.5,195.2,199.01,3427100,676551716.0
20260820094500000,198.77,200.6,198.76,200.57,2883306,576732697.02
20260820095000000,200.66,201.47,197.99,198.36,2218300,442929558.0
20260820095500000,198.57,200.67,198.57,199.23,1477932,294840449.73
20260820100000000,199.36,200.23,199.0,200.2,1071826,214057675.14
20260820100500000,200.53,201.6,199.25,199.25,1425342,286182572.0
20260820101000000,199.29,200.6,199.2,200.2,1033800,206568081.0
20260820101500000,200.49,200.96,198.9,199.39,1241800,248105761.0
20260820102000000,199.35,199.75,197.8,197.81,1022215,202998808.77
20260820102500000,197.9,198.78,196.97,198.51,1226285,242382823.1
20260820103000000,198.51,199.3,197.61,198.49,789670,156814326.06
20260820103500000,198.58,198.61,197.3,197.43,697374,138021262.14
20260820104000000,197.4,198.58,197.25,198.24,720100,142434638.0
20260820104500000,198.06,199.71,197.86,199.39,668107,132843832.1
20260820105000000,199.6,200.8,199.59,200.02,1323210,264885036.77
20260820105500000,200.0,200.99,199.82,200.95,998589,200314729.73
20260820110000000,200.95,201.81,200.5,200.86,1443100,290470581.48
20260820110500000,200.86,201.49,198.8,198.8,763600,153052999.8
20260820111000000,198.88,199.42,198.6,198.77,778700,154894320.0
20260820111500000,198.96,199.35,198.67,198.72,351282,69888425.12
20260820112000000,198.68,198.77,198.21,198.77,516038,102407070.68
20260820112500000,198.81,200.2,198.81,199.35,425705,84973750.45
20260820113000000,199.43,199.98,199.22,199.8,315600,63012711.58
20260820130500000,199.8,199.8,198.97,199.04,475562,94851921.9
20260820131000000,199.19,199.26,198.3,198.3,450500,89515751.0
20260820131500000,198.3,198.68,197.69,197.69,693510,137419360.44
20260820132000000,197.68,198.08,197.4,197.7,651425,128760659.25
20260820132500000,197.56,198.62,197.39,197.82,490600,97145940.0
20260820133000000,197.71,197.87,197.14,197.14,488900,96524989.68
20260820133500000,197.14,197.3,196.63,196.63,834658,164420737.12
20260820134000000,196.62,196.62,195.6,195.86,1238922,242786220.04
20260820134500000,195.86,197.67,195.78,197.0,954400,187819259.84
20260820135000000,196.9,197.5,196.68,197.12,351700,69302621.0
20260820135500000,197.05,197.11,195.87,195.87,557600,109458692.0
20260820140000000,195.86,195.87,194.4,194.4,1557881,304040607.23
20260820140500000,194.55,195.07,194.01,194.65,1462200,284319433.0
20260820141000000,194.69,195.73,194.64,194.99,787332,153648062.04
20260820141500000,194.99,197.0,194.97,195.6,1345900,264184671.0
20260820142000000,195.55,195.83,194.78,195.16,651900,127255848.0
20260820142500000,195.04,195.04,194.81,194.99,473000,92200385.0
20260820143000000,194.99,195.58,194.51,195.52,719100,140180884.0
20260820143500000,195.56,196.06,195.5,195.86,948700,185690040.0
20260820144000000,195.86,196.23,195.34,196.15,675000,132078868.0
20260820144500000,196.26,197.0,196.26,196.77,1039092,204429531.0
20260820145000000,196.77,197.77,196.66,197.68,1143218,225609383.28
20260820145500000,197.65,197.65,197.01,197.1,1234798,243508070.72
20260820150000000,197.09,197.67,197.01,197.67,1521192,300334031.64
20260821093500000,198.08,200.5,196.5,197.29,3709300,735975579.35
20260821094000000,197.24,198.27,196.12,197.0,1551201,305527796.07
20260821094500000,197.65,200.63,197.04,200.63,2100624,417596436.7
20260821095000000,200.63,201.59,199.97,200.61,2931600,588652696.07
20260821095500000,200.64,201.68,200.26,200.99,1837000,369494169.33
20260821100000000,200.99,201.3,199.88,201.3,1231483,246925522.87
20260821100500000,201.33,202.12,200.01,202.11,2145947,432284821.43
20260821101000000,202.11,204.33,202.11,204.33,3446855,701910049.6
20260821101500000,204.65,204.99,203.55,204.41,2353062,480685779.14
20260821102000000,204.51,205.0,202.84,203.1,1620023,330563960.09
20260821102500000,202.78,202.97,201.44,201.86,1517429,306714389.45
20260821103000000,201.96,203.96,201.74,202.1,1249881,253253802.97
20260821103500000,201.98,202.84,201.2,201.32,1057800,213480551.76
20260821104000000,201.31,202.23,200.75,200.75,1193200,240212242.0
20260821104500000,200.78,201.16,199.63,201.0,1054873,211289537.97
20260821105000000,201.06,201.92,201.06,201.32,471800,95077501.0
20260821105500000,201.36,203.98,201.27,203.6,913585,185388551.57
20260821110000000,203.63,204.26,202.59,202.59,1322622,269257018.35
20260821110500000,202.58,203.48,201.63,202.04,939923,190227677.06
20260821111000000,202.02,202.26,201.63,201.67,456300,92082116.0
20260821111500000,201.71,201.71,201.15,201.36,441100,88826684.0
20260821112000000,201.36,202.42,201.25,201.25,431000,86960543.0
20260821112500000,201.25,202.8,200.79,202.64,584300,117807090.0
20260821113000000,202.59,202.98,202.08,202.1,385400,78072314.0
20260821130500000,202.22,203.18,202.0,203.05,724500,146844443.0
20260821131000000,203.04,203.24,201.6,202.25,526202,106529585.9
20260821131500000,202.26,203.44,202.26,203.44,460065,93350331.1
20260821132000000,203.49,203.8,202.8,203.8,815367,165844976.72
20260821132500000,203.8,203.89,202.4,202.99,472899,95985202.78
20260821133000000,203.0,203.6,202.72,203.07,408000,82907982.0
20260821133500000,203.05,203.09,201.75,201.75,528400,106867655.0
20260821134000000,201.72,202.5,201.36,201.36,548300,110688451.9
20260821134500000,201.33,201.68,201.11,201.11,472000,95040426.0
20260821135000000,201.12,201.62,200.7,201.62,603346,121359237.2
20260821135500000,201.58,201.58,200.6,200.61,504500,101425379.54
20260821140000000,200.61,201.2,200.58,200.73,564723,113474611.95
20260821140500000,200.7,200.7,199.61,199.61,978400,195877079.94
20260821141000000,199.6,200.6,199.6,200.51,637403,127577317.96
20260821141500000,200.52,201.03,200.52,201.0,701200,140804126.0
20260821142000000,201.0,201.28,200.59,201.16,472100,94862525.0
20260821142500000,201.18,201.92,201.03,201.68,564600,113752948.0
20260821143000000,201.7,202.48,201.7,202.03,631817,127671370.94
20260821143500000,202.01,202.3,201.5,201.67,653600,132001806.12
20260821144000000,201.68,202.1,201.51,202.01,703927,142085442.2
20260821144500000,202.02,202.03,201.58,201.74,811201,163750360.76
20260821145000000,201.72,201.73,201.1,201.43,941700,189563310.87
20260821145500000,201.24,201.36,201.13,201.21,1523600,306662631.0
20260821150000000,201.28,201.28,201.02,201.08,1435266,288617517.78
