time,open,high,low,close,volume,amount
20220701100000000,22.40701256,22.66108248,22.14317072,22.30929336,5103260,116913430.0
20220701103000000,22.28974952,22.35815296,22.14317072,22.30929336,2552100,58129097.0
20220701110000000,22.29952144,22.475416,22.1822584,22.19203032,1584045,36203746.0
20220701113000000,22.19203032,22.31906528,22.16271456,22.16271456,863700,19661558.0
20220701133000000,22.16271456,22.22134608,21.98682,22.16271456,1528491,34610493.0
20220701140000000,22.16271456,22.16271456,21.742522,21.89887272,4604021,103052108.0
20220701143000000,21.87932888,21.98682,21.72297816,21.95750424,3553241,79360432.0
20220701150000000,21.94773232,22.0356796,21.86955696,21.9379604,2803346,63009792.0
20220704100000000,22.27020568,22.27020568,21.009628,21.21483832,11277726,245257883.0
20220704103000000,21.21483832,21.50799592,21.19529448,21.46890824,4645400,101349829.0
20220704110000000,21.46890824,21.76206584,21.42004864,21.42004864,3330800,73593776.0
20220704113000000,21.4493644,21.6448028,21.42004864,21.5959432,2642630,58223600.0
20220704133000000,21.5959432,21.5959432,21.39073288,21.41027672,3331263,73137904.0
20220704140000000,21.41027672,21.498224,21.253926,21.27346984,3276600,71652672.0
20220704143000000,21.28324176,21.43959248,21.21483832,21.42982056,2977169,64980112.0
20220704150000000,21.42004864,21.63503088,21.42004864,21.55685552,2760435,60836976.0
20220705100000000,21.67411856,21.8891008,21.12689104,21.17575064,6309770,138099846.0
20220705103000000,21.13666296,21.14643488,20.87282112,21.009628,4489622,96579128.0
20220705110000000,20.99008416,21.04871568,20.6187512,20.65783888,7335150,156128162.0
20220705113000000,20.64806696,20.83373344,20.54057584,20.77510192,4499346,95240640.0
20220705133000000,20.77510192,20.90213688,20.57966352,20.59920736,3475905,73753120.0
20220705140000000,20.59920736,20.69692656,20.4233128,20.56011968,7842776,164774224.0
20220705143000000,20.56011968,20.87282112,20.54057584,20.8630492,2317758,49201040.0
20220705150000000,20.88259304,21.3027856,20.8141896,21.11711912,6613686,142638032.0
20220706100000000,21.1073472,21.4493644,21.009628,21.13666296,6675985,145117730.0
20220706103000000,21.11711912,21.2050664,20.95099648,21.08780336,4822300,104012146.0
20220706110000000,21.06825952,21.24415408,21.03894376,21.14643488,2461512,53294892.0
20220706113000000,21.18552256,21.3516452,21.12689104,21.17575064,2059737,44725920.0
20220706133000000,21.19529448,21.3027856,21.12689104,21.27346984,1831900,39809904.0
20220706140000000,21.24415408,21.4005048,21.18552256,21.29301368,3203600,69821504.0
20220706143000000,21.29301368,21.32232944,21.08780336,21.13666296,2787400,60460944.0
20220706150000000,21.13666296,21.33210136,21.09757528,21.23438216,3615554,78525008.0
20220707100000000,21.1073472,21.27346984,20.76533,20.8630492,3613010,77489002.0
20220707103000000,20.89236496,21.2050664,20.8141896,21.07803144,2385601,51300388.0
20220707110000000,21.07803144,21.11711912,20.92168072,20.92168072,1918772,41297569.0
20220707113000000,20.92168072,21.253926,20.80441768,21.21483832,2970316,63734792.0
20220707133000000,21.21483832,21.38096096,21.2050664,21.2050664,1930900,42031673.0
20220707140000000,21.19529448,21.50799592,21.13666296,21.498224,2990077,65288288.0
20220707143000000,21.498224,21.50799592,21.19529448,21.34187328,2497500,54535536.0
20220707150000000,21.3516452,21.39073288,21.28324176,21.32232944,2926483,63898832.0
20220708100000000,21.498224,22.00636384,21.31255752,21.60571512,8399526,186887596.0
20220708103000000,21.60571512,21.76206584,21.253926,21.75229392,3648111,80346700.0
20220708110000000,21.76206584,21.81092544,21.43959248,21.5959432,1873100,41396248.0
20220708113000000,21.57639936,21.71320624,21.498224,21.498224,1004572,22212384.0
20220708133000000,21.56662744,21.56662744,21.31255752,21.34187328,1711128,37498752.0
20220708140000000,21.34187328,21.4005048,21.253926,21.3516452,1420567,30988400.0
20220708143000000,21.3516452,21.48845208,21.34187328,21.39073288,1142800,25054384.0
20220708150000000,21.37118904,21.42004864,21.24415408,21.26369792,2246700,49030192.0
20220711100000000,20.76533,21.19529448,20.55034776,20.5698916,5569300,118697988.0
20220711103000000,20.5698916,20.62852312,20.3255936,20.39399704,6035643,126366867.0
20220711110000000,20.39399704,20.43308472,20.24741824,20.26696208,2477758,51618313.0
20220711113000000,20.26696208,20.43308472,20.26696208,20.41354088,1256867,26179856.0
20220711133000000,20.3744532,20.43308472,20.18878672,20.21810248,2103700,43650784.0
20220711140000000,20.19855864,20.4233128,20.1790148,20.276734,1543800,32075072.0
20220711143000000,20.276734,20.46240048,20.26696208,20.46240048,1078800,22461104.0
20220711150000000,20.46240048,20.5698916,20.38422512,20.44285664,3185091,66760560.0
20220712100000000,20.6187512,20.77510192,20.3744532,20.58943544,3099260,65223664.0
20220712103000000,20.58943544,21.13666296,20.54057584,20.62852312,3884250,82815913.0
20220712110000000,20.63829504,20.80441768,20.58943544,20.73601424,1389600,29390713.0
20220712113000000,20.74578616,20.74578616,20.45262856,20.48194432,1195700,25130291.0
20220712133000000,20.46240048,20.79464576,20.40376896,20.74578616,1678301,35354500.0
20220712140000000,20.74578616,20.74578616,20.44285664,20.46240048,1422498,29953432.0
20220712143000000,20.46240048,20.49171624,20.3744532,20.3744532,2159933,45178943.0
20220712150000000,20.35490936,20.60897928,20.33536552,20.45262856,2177517,45491360.0
20220713100000000,20.50148816,20.67738272,20.04220792,20.35490936,3468951,71944537.0
20220713103000000,20.3744532,20.49171624,20.24741824,20.45262856,1332000,27769133.0
20220713110000000,20.45262856,20.65783888,20.44285664,20.521032,1241100,26091426.0
20220713113000000,20.521032,20.56011968,20.4233128,20.4233128,767100,16082533.0
20220713133000000,20.43308472,20.48194432,20.26696208,20.29627784,1253366,26110236.0
20220713140000000,20.29627784,20.30604976,20.14969904,20.14969904,1803734,37303141.0
20220713143000000,20.15947096,20.15947096,19.9835764,20.06175176,3806496,78097378.0
20220713150000000,20.06175176,20.12038328,19.99334832,20.11061136,5564546,114137984.0
20220714100000000,20.05197984,20.3744532,19.81745376,20.23764632,3484422,71856805.0
20220714103000000,20.23764632,20.48194432,20.21810248,20.4721724,2363004,49276203.0
20220714110000000,20.4721724,20.5698916,20.33536552,20.46240048,4099400,85809043.0
20220714113000000,20.45262856,20.51126008,20.26696208,20.33536552,3696000,77081453.0
20220714133000000,20.3255936,20.5698916,20.3255936,20.50148816,2673303,56008048.0
20220714140000000,20.51126008,20.521032,20.34513744,20.521032,1888603,39468128.0
20220714143000000,20.521032,20.60897928,20.44285664,20.48194432,2527955,53090592.0
20220714150000000,20.4721724,20.59920736,20.36468128,20.53080392,3244115,68067456.0
20220715100000000,20.59920736,21.39073288,20.49171624,21.39073288,8339981,179116372.0
20220715103000000,21.39073288,21.98682,21.3516452,21.78160968,10451087,231596380.0
20220715110000000,21.742522,22.5731352,21.72297816,22.5242756,12883488,294445104.0
20220715113000000,22.55359136,22.58290712,22.40701256,22.5731352,14222541,328433424.0
20220715133000000,22.5242756,22.5242756,22.36792488,22.41678448,4490447,103157040.0
20220715140000000,22.41678448,22.4265564,22.17248648,22.27020568,2830600,64567120.0
20220715143000000,22.2799776,22.33860912,22.11385496,22.26043376,2347879,53465344.0
20220715150000000,22.25066184,22.28974952,21.90864464,22.00636384,5816352,131499024.0
20220718100000000,22.00636384,22.8662928,21.91841656,22.5242756,17151293,393812752.0
20220718103000000,22.56336328,22.65131056,22.05522344,22.29952144,4730401,107499664.0
20220718110000000,22.2799776,22.44610024,22.0845392,22.34838104,2785087,63486784.0
20220718113000000,22.36792488,22.51450368,22.2799776,22.3776968,1928436,44192032.0
20220718133000000,22.41678448,22.475416,22.17248648,22.20180224,1822446,41635712.0
20220718140000000,22.21157416,22.21157416,21.95750424,22.16271456,4042564,91278672.0
20220718143000000,22.16271456,22.17248648,21.98682,21.98682,2178300,49183200.0
20220718150000000,21.99659192,22.0356796,21.8891008,22.0356796,4134202,93030016.0
20220719100000000,22.0356796,22.5242756,21.92818848,22.45587216,4128300,93720835.0
20220719103000000,22.46564408,22.8174332,22.3288372,22.59267904,5642002,130468604.0
20220719110000000,22.61222288,22.66108248,22.41678448,22.475416,2705150,62388433.0
20220719113000000,22.475416,22.6219948,22.28974952,22.36792488,1582300,36394432.0
20220719133000000,22.31906528,22.41678448,22.20180224,22.26043376,2412500,55123520.0
20220719140000000,22.26043376,22.3776968,22.20180224,22.28974952,978900,22354896.0
20220719143000000,22.29952144,22.49495984,22.26043376,22.46564408,1437000,32927216.0
20220719150000000,22.46564408,22.475416,22.33860912,22.35815296,2485604,56939232.0
20220720100000000,22.58290712,23.6480464,22.58290712,22.78811744,13937616,330803600.0
20220720103000000,22.7685736,22.964012,22.5731352,22.83697704,3093122,71982816.0
20220720110000000,22.83697704,23.05195928,22.74902976,22.74902976,2668200,62593776.0
20220720113000000,22.74902976,22.89560856,22.70017016,22.7685736,1005900,23435488.0
20220720133000000,22.93469624,23.14967848,22.719714,22.99332776,3003200,70518464.0
20220720140000000,22.99332776,23.37443264,22.94446816,23.2571696,3228100,76731632.0
20220720143000000,23.24739768,23.7457656,23.17899424,23.73599368,7607104,183407664.0
20220720150000000,23.72622176,23.73599368,23.44283608,23.68713408,5700766,137788368.0
20220721100000000,23.68713408,24.2343616,23.53078336,24.02915128,9193182,225466824.0
20220721103000000,24.0389232,24.0389232,23.76530944,23.85325672,2773317,67833880.0
20220721110000000,23.8434848,23.8434848,23.33534496,23.49169568,4499170,108362304.0
20220721113000000,23.49169568,23.5503272,23.42329224,23.42329224,1568838,37712576.0
20220721133000000,23.43306416,23.43306416,23.16922232,23.27671344,2326841,55446560.0
20220721140000000,23.26694152,23.26694152,23.07150312,23.13990656,2630000,62352304.0
20220721143000000,23.14967848,23.3548888,23.13013464,23.27671344,2484674,59111440.0
20220721150000000,23.27671344,23.33534496,23.09104696,23.1105908,3384324,80338592.0
20220722100000000,22.99332776,23.5014676,22.99332776,23.04218736,4166291,98909699.0
20220722103000000,23.04218736,23.2571696,22.92492432,23.2571696,2085400,49169577.0
20220722110000000,23.28648536,23.28648536,22.94446816,22.99332776,978800,23107194.0
20220722113000000,22.99332776,23.00309968,22.75880168,22.8174332,1530735,35843083.0
20220722133000000,22.79788936,23.0617312,22.68062632,22.75880168,1432965,33523542.0
20220722140000000,22.75880168,22.79788936,22.475416,22.6708544,3622674,83797001.0
20220722143000000,22.69039824,22.79788936,22.60245096,22.78811744,1589300,36929888.0
20220722150000000,22.78811744,23.02264352,22.78811744,22.90538048,2560638,60105136.0
20220725100000000,22.964012,23.5503272,22.73925784,23.10081888,5813735,138083194.0
20220725103000000,23.13990656,23.3060292,22.964012,23.29625728,1793303,42439381.0
20220725110000000,23.28648536,23.36466072,23.00309968,23.07150312,2103024,50020361.0
20220725113000000,23.07150312,23.27671344,22.88583664,22.93469624,1854500,43715624.0
20220725133000000,22.95424008,23.1105908,22.83697704,22.87606472,3589700,84377840.0
20220725140000000,22.87606472,22.92492432,22.6219948,22.74902976,2599500,60573696.0
20220725143000000,22.75880168,22.85652088,22.68062632,22.70994208,2243700,52271552.0
20220725150000000,22.72948592,22.79788936,22.5731352,22.70017016,3746804,87067200.0
20220726100000000,22.70017016,22.8662928,22.40701256,22.66108248,2972000,68687171.0
20220726103000000,22.65131056,22.99332776,22.55359136,22.88583664,1774056,41415784.0
20220726110000000,22.87606472,22.95424008,22.77834552,22.8174332,1102700,25798625.0
20220726113000000,22.78811744,22.8662928,22.70017016,22.72948592,1573100,36672134.0
20220726133000000,22.74902976,22.75880168,22.4265564,22.49495984,2411574,55642552.0
20220726140000000,22.49495984,22.5242756,22.38746872,22.45587216,2170400,49874726.0
20220726143000000,22.46564408,22.56336328,22.39724064,22.46564408,1791500,41182928.0
20220726150000000,22.45587216,22.53404752,22.38746872,22.5242756,2484830,57088528.0
20220727100000000,22.475416,22.6708544,22.28974952,22.475416,2364999,54308384.0
20220727103000000,22.46564408,22.61222288,22.28974952,22.54381944,1664555,38293316.0
20220727110000000,22.5242756,22.55359136,22.35815296,22.49495984,1028000,23620242.0
20220727113000000,22.49495984,23.13013464,22.4265564,22.74902976,3328653,77628485.0
20220727133000000,22.74902976,22.74902976,22.49495984,22.61222288,2157062,49927892.0
20220727140000000,22.61222288,23.49169568,22.60245096,23.37443264,5858711,138965745.0
20220727143000000,23.34511688,23.41352032,23.04218736,23.0617312,2420000,57657568.0
20220727150000000,23.0617312,23.1105908,22.98355584,23.05195928,2399284,56573280.0
20220728100000000,23.49169568,24.9672556,23.49169568,24.90862408,24315880,608054192.0
20220728103000000,24.87930832,25.3581324,24.8695364,25.3581324,23535512,608630336.0
20220728110000000,25.3581324,25.3581324,25.29950088,25.3581324,5683326,147423936.0
20220728113000000,25.3581324,25.3581324,25.3581324,25.3581324,631800,16395216.0
20220728133000000,25.3581324,25.3581324,25.3581324,25.3581324,1017050,26392448.0
20220728140000000,25.3581324,25.3581324,25.3581324,25.3581324,666000,17282704.0
20220728143000000,25.3581324,25.3581324,25.3581324,25.3581324,1401000,36355952.0
20220728150000000,25.3581324,25.3581324,25.3581324,25.3581324,1009939,26207904.0
20220729100000000,25.8467284,26.56985048,25.43630776,26.0910264,30631771,820788208.0
20220729103000000,26.0910264,26.79460464,26.01285104,26.10079832,13128363,353443648.0
20220729110000000,26.0910264,26.36464016,26.00307912,26.2376052,5447550,145822272.0
20220729113000000,26.21806136,26.30600864,26.0421668,26.1887456,4231912,113504992.0
20220729133000000,26.17897368,26.27669288,25.91513184,26.0910264,4228031,112963984.0
20220729140000000,26.08125448,26.40372784,26.07148256,26.384184,5164072,138847728.0
20220729143000000,26.384184,26.41349976,26.0910264,26.1887456,3659289,98419120.0
20220729150000000,26.1887456,26.26692096,26.03239488,26.10079832,5138949,137613792.0
20220801100000000,27.20502528,28.70990096,26.87278,28.59263792,42222541,1201925840.0
20220801103000000,28.59263792,28.70990096,28.2897084,28.51446256,20054025,586157296.0
20220801110000000,28.51446256,28.6317256,28.39719952,28.50469064,4422700,129214272.0
20220801113000000,28.50469064,28.52423448,27.92814736,27.98677888,5777750,167178144.0
20220801133000000,27.98677888,28.1919892,27.69362128,28.16267344,8037972,229357376.0
20220801140000000,28.16267344,28.39719952,28.0454104,28.30925224,6862552,198233872.0
20220801143000000,28.30925224,28.34833992,28.00632272,28.10404192,6384952,184292176.0
20220801150000000,28.10404192,28.338568,27.9965508,28.10404192,8098393,233543184.0
20220802100000000,27.63498976,28.66104136,27.1659376,28.6317256,22644679,643735728.0
20220802103000000,28.6317256,28.90533936,28.2408488,28.49491872,11763143,344078128.0
20220802110000000,28.4851468,28.56332216,28.0454104,28.17244536,5549020,160337264.0
20220802113000000,28.18221728,28.2408488,27.73270896,27.77179664,2686330,77038768.0
20220802133000000,27.66430552,28.51446256,27.66430552,28.47537488,4139616,119202544.0
20220802140000000,28.4851468,28.50469064,28.22130496,28.29948032,3815022,110670176.0
20220802143000000,28.31902416,28.6805852,28.10404192,28.40697144,6807950,198195184.0
20220802150000000,28.3874276,28.4362872,28.09427,28.1431296,5563305,160735952.0
20220803100000000,28.2408488,28.81739208,27.849972,28.02586656,13215586,382288528.0
20220803103000000,28.02586656,28.46560296,27.81088432,28.39719952,5836161,168062048.0
20220803110000000,28.40697144,28.41674336,27.72293704,27.78156856,4298450,122995408.0
20220803113000000,27.77179664,28.00632272,27.64476168,27.98677888,3377689,96024992.0
20220803133000000,27.9965508,28.02586656,27.44932328,27.54704248,4125319,117082784.0
20220803140000000,27.54704248,27.64476168,27.23434104,27.25388488,5936000,166465360.0
20220803143000000,27.27342872,27.37114792,26.83369232,26.88255192,6144800,170467504.0
20220803150000000,26.89232384,26.98027112,26.56007856,26.64802584,11427008,312836880.0
20220804100000000,27.02913072,27.24411296,25.97376336,26.96072728,13637512,371196656.0
20220804103000000,26.94118344,27.44932328,26.81414848,27.09753416,6509508,180916800.0
20220804110000000,27.09753416,27.23434104,26.85323616,26.86300808,2834600,78530384.0
20220804113000000,26.86300808,27.07799032,26.61871008,26.7262012,2815297,77201408.0
20220804133000000,26.75551696,26.87278,26.50144704,26.76528888,3980950,108682160.0
20220804140000000,26.75551696,26.98027112,26.65779776,26.78483272,2161724,59319840.0
20220804143000000,26.78483272,26.96072728,26.75551696,26.95095536,2282088,62727216.0
20220804150000000,26.9704992,27.2147972,26.8239204,27.0193588,3706813,102269632.0
20220805100000000,27.38091984,27.605674,26.89232384,27.0682184,10105550,282129600.0
20220805103000000,27.05844648,27.08776224,26.628482,26.87278,3646315,100027856.0
20220805110000000,26.88255192,26.95095536,26.68711352,26.76528888,1624700,44603344.0
20220805113000000,26.76528888,26.78483272,26.4819032,26.7262012,2852150,77775344.0
20220805133000000,26.71642928,26.7262012,26.2376052,26.35486824,3504166,94788976.0
20220805140000000,26.35486824,26.44281552,26.00307912,26.3353244,4370882,117208320.0
20220805143000000,26.36464016,26.50144704,26.20828944,26.35486824,2891500,78030640.0
20220805150000000,26.35486824,26.59916624,26.35486824,26.47213128,4483304,121563648.0
20220808100000000,26.60893816,26.60893816,25.406992,26.00307912,8845449,235693248.0
20220808103000000,26.00307912,26.5796224,26.00307912,26.4819032,6913116,186436096.0
20220808110000000,26.4819032,26.4819032,26.13011408,26.13011408,2413550,65044848.0
20220808113000000,26.13011408,26.4819032,26.13011408,26.4819032,1376800,37045072.0
20220808133000000,26.40372784,26.6773416,26.384184,26.41349976,1657300,44997376.0
20220808140000000,26.39395592,26.628482,26.26692096,26.628482,2494076,67525920.0
20220808143000000,26.628482,26.8239204,26.5796224,26.79460464,4268415,116734224.0
20220808150000000,26.78483272,27.22456912,26.78483272,26.81414848,9543100,263825168.0
20220809100000000,26.70665736,26.99004304,26.19851752,26.47213128,4947380,134447174.0
20220809103000000,26.4819032,26.56007856,26.2864648,26.56007856,2397800,64811086.0
20220809110000000,26.56007856,26.56007856,26.27669288,26.32555248,2181986,58853617.0
20220809113000000,26.32555248,26.63825392,26.30600864,26.58939432,2263900,61304411.0
20220809133000000,26.63825392,27.0682184,26.44281552,26.98027112,3543568,97221312.0
20220809140000000,26.93141152,27.02913072,26.47213128,26.47213128,2901057,79433824.0
20220809143000000,26.46235936,26.84346424,26.46235936,26.69688544,1554433,42460656.0
20220809150000000,26.71642928,26.87278,26.6773416,26.79460464,2919700,80094128.0
20220810100000000,26.70665736,26.75551696,26.14965792,26.19851752,5544404,149695824.0
20220810103000000,26.1887456,26.24737712,25.86627224,25.98353528,5970451,159126624.0
20220810110000000,26.00307912,26.20828944,25.9444476,26.0910264,2816489,75142384.0
20220810113000000,26.08125448,26.10079832,25.75878112,25.76855304,5186534,137374832.0
20220810133000000,25.7001496,26.2376052,25.65129,26.16920176,4188600,111288000.0
20220810140000000,26.15942984,26.2864648,26.15942984,26.17897368,1859260,49903600.0
20220810143000000,26.17897368,26.17897368,25.86627224,25.92490376,2356452,62664880.0
20220810150000000,25.92490376,26.03239488,25.87604416,26.02262296,2015854,53556592.0
20220811100000000,26.39395592,27.3125164,26.26692096,26.95095536,11611298,319023360.0
20220811103000000,26.9704992,27.04867456,26.39395592,26.59916624,3839624,104607936.0
20220811110000000,26.59916624,27.117078,26.52099088,27.07799032,4498850,123813232.0
20220811113000000,27.08776224,27.30274448,26.9704992,27.30274448,3801527,105598720.0
20220811133000000,27.32228832,27.5568144,27.02913072,27.33206024,5809935,162586896.0
20220811140000000,27.34183216,27.43955136,27.15616568,27.37114792,3805087,106281840.0
20220811143000000,27.361376,27.849972,27.3125164,27.64476168,6744660,190637184.0
20220811150000000,27.6545336,27.7522528,27.43955136,27.57635824,5369906,151684928.0
20220812100000000,27.605674,28.0454104,27.2147972,27.64476168,8137391,229130757.0
20220812103000000,27.61544592,27.8988316,27.4590952,27.52749864,4599733,130242411.0
20220812110000000,27.52749864,27.7522528,27.3125164,27.7522528,2697300,75947296.0
20220812113000000,27.8011124,27.849972,27.38091984,27.4102356,2184856,61839648.0
20220812133000000,27.4102356,27.5079548,27.32228832,27.38091984,1399187,39219504.0
20220812140000000,27.38091984,27.38091984,27.05844648,27.07799032,2460813,68500816.0
20220812143000000,27.0682184,27.18548144,26.9216396,26.9216396,3991785,110382800.0
20220812150000000,26.9216396,26.99981496,26.7262012,26.89232384,3513557,96717648.0
20220815100000000,26.42327168,27.23434104,26.2864648,27.2147972,5903158,161363757.0
20220815103000000,27.22456912,27.24411296,26.60893816,26.87278,3811712,104854716.0
20220815110000000,26.87278,26.9216396,26.55030664,26.79460464,1926300,52663031.0
20220815113000000,26.7750608,26.87278,26.65779776,26.70665736,1175597,32178976.0
20220815133000000,26.73597312,26.79460464,26.56985048,26.70665736,1772923,48383584.0
20220815140000000,26.70665736,26.95095536,26.61871008,26.87278,2418684,66309136.0
20220815143000000,26.84346424,26.96072728,26.65779776,26.74574504,1686618,46287312.0
20220815150000000,26.74574504,26.79460464,26.56007856,26.71642928,2476020,67665776.0
20220816100000000,26.49167512,26.83369232,26.27669288,26.65779776,3484924,94605992.0
20220816103000000,26.65779776,28.2408488,26.65779776,27.87928776,9786170,276178296.0
20220816110000000,27.87928776,27.90860352,27.4590952,27.52749864,3485292,98651040.0
20220816113000000,27.51772672,27.61544592,27.32228832,27.4590952,1414660,39744640.0
20220816133000000,27.4590952,27.4590952,27.13662184,27.17570952,1776840,49634544.0
20220816140000000,27.17570952,27.29297256,27.08776224,27.14639376,1539780,42838336.0
20220816143000000,27.12684992,27.19525336,26.98027112,26.98027112,1533144,42504192.0
20220816150000000,26.9704992,27.18548144,26.9704992,27.14639376,2228922,61818192.0
20220817100000000,27.23434104,28.12358576,26.9704992,28.03563848,6184924,174433327.0
20220817103000000,27.98677888,28.6317256,27.8988316,28.37765568,9861935,285547745.0
20220817110000000,28.3874276,29.63823336,28.26039264,29.38416344,11794212,349533968.0
20220817113000000,29.37439152,29.39393536,28.83693592,28.9248832,3229295,96078496.0
20220817133000000,28.9248832,29.45256688,28.8760236,28.9248832,3710781,110475488.0
20220817140000000,28.93465512,29.4134792,28.8760236,29.4134792,3100009,92250320.0
20220817143000000,29.42325112,29.57960184,29.05191816,29.14963736,3647145,109363552.0
20220817150000000,29.15940928,29.39393536,29.0226024,29.2180408,4248373,126924080.0
20220818100000000,29.08123392,29.2180408,28.0454104,29.2180408,16175791,474276992.0
20220818103000000,29.19849696,29.5111984,29.05191816,29.27667232,6552538,196167712.0
20220818110000000,29.28644424,29.74572448,29.20826888,29.50142648,5265429,158523952.0
20220818113000000,29.43302304,29.8532156,29.34507576,29.5111984,5267839,160062016.0
20220818133000000,29.49165456,29.50142648,29.18872504,29.31576,2141981,64265024.0
20220818140000000,29.31576,29.61868952,29.19849696,29.2180408,2127098,64013232.0
20220818143000000,29.2180408,29.42325112,29.2180408,29.2180408,1643891,49326896.0
20220818150000000,29.2180408,29.44279496,29.13986544,29.31576,2614203,78340848.0
20220819100000000,29.54051416,29.62846144,28.9248832,28.95419896,5828007,174184106.0
20220819103000000,28.93465512,29.03237432,28.6317256,28.64149752,3467692,102105190.0
20220819110000000,28.6317256,28.99328664,28.60240984,28.9248832,1941749,57060160.0
20220819113000000,28.9248832,29.25712848,28.91511128,29.1691812,2320176,69148400.0
20220819133000000,29.1203216,29.2669004,28.86625168,28.9248832,1426700,42347024.0
20220819140000000,28.9248832,29.28644424,28.88579552,29.08123392,2756022,82024400.0
20220819143000000,29.08123392,29.23758464,29.0226024,29.14963736,2892744,86260096.0
20220819150000000,29.14963736,29.1691812,28.93465512,29.10077776,4006845,119304400.0
20220822100000000,29.10077776,30.85972336,28.70012904,30.69360072,13527502,415031664.0
20220822103000000,30.67405688,30.781548,29.9509348,30.02911016,6003564,187273056.0
20220822110000000,30.05842592,30.1952328,29.6089176,29.6089176,2904727,88988976.0
20220822113000000,29.6089176,29.804356,29.37439152,29.47211072,2756300,83260784.0
20220822133000000,29.50142648,29.7554964,29.31576,29.4623388,2042350,61594704.0
20220822140000000,29.4623388,29.6089176,29.24735656,29.3646196,2043900,61497056.0
20220822143000000,29.3646196,29.39393536,29.2669004,29.31576,1843977,55335472.0
20220822150000000,29.35484768,29.5111984,29.31576,29.5111984,2202820,66296320.0
20220823100000000,29.37439152,29.91184712,28.827164,29.71640872,4535991,136940190.0
20220823103000000,29.71640872,29.804356,29.31576,29.48188264,2021900,61260997.0
20220823110000000,29.48188264,29.59914568,29.10077776,29.13986544,1778500,53270043.0
20220823113000000,29.13986544,29.43302304,29.071462,29.32553192,2111500,63044450.0
20220823133000000,29.33530384,29.39393536,29.04214624,29.11054968,2591444,77347360.0
20220823140000000,29.10077776,29.2180408,28.9248832,29.06169008,3590814,106756560.0
20220823143000000,29.06169008,29.09100584,28.81739208,28.83693592,3038000,89917408.0
20220823150000000,28.84670784,28.93465512,28.7783044,28.93465512,2763773,81596784.0
20220824100000000,28.95419896,29.0226024,27.8011124,27.9965508,5930993,171701566.0
20220824103000000,27.98677888,28.31902416,27.96723504,28.18221728,3812533,109723426.0
20220824110000000,28.20176112,28.22130496,27.7522528,27.79134048,4791619,136963104.0
20220824113000000,27.8011124,27.92814736,27.49818288,27.57635824,4101561,116184384.0
20220824133000000,27.5568144,27.63498976,27.30274448,27.605674,5249509,147456336.0
20220824140000000,27.58613016,28.16267344,27.49818288,28.03563848,5205766,148878480.0
20220824143000000,28.03563848,28.09427,27.49818288,27.5568144,3462100,98245744.0
20220824150000000,27.5568144,27.77179664,27.43955136,27.59590208,3735976,105421968.0
20220825100000000,27.62521784,28.12358576,27.30274448,27.849972,4555600,128790887.0
20220825103000000,27.849972,27.87928776,26.9704992,27.49818288,4763888,133418944.0
20220825110000000,27.49818288,27.79134048,27.40046368,27.61544592,2955593,83544889.0
20220825113000000,27.61544592,27.61544592,27.1659376,27.25388488,1199300,33591536.0
20220825133000000,27.30274448,27.49818288,26.89232384,26.94118344,2673000,74155040.0
20220825140000000,26.91186768,27.02913072,26.7750608,26.87278,2496008,68754528.0
20220825143000000,26.87278,27.17570952,26.75551696,27.14639376,2792215,76983824.0
20220825150000000,27.14639376,27.605674,27.08776224,27.39069176,3577089,100346960.0
20220826100000000,27.605674,28.49491872,27.35160408,27.7522528,5451106,155596032.0
20220826103000000,27.78156856,27.97700696,27.51772672,27.605674,1717300,48738728.0
20220826110000000,27.605674,27.64476168,27.35160408,27.39069176,1579400,44393729.0
20220826113000000,27.39069176,27.39069176,27.1659376,27.2147972,1917083,53547703.0
20220826133000000,27.18548144,27.25388488,26.93141152,27.10730608,1801400,49949664.0
20220826140000000,27.10730608,27.17570952,26.99004304,27.0193588,858900,23794352.0
20220826143000000,27.02913072,27.04867456,26.60893816,26.6773416,3209000,88093984.0
20220826150000000,26.6773416,26.73597312,26.59916624,26.70665736,3715847,101413008.0
20220829100000000,26.39395592,27.25388488,26.1887456,26.94118344,4413600,121610662.0
20220829103000000,26.99004304,27.117078,26.384184,26.5307628,3288662,89798243.0
20220829110000000,26.5307628,26.80437656,26.42327168,26.7262012,1717200,46701678.0
20220829113000000,26.71642928,27.14639376,26.71642928,26.93141152,1976514,54477529.0
20220829133000000,26.93141152,26.95095536,26.76528888,26.9216396,887700,24398704.0
20220829140000000,26.9216396,26.99981496,26.87278,26.89232384,857800,23633664.0
20220829143000000,26.89232384,26.9216396,26.73597312,26.79460464,1024829,28137216.0
20220829150000000,26.80437656,26.81414848,26.6773416,26.75551696,1415360,38695344.0
20220830100000000,26.70665736,26.98027112,26.29623672,26.80437656,2067548,56281573.0
20220830103000000,26.81414848,27.15616568,26.76528888,26.89232384,2321700,64109340.0
20220830110000000,26.88255192,26.99004304,26.42327168,26.4330436,1582606,43144766.0
20220830113000000,26.44281552,26.51121896,26.2376052,26.30600864,1716637,46296535.0
20220830133000000,26.30600864,26.45258744,26.1887456,26.3353244,1775840,47783398.0
20220830140000000,26.3353244,26.46235936,26.2376052,26.3353244,674100,18164164.0
20220830143000000,26.30600864,26.5796224,26.30600864,26.4819032,1025200,27797632.0
20220830150000000,26.4819032,26.56007856,26.4330436,26.51121896,1211815,32864832.0
20220831100000000,26.2376052,26.83369232,25.61220232,25.62197424,3528961,94206255.0
20220831103000000,25.64151808,25.71969344,25.2604132,25.406992,4633056,120787285.0
20220831110000000,25.406992,25.85650032,25.37767624,25.42653584,2104900,55141196.0
20220831113000000,25.42653584,25.48516736,25.0161152,25.2115536,2724200,70508352.0
20220831133000000,25.2115536,25.48516736,25.05520288,25.42653584,5319714,137367760.0
20220831140000000,25.43630776,25.63174616,24.97702752,25.03565904,5458500,140900304.0
20220831143000000,25.03565904,25.27995704,24.9672556,25.162694,4652617,119586032.0
20220831150000000,25.162694,25.28972896,25.05520288,25.27018512,4375732,112660400.0
20220901100000000,25.2115536,25.71969344,24.918396,25.56334272,3397350,88003267.0
20220901103000000,25.56334272,25.56334272,25.1138344,25.27018512,1668900,43204387.0
20220901110000000,25.20178168,25.5047112,25.13337824,25.41676392,1758800,45581847.0
20220901113000000,25.43630776,25.49493928,25.162694,25.19200976,1003728,26056693.0
20220901133000000,25.28972896,25.41676392,25.10406248,25.33858856,1457300,37673368.0
20220901140000000,25.33858856,25.39722008,25.18223784,25.28972896,1133400,29303670.0
20220901143000000,25.3092728,25.38744816,25.0649748,25.0649748,3238707,83587968.0
20220901150000000,25.04543096,25.12360632,24.918396,25.1138344,3250178,83225616.0
20220902100000000,25.12360632,25.8467284,25.02588712,25.81741264,3568346,92909644.0
20220902103000000,25.81741264,26.55030664,25.62197424,26.36464016,5875187,156991594.0
20220902110000000,26.384184,26.44281552,25.98353528,26.30600864,3439537,92372522.0
20220902113000000,26.30600864,26.70665736,26.20828944,26.66756968,4420782,119918272.0
20220902133000000,26.63825392,26.76528888,26.32555248,26.384184,3482200,94565456.0
20220902140000000,26.384184,26.4330436,26.26692096,26.30600864,2109700,56862816.0
20220902143000000,26.30600864,26.34509632,26.05193872,26.12034216,2084392,55841760.0
20220902150000000,26.10079832,26.40372784,26.07148256,26.26692096,3086814,83018880.0
20220905100000000,26.2864648,27.1659376,25.42653584,27.10730608,8962614,240113571.0
20220905103000000,27.10730608,27.117078,26.60893816,26.69688544,4593800,125995069.0
20220905110000000,26.69688544,26.78483272,26.4819032,26.56007856,1886588,51418720.0
20220905113000000,26.56007856,26.87278,26.49167512,26.81414848,1577191,43092992.0
20220905133000000,26.78483272,26.78483272,26.4819032,26.51121896,2118200,57671952.0
20220905140000000,26.51121896,26.59916624,26.44281552,26.50144704,1700880,46147984.0
20220905143000000,26.51121896,26.51121896,26.27669288,26.2864648,2043700,55197344.0
20220905150000000,26.2864648,26.39395592,26.26692096,26.37441208,1747296,47093296.0
20220906100000000,26.47213128,26.65779776,25.7978688,25.97376336,3772100,100596645.0
20220906103000000,25.96399144,26.384184,25.86627224,26.2376052,2033500,54274769.0
20220906110000000,26.2864648,26.46235936,26.05193872,26.36464016,1690300,45436982.0
20220906113000000,26.4330436,26.78483272,26.2864648,26.7750608,2075300,56429409.0
20220906133000000,26.80437656,27.0682184,26.68711352,26.89232384,3216000,88474339.0
20220906140000000,26.89232384,26.89232384,26.56985048,26.69688544,1748900,47765680.0
20220906143000000,26.69688544,26.70665736,26.55030664,26.61871008,1154931,31445072.0
20220906150000000,26.61871008,26.75551696,26.54053472,26.70665736,1727997,47136640.0
20220907100000000,26.5796224,27.09753416,26.384184,26.86300808,2526450,69482669.0
20220907103000000,26.86300808,26.86300808,26.59916624,26.7262012,2765860,75611708.0
20220907110000000,26.74574504,27.23434104,26.74574504,27.18548144,2541029,70383202.0
20220907113000000,27.18548144,27.4590952,26.99981496,27.4590952,4601600,128579813.0
20220907133000000,27.53727056,28.1431296,27.46886712,27.61544592,6120900,173975456.0
20220907140000000,27.61544592,27.68384936,27.4590952,27.48841096,1442800,40713792.0
20220907143000000,27.48841096,27.6545336,27.4590952,27.61544592,1183100,33393824.0
20220907150000000,27.61544592,27.7033932,27.57635824,27.6545336,2125200,60139472.0
20220908100000000,27.4590952,28.09427,27.27342872,27.62521784,4482012,127130380.0
20220908103000000,27.605674,28.02586656,27.4590952,27.96723504,1804150,51163905.0
20220908110000000,27.9476912,27.9476912,27.58613016,27.64476168,2274100,64461853.0
20220908113000000,27.64476168,27.7033932,27.4590952,27.49818288,912300,25747622.0
20220908133000000,27.49818288,27.49818288,27.18548144,27.22456912,1619177,45289632.0
20220908140000000,27.22456912,27.22456912,26.95095536,27.13662184,1610000,44633712.0
20220908143000000,27.13662184,27.38091984,27.0682184,27.35160408,1668100,46566928.0
20220908150000000,27.35160408,27.38091984,27.27342872,27.28320064,2075632,58019056.0
20220909100000000,27.28320064,27.42000752,26.64802584,26.85323616,2892100,79649548.0
20220909103000000,26.85323616,26.91186768,26.7262012,26.84346424,1980700,54391156.0
20220909110000000,26.87278,27.4102356,26.8239204,26.89232384,2712600,74977030.0
20220909113000000,26.90209576,27.35160408,26.89232384,27.32228832,1818004,50580057.0
20220909133000000,27.32228832,27.81088432,27.20502528,27.53727056,3435075,97069633.0
20220909140000000,27.5568144,27.6545336,27.42000752,27.58613016,1578660,44514512.0
20220909143000000,27.57635824,27.57635824,27.23434104,27.361376,1314784,36823952.0
20220909150000000,27.361376,27.42977944,27.2636568,27.35160408,1665588,46615120.0
20220913100000000,27.7522528,28.6317256,27.6545336,27.67407744,8843923,255974044.0
20220913103000000,27.66430552,27.8988316,27.37114792,27.88905968,3616218,102150580.0
20220913110000000,27.87928776,27.87928776,27.46886712,27.68384936,1523800,43109440.0
20220913113000000,27.7033932,27.83042816,27.605674,27.79134048,1074700,30483904.0
20220913133000000,27.79134048,27.84020008,27.58613016,27.7522528,1440300,40814992.0
20220913140000000,27.7522528,27.81088432,27.53727056,27.56658632,1014497,28720336.0
20220913143000000,27.5568144,27.63498976,27.48841096,27.49818288,910036,25655728.0
20220913150000000,27.49818288,27.54704248,27.3125164,27.43955136,2214700,62229824.0
20220914100000000,26.90209576,27.35160408,26.58939432,26.9216396,4431150,122115351.0
20220914103000000,26.85323616,27.33206024,26.84346424,27.3125164,2422366,67087000.0
20220914110000000,27.28320064,27.7033932,27.0682184,27.1659376,2479152,69415514.0
20220914113000000,27.12684992,27.19525336,26.81414848,26.86300808,1475961,40848487.0
20220914133000000,26.87278,26.9216396,26.628482,26.7262012,2959204,81009344.0
20220914140000000,26.7262012,26.75551696,26.44281552,26.5796224,3521760,95814656.0
20220914143000000,26.61871008,26.78483272,26.56985048,26.75551696,1236100,33732880.0
20220914150000000,26.76528888,26.81414848,26.65779776,26.7750608,1396940,38231872.0
20220915100000000,27.3125164,27.92814736,26.56007856,26.60893816,8848027,246532116.0
20220915103000000,26.60893816,26.60893816,25.87604416,25.9444476,4411900,118420828.0
20220915110000000,25.95421952,25.96399144,25.63174616,25.71969344,3263800,86126224.0
20220915113000000,25.7490092,25.81741264,25.5047112,25.64151808,2921459,76781728.0
20220915133000000,25.57311464,25.77832496,25.32881664,25.62197424,3159400,82491920.0
20220915140000000,25.6024304,25.67083384,25.406992,25.5047112,1890055,49424912.0
20220915143000000,25.46562352,25.6024304,25.36790432,25.59265848,3507024,91335808.0
20220915150000000,25.59265848,25.78809688,25.46562352,25.61220232,2866310,75178752.0
20220916100000000,25.7001496,26.0421668,25.42653584,25.83695648,2563833,67517982.0
20220916103000000,25.83695648,25.98353528,25.72946536,25.7490092,1237227,32719641.0
20220916110000000,25.7490092,25.87604416,25.56334272,25.6024304,1326900,34839137.0
20220916113000000,25.6024304,25.8467284,25.5535708,25.7978688,1253000,32927470.0
20220916133000000,25.77832496,25.86627224,25.4558516,25.48516736,1384500,36400932.0
20220916140000000,25.49493928,25.58288656,25.41676392,25.42653584,1097000,28629395.0
20220916143000000,25.42653584,25.43630776,25.19200976,25.24086936,2860928,74043267.0
20220916150000000,25.24086936,25.3092728,24.97702752,25.07474672,2985994,76832240.0
20220919100000000,25.18223784,25.95421952,24.9672556,25.49493928,4562600,119207848.0
20220919103000000,25.51448312,25.68060576,25.28972896,25.3092728,2115670,55157705.0
20220919110000000,25.29950088,25.6024304,25.23109744,25.52425504,1497194,38889246.0
20220919113000000,25.54379888,25.56334272,25.3092728,25.34836048,681200,17721532.0
20220919133000000,25.33858856,25.38744816,25.1138344,25.1138344,960069,24802880.0
20220919140000000,25.1138344,25.2115536,24.98679944,25.07474672,1216008,31230021.0
20220919143000000,25.07474672,25.2604132,24.918396,25.15292208,1716050,44022464.0
20220919150000000,25.162694,25.19200976,25.0649748,25.1138344,1463429,37592048.0
20220920100000000,25.3581324,25.9444476,24.78158912,25.7490092,3944200,102205511.0
20220920103000000,25.71969344,26.0910264,25.5535708,26.0910264,5670856,149694716.0
20220920110000000,26.10079832,26.42327168,26.03239488,26.0910264,4971368,133473997.0
20220920113000000,26.10079832,26.15942984,25.77832496,26.15942984,2146631,57068192.0
20220920133000000,26.13011408,26.139886,25.7978688,25.92490376,1346000,35704720.0
20220920140000000,25.93467568,26.1887456,25.86627224,26.17897368,1505300,40113216.0
20220920143000000,26.17897368,26.1887456,25.895588,25.895588,1421700,37907392.0
20220920150000000,25.895588,26.14965792,25.895588,26.05193872,2244370,59787616.0
20220921100000000,25.92490376,26.0421668,25.2604132,25.66106192,3360178,88177678.0
20220921103000000,25.68060576,26.46235936,25.64151808,25.97376336,2727700,72982524.0
20220921110000000,25.97376336,26.1887456,25.8467284,26.15942984,1086200,28912178.0
20220921113000000,26.16920176,26.17897368,25.7490092,25.75878112,714300,18909346.0
20220921133000000,25.76855304,26.22783328,25.70992152,26.05193872,1317200,34967216.0
20220921140000000,26.05193872,26.05193872,25.71969344,25.86627224,805200,21296559.0
20220921143000000,25.86627224,25.98353528,25.82718456,25.85650032,572200,15166499.0
20220921150000000,25.85650032,25.87604416,25.7001496,25.7978688,1431254,37767488.0
20220922100000000,25.6024304,25.9444476,25.07474672,25.62197424,2430057,63304782.0
20220922103000000,25.62197424,25.73923728,25.0649748,25.07474672,1753300,45402974.0
20220922110000000,25.07474672,25.3092728,24.97702752,25.1138344,2960000,76080317.0
20220922113000000,25.10406248,25.1138344,24.59592264,24.89885216,4755200,120735879.0
20220922133000000,24.88908024,24.99657136,24.53729112,24.64478224,2476900,62581616.0
20220922140000000,24.64478224,24.78158912,24.36139656,24.39071232,4526785,113498480.0
20220922143000000,24.41025616,24.98679944,24.41025616,24.8206768,2601185,65740256.0
20220922150000000,24.8206768,25.02588712,24.69364184,24.8206768,2465811,62736368.0
20220923100000000,24.80113296,25.2604132,24.70341376,24.87930832,2679300,68414945.0
20220923103000000,24.87930832,24.87930832,24.25390544,24.29299312,1927400,48318860.0
20220923110000000,24.29299312,24.3809404,23.941204,24.09755472,2728400,67399376.0
20220923113000000,24.10732664,24.20504584,23.95097592,24.04869512,2063234,50803207.0
20220923133000000,24.04869512,24.69364184,24.0389232,24.49820344,2169650,54312300.0
20220923140000000,24.48843152,24.56660688,24.17573008,24.21481776,1740900,43348352.0
20220923143000000,24.21481776,24.61546648,24.20504584,24.48843152,2015247,50229392.0
20220923150000000,24.48843152,24.50797536,24.32230888,24.40048424,1359018,33947280.0
20220926100000000,24.0877828,24.88908024,24.02915128,24.6252384,3984497,99826184.0
20220926103000000,24.6252384,24.97702752,24.55683496,24.81090488,2359204,59884644.0
20220926110000000,24.8206768,24.98679944,24.7718172,24.8206768,1774100,45151380.0
20220926113000000,24.8206768,24.8695364,24.5763788,24.6252384,965400,24406475.0
20220926133000000,24.6252384,24.8206768,24.5763788,24.73272952,832500,21053355.0
20220926140000000,24.73272952,24.73272952,24.55683496,24.55683496,929200,23426986.0
20220926143000000,24.56660688,24.61546648,24.45911576,24.50797536,816300,20496080.0
20220926150000000,24.50797536,24.70341376,24.44934384,24.53729112,1891289,47557440.0
20220927100000000,24.69364184,25.19200976,24.43957192,24.84022064,2788632,71040260.0
20220927103000000,24.84022064,25.1138344,24.7718172,24.88908024,1636096,41788276.0
20220927110000000,24.88908024,24.88908024,24.70341376,24.8695364,842868,21387375.0
20220927113000000,24.8695364,24.87930832,24.5763788,24.69364184,789600,19947941.0
20220927133000000,24.70341376,24.918396,24.69364184,24.81090488,841300,21361067.0
20220927140000000,24.81090488,24.81090488,24.68386992,24.70341376,622800,15763805.0
20220927143000000,24.70341376,24.7229576,24.5275192,24.7229576,1061300,26731097.0
20220927150000000,24.7229576,24.89885216,24.69364184,24.85976448,1325359,33664435.0
20220928100000000,24.7718172,24.80113296,23.77508136,23.97051976,4077500,100956230.0
20220928103000000,23.96074784,24.29299312,23.7457656,23.81416904,2147833,52685573.0
20220928110000000,23.81416904,23.90211632,23.5014676,23.5503272,2667700,64616598.0
20220928113000000,23.5503272,23.61873064,22.964012,23.42329224,5504158,131865487.0
20220928133000000,23.52101144,23.93143208,23.52101144,23.7457656,3336282,80933888.0
20220928140000000,23.7457656,23.96074784,23.696906,23.7946252,1541506,37576640.0
20220928143000000,23.77508136,23.88257248,23.68713408,23.76530944,1320000,32126880.0
20220928150000000,23.77508136,23.78485328,23.53078336,23.54055528,2144047,51892880.0
20220929100000000,23.65781832,23.941204,23.39397648,23.72622176,3332830,80402418.0
20220929103000000,23.70667792,23.92166016,23.5503272,23.5991868,2551845,62246152.0
20220929110000000,23.61873064,23.62850256,23.48192376,23.60895872,747366,18012077.0
20220929113000000,23.61873064,23.72622176,23.53078336,23.62850256,774831,18701684.0
20220929133000000,23.62850256,23.86302864,23.61873064,23.82394096,2290700,55745760.0
20220929140000000,23.82394096,23.86302864,23.696906,23.7457656,947200,23072682.0
20220929143000000,23.7457656,23.76530944,23.57964296,23.72622176,1109394,26872139.0
20220929150000000,23.72622176,23.83371288,23.65781832,23.73599368,1521392,36996448.0
20220930100000000,23.61873064,23.696906,23.02264352,23.10081888,4424240,105351363.0
20220930103000000,23.08127504,23.18876616,22.719714,22.94446816,3508400,82315567.0
20220930110000000,22.92492432,23.1594504,22.69039824,23.12036272,2223746,52143324.0
20220930113000000,23.1105908,23.1594504,22.85652088,22.98355584,1300327,30590754.0
20220930133000000,22.98355584,23.24739768,22.98355584,23.08127504,1346616,31847600.0
20220930140000000,23.07150312,23.13990656,22.8174332,22.88583664,2306800,54244784.0
20220930143000000,22.8662928,22.93469624,22.6219948,22.68062632,4223600,98334016.0
20220930150000000,22.70017016,22.73925784,22.475416,22.6219948,7116503,164431808.0
20221010100000000,22.63176672,22.75880168,21.99659192,22.36792488,5105908,116783840.0
20221010103000000,22.31906528,22.44610024,21.73275008,21.94773232,5441387,122726631.0
20221010110000000,21.94773232,22.10408304,21.7913816,21.87932888,4028300,90491033.0
20221010113000000,21.8891008,22.19203032,21.8891008,22.12362688,1781993,40235056.0
20221010133000000,22.12362688,22.3288372,21.80115352,21.80115352,3361511,75710416.0
20221010140000000,21.82069736,21.9379604,21.70343432,21.85001312,3321887,74152096.0
20221010143000000,21.83046928,21.97704808,21.73275008,21.82069736,1971400,44010864.0
20221010150000000,21.78160968,21.8402412,21.75229392,21.8402412,2160640,48178192.0
20221011100000000,22.02590768,22.26043376,21.5959432,22.12362688,3808002,85543427.0
20221011103000000,22.12362688,22.17248648,21.73275008,21.85001312,1995716,44854521.0
20221011110000000,21.85001312,22.05522344,21.68389048,21.80115352,2400200,53661060.0
20221011113000000,21.80115352,21.9379604,21.71320624,21.92818848,901408,20157051.0
20221011133000000,21.92818848,21.95750424,21.498224,21.742522,1122800,24895153.0
20221011140000000,21.75229392,21.86955696,21.62525896,21.80115352,842465,18732700.0
20221011143000000,21.78160968,21.80115352,21.51776784,21.5959432,1831700,40568712.0
20221011150000000,21.60571512,21.75229392,21.5959432,21.70343432,2225436,49352816.0
20221012100000000,21.58617128,21.78160968,21.37118904,21.66434664,2969270,65494074.0
20221012103000000,21.6936624,21.70343432,21.41027672,21.53731168,1561154,34408528.0
20221012110000000,21.51776784,21.58617128,21.29301368,21.37118904,1250619,27442297.0
20221012113000000,21.36141712,21.55685552,21.34187328,21.46890824,1172900,25761166.0
20221012133000000,21.45913632,21.53731168,21.253926,21.31255752,1676200,36759998.0
20221012140000000,21.3027856,22.14317072,21.27346984,22.0845392,3211500,71598224.0
20221012143000000,22.10408304,22.5731352,21.99659192,22.475416,6698339,153153825.0
20221012150000000,22.45587216,22.63176672,22.40701256,22.59267904,3276033,75524864.0
20221013100000000,23.31580112,23.57964296,22.64153864,23.27671344,10915551,258273038.0
20221013103000000,23.3060292,23.31580112,22.82720512,23.1105908,3411400,80410034.0
20221013110000000,23.1105908,23.39397648,22.98355584,23.1594504,2252100,53460688.0
20221013113000000,23.16922232,23.32557304,22.964012,23.3060292,1757885,41632784.0
20221013133000000,23.3060292,23.37443264,23.00309968,23.18876616,2455289,58376448.0
20221013140000000,23.18876616,23.3060292,23.10081888,23.14967848,1558600,36980288.0
20221013143000000,23.10081888,23.12036272,22.87606472,22.94446816,1847100,43419808.0
20221013150000000,22.95424008,23.02264352,22.83697704,22.90538048,1491767,34990528.0
20221014100000000,23.10081888,23.95097592,23.00309968,23.95097592,7923806,191336497.0
20221014103000000,23.941204,24.21481776,23.7457656,24.15618624,3851697,94480879.0
20221014110000000,24.16595816,24.16595816,23.77508136,23.96074784,2468647,60460464.0
20221014113000000,23.96074784,24.0877828,23.87280056,23.87280056,1452883,35688336.0
20221014133000000,23.87280056,24.49820344,23.83371288,24.43957192,3364185,83541136.0
20221014140000000,24.44934384,24.80113296,24.41025616,24.4786596,4298000,108087600.0
20221014143000000,24.46888768,24.918396,24.43957192,24.74250144,3718972,93904624.0
20221014150000000,24.74250144,24.90862408,24.65455416,24.7718172,4377541,110930208.0
20221017100000000,24.78158912,25.0649748,24.44934384,24.44934384,4368297,110667611.0
20221017103000000,24.4298,24.60569456,24.2832212,24.5275192,1991944,49797044.0
20221017110000000,24.5275192,24.5275192,24.35162464,24.50797536,1021300,25529496.0
20221017113000000,24.50797536,24.5763788,24.43957192,24.51774728,776200,19466578.0
20221017133000000,24.5275192,24.81090488,24.42002808,24.73272952,1363736,34362506.0
20221017140000000,24.73272952,24.93793984,24.6252384,24.92816792,1768500,44996653.0
20221017143000000,24.918396,25.04543096,24.85976448,24.9672556,2274500,58029360.0
20221017150000000,24.9672556,25.07474672,24.8695364,24.92816792,1974100,50461104.0
20221018100000000,24.94771176,25.09429056,24.74250144,24.9672556,2542300,64832068.0
20221018103000000,24.9672556,25.19200976,24.84022064,24.98679944,1710400,43777082.0
20221018110000000,24.98679944,25.00634328,24.84022064,24.918396,1031700,26314496.0
20221018113000000,24.918396,25.20178168,24.88908024,25.14315016,1170800,29997535.0
20221018133000000,25.13337824,25.31904472,25.0161152,25.02588712,1666100,42885929.0
20221018140000000,25.03565904,25.13337824,24.93793984,24.93793984,1470000,37686700.0
20221018143000000,24.93793984,25.12360632,24.8695364,25.09429056,1335893,34153390.0
20221018150000000,25.09429056,25.22132552,25.02588712,25.05520288,2291409,58908720.0
20221019100000000,25.05520288,25.27995704,24.83044872,25.08451864,2123700,54454240.0
20221019103000000,25.10406248,25.24086936,24.92816792,25.18223784,1094300,28082435.0
20221019110000000,25.18223784,25.18223784,24.99657136,25.02588712,525798,13489530.0
20221019113000000,25.04543096,25.08451864,24.88908024,25.07474672,800600,20465185.0
20221019133000000,25.08451864,25.22132552,24.89885216,24.89885216,1850700,47510324.0
20221019140000000,24.89885216,24.92816792,24.76204528,24.84022064,1534200,39018704.0
20221019143000000,24.84022064,24.89885216,24.79136104,24.83044872,1226600,31162822.0
20221019150000000,24.83044872,24.918396,24.74250144,24.85976448,1426645,36264552.0
20221020100000000,24.63501032,24.918396,24.2343616,24.30276504,3477890,87320732.0
20221020103000000,24.30276504,24.4786596,24.10732664,24.45911576,2426029,60245964.0
20221020110000000,24.45911576,24.89885216,24.40048424,24.88908024,3948338,99169619.0
20221020113000000,24.88908024,24.88908024,24.5275192,24.59592264,959400,24216389.0
20221020133000000,24.60569456,24.9672556,24.50797536,24.69364184,2758599,69935232.0
20221020140000000,24.71318568,24.71318568,24.39071232,24.43957192,1668800,41854416.0
20221020143000000,24.43957192,24.53729112,24.34185272,24.50797536,1523300,38062608.0
20221020150000000,24.50797536,24.7229576,24.4786596,24.54706304,3239270,81513120.0
20221021100000000,24.59592264,24.918396,24.34185272,24.51774728,2251486,56795024.0
20221021103000000,24.50797536,24.5763788,24.29299312,24.39071232,1433532,35799294.0
20221021110000000,24.39071232,24.56660688,24.35162464,24.4786596,993114,24856796.0
20221021113000000,24.4786596,24.69364184,24.4786596,24.61546648,938323,23623507.0
20221021133000000,24.61546648,24.6252384,24.46888768,24.51774728,1236786,31046778.0
20221021140000000,24.51774728,24.59592264,24.44934384,24.53729112,1374600,34475661.0
20221021143000000,24.53729112,24.55683496,24.31253696,24.3809404,1238000,30917922.0
20221021150000000,24.39071232,24.49820344,24.2343616,24.44934384,2148500,53611594.0
20221024100000000,24.51774728,25.13337824,24.43957192,24.90862408,4165031,106077420.0
20221024103000000,24.90862408,24.94771176,24.55683496,24.75227336,2083484,52663005.0
20221024110000000,24.76204528,24.89885216,24.65455416,24.70341376,932900,23637284.0
20221024113000000,24.66432608,24.8206768,24.44934384,24.63501032,1489506,37561735.0
20221024133000000,24.63501032,24.63501032,24.25390544,24.37116848,2051500,51271116.0
20221024140000000,24.3809404,24.48843152,24.12687048,24.17573008,1324500,32948704.0
20221024143000000,24.19527392,24.22458968,23.8923444,24.21481776,1866500,45991552.0
20221024150000000,24.19527392,24.29299312,23.95097592,24.2343616,2270503,56108128.0
20221025100000000,24.22458968,24.98679944,23.7946252,24.69364184,7271237,181833783.0
20221025103000000,24.69364184,24.89885216,24.58615072,24.89885216,3705127,93920585.0
20221025110000000,24.88908024,24.99657136,24.64478224,24.71318568,2436160,62006416.0
20221025113000000,24.71318568,25.27995704,24.5275192,25.24086936,1947383,49664448.0
20221025133000000,25.25064128,25.27018512,24.87930832,25.10406248,2140739,54915504.0
20221025140000000,25.10406248,25.42653584,25.02588712,25.18223784,2755300,71143120.0
20221025143000000,25.20178168,25.20178168,24.87930832,24.94771176,1225300,31409120.0
20221025150000000,24.94771176,25.12360632,24.90862408,25.05520288,2789905,71478944.0
20221026100000000,25.0649748,25.18223784,24.3320808,24.75227336,5557800,140101198.0
20221026103000000,24.7718172,25.406992,24.63501032,25.34836048,3693005,94639137.0
20221026110000000,25.32881664,25.46562352,25.13337824,25.14315016,2365600,61332801.0
20221026113000000,25.14315016,25.58288656,25.1138344,25.5047112,2337700,60658112.0
20221026133000000,25.5047112,25.59265848,25.32881664,25.44607968,3187900,83038800.0
20221026140000000,25.44607968,25.52425504,25.14315016,25.15292208,2160070,56049536.0
20221026143000000,25.15292208,25.20178168,25.0649748,25.08451864,1814799,46645296.0
20221026150000000,25.08451864,25.18223784,25.05520288,25.18223784,2163740,55638640.0
20221027100000000,25.2115536,25.49493928,24.5275192,25.03565904,5533598,142080671.0
20221027103000000,25.04543096,25.58288656,24.93793984,25.25064128,3064780,79498814.0
20221027110000000,25.25064128,25.43630776,25.1138344,25.18223784,1001300,25948594.0
20221027113000000,25.18223784,25.3092728,25.08451864,25.18223784,792400,20421650.0
20221027133000000,25.14315016,25.14315016,24.87930832,25.03565904,1198300,30630959.0
20221027140000000,25.03565904,25.38744816,25.0161152,25.20178168,1302460,33557024.0
20221027143000000,25.20178168,25.20178168,25.02588712,25.08451864,1042900,26784384.0
20221027150000000,25.10406248,25.14315016,24.92816792,24.94771176,1797515,46048928.0
20221028100000000,24.7229576,24.94771176,24.44934384,24.61546648,2366417,59915005.0
20221028103000000,24.64478224,24.64478224,24.2343616,24.2343616,3463500,86710798.0
20221028110000000,24.24413352,24.40048424,24.01937936,24.1366424,2643122,65345644.0
20221028113000000,24.1366424,24.2832212,24.00960744,24.11709856,1668185,41170602.0
20221028133000000,24.0877828,24.1366424,23.76530944,23.7946252,1595700,39112719.0
20221028140000000,23.7946252,24.06823896,23.67736216,23.98029168,2161883,52807920.0
20221028143000000,23.9900636,24.0389232,23.80439712,23.92166016,1624000,39770128.0
20221028150000000,23.92166016,23.92166016,23.46237992,23.6480464,3367855,81546960.0
20221031100000000,23.87280056,24.35162464,23.48192376,24.3320808,4421667,108860689.0
20221031103000000,24.31253696,24.41025616,24.10732664,24.3320808,2285750,56743459.0
20221031110000000,24.32230888,24.918396,24.26367736,24.8695364,3749094,94771417.0
20221031113000000,24.8695364,24.90862408,24.674098,24.8206768,1601064,40657443.0
20221031133000000,24.8206768,24.99657136,24.68386992,24.8206768,1952250,49621248.0
20221031140000000,24.8206768,24.8695364,24.59592264,24.69364184,1508136,38145984.0
20221031143000000,24.69364184,24.75227336,24.60569456,24.71318568,1344700,33960304.0
20221031150000000,24.70341376,24.70341376,24.55683496,24.69364184,1302297,32827408.0
20221101100000000,24.87930832,24.87930832,24.12687048,24.37116848,3148300,78785206.0
20221101103000000,24.3809404,25.7001496,24.3809404,25.68060576,4763677,122704443.0
20221101110000000,25.69037768,25.70992152,25.37767624,25.406992,2646900,69227823.0
20221101113000000,25.39722008,25.64151808,25.32881664,25.5535708,1728098,45060000.0
20221101133000000,25.5535708,25.5535708,25.31904472,25.32881664,1571239,40885040.0
20221101140000000,25.32881664,25.33858856,25.13337824,25.13337824,1427200,36880880.0
20221101143000000,25.13337824,25.3092728,25.02588712,25.27018512,1835843,47288128.0
20221101150000000,25.27018512,25.49493928,25.27018512,25.46562352,2453100,63667216.0
20221102100000000,25.9933072,26.87278,25.95421952,25.97376336,8955251,242025167.0
20221102103000000,25.96399144,26.26692096,25.46562352,25.5047112,3863200,101805089.0
20221102110000000,25.53402696,25.66106192,25.44607968,25.58288656,2347000,61379408.0
20221102113000000,25.58288656,25.69037768,25.23109744,25.27018512,2319200,60330208.0
20221102133000000,25.27995704,25.41676392,24.44934384,24.50797536,5051500,128501232.0
20221102140000000,24.50797536,24.97702752,24.50797536,24.9672556,4336173,109728800.0
20221102143000000,24.98679944,25.24086936,24.87930832,25.162694,2325436,59567392.0
20221102150000000,25.14315016,25.19200976,25.08451864,25.19200976,2144369,55152976.0
20221103100000000,24.70341376,25.38744816,24.69364184,24.95748368,3701581,95291072.0
20221103103000000,24.95748368,25.5047112,24.94771176,25.25064128,2618100,67562055.0
20221103110000000,25.2604132,25.33858856,24.918396,24.98679944,1900200,48861592.0
20221103113000000,24.94771176,25.13337824,24.93793984,24.94771176,1278500,32735939.0
20221103133000000,24.94771176,25.44607968,24.76204528,25.25064128,3181497,81890702.0
20221103140000000,25.25064128,25.59265848,25.25064128,25.5047112,2674000,69572352.0
20221103143000000,25.51448312,25.5535708,25.34836048,25.5535708,1956100,50942528.0
20221103150000000,25.52425504,25.6024304,25.39722008,25.47539544,2829211,73908416.0
20221104100000000,25.31904472,25.7978688,25.05520288,25.78809688,4621000,119678233.0
20221104103000000,25.7978688,26.15942984,25.57311464,26.08125448,4561430,120747779.0
20221104110000000,26.08125448,26.29623672,25.90535992,26.24737712,3162291,84549668.0
20221104113000000,26.25714904,26.59916624,26.17897368,26.32555248,3953343,106894368.0
20221104133000000,26.384184,26.63825392,26.14965792,26.46235936,4872020,131286096.0
20221104140000000,26.46235936,26.628482,26.384184,26.51121896,3833024,104060112.0
20221104143000000,26.51121896,26.74574504,26.4330436,26.55030664,3032592,82619936.0
20221104150000000,26.55030664,26.5796224,26.384184,26.4819032,2711834,73460992.0
20221107100000000,26.50144704,27.39069176,26.50144704,27.117078,7070729,195550904.0
20221107103000000,27.10730608,27.32228832,26.9704992,27.14639376,4136806,114793944.0
20221107110000000,27.117078,27.43955136,27.09753416,27.2147972,2890128,80580016.0
20221107113000000,27.22456912,27.92814736,27.20502528,27.8011124,5336623,150441456.0
20221107133000000,27.78156856,27.78156856,27.4102356,27.59590208,3830471,108065472.0
20221107140000000,27.6545336,27.84020008,27.27342872,27.27342872,3407200,95822080.0
20221107143000000,27.27342872,27.4102356,27.14639376,27.32228832,2413500,67359152.0
20221107150000000,27.32228832,27.5568144,27.2636568,27.39069176,3456169,96940016.0
20221108100000000,27.39069176,27.66430552,26.73597312,27.18548144,3392640,93983627.0
20221108103000000,27.1659376,27.5568144,27.117078,27.28320064,3323300,92928173.0
20221108110000000,27.2636568,27.88905968,27.24411296,27.7033932,3776923,106818360.0
20221108113000000,27.7033932,27.8988316,27.605674,27.67407744,2363416,67171296.0
20221108133000000,27.67407744,27.78156856,27.46886712,27.5568144,1481975,41921984.0
20221108140000000,27.57635824,27.57635824,27.28320064,27.35160408,1686596,47296432.0
20221108143000000,27.35160408,27.361376,27.2147972,27.2147972,1305992,36480400.0
20221108150000000,27.22456912,27.59590208,27.20502528,27.4590952,2696227,75465376.0
20221109100000000,27.37114792,27.68384936,26.95095536,27.605674,2924058,81624594.0
20221109103000000,27.58613016,27.87928776,27.38091984,27.8011124,2470455,70020564.0
20221109110000000,27.8011124,27.9476912,27.56658632,27.64476168,1358274,38584436.0
20221109113000000,27.6545336,27.6545336,27.361376,27.5079548,962577,27061141.0
20221109133000000,27.47863904,27.5079548,27.25388488,27.38091984,976200,27339882.0
20221109140000000,27.37114792,27.4102356,27.14639376,27.24411296,1134600,31669159.0
20221109143000000,27.24411296,27.27342872,26.9704992,27.0193588,1812400,50321840.0
20221109150000000,27.0193588,27.1659376,26.99981496,27.10730608,2025184,56074944.0
20221110100000000,26.87278,27.20502528,26.49167512,26.65779776,2566700,70635423.0
20221110103000000,26.64802584,26.74574504,26.2864648,26.50144704,3308923,89654340.0
20221110110000000,26.4819032,26.5796224,26.139886,26.27669288,2973185,79905624.0
20221110113000000,26.27669288,26.32555248,25.9444476,25.98353528,2286300,61084389.0
20221110133000000,25.9933072,26.00307912,25.66106192,25.70992152,3619638,95635840.0
20221110140000000,25.70992152,26.07148256,25.67083384,26.07148256,2014400,53172688.0
20221110143000000,26.10079832,26.2376052,26.0421668,26.11057024,1475100,39461696.0
20221110150000000,26.139886,26.16920176,26.03239488,26.13011408,1567704,41890224.0
20221111100000000,26.7262012,27.7522528,26.39395592,26.49167512,4470289,122805258.0
20221111103000000,26.49167512,26.54053472,26.26692096,26.31578056,1230400,33237616.0
20221111110000000,26.3353244,26.47213128,26.21806136,26.25714904,690364,18622954.0
20221111113000000,26.24737712,26.25714904,25.8467284,26.02262296,1704830,45348453.0
20221111133000000,26.01285104,26.0910264,25.73923728,25.98353528,1968100,52136343.0
20221111140000000,25.97376336,26.40372784,25.97376336,26.3353244,1942300,52132448.0
20221111143000000,26.3353244,26.46235936,26.15942984,26.29623672,1824900,49213536.0
20221111150000000,26.29623672,26.5307628,26.17897368,26.37441208,2290879,61771264.0
20221114100000000,26.1887456,26.8239204,25.9444476,26.73597312,2438795,65783122.0
20221114103000000,26.7750608,26.91186768,26.31578056,26.34509632,1690659,45957079.0
20221114110000000,26.35486824,26.86300808,26.30600864,26.7750608,2093200,57068878.0
20221114113000000,26.7750608,26.8239204,26.5307628,26.5796224,864493,23582084.0
20221114133000000,26.5796224,26.628482,26.21806136,26.40372784,1367700,36878359.0
20221114140000000,26.39395592,26.4330436,26.27669288,26.31578056,802400,21630459.0
20221114143000000,26.31578056,26.4330436,26.26692096,26.26692096,926860,24974883.0
20221114150000000,26.26692096,26.32555248,26.08125448,26.2864648,1703204,45658512.0
20221115100000000,25.95421952,26.59916624,25.895588,26.49167512,3194880,86044798.0
20221115103000000,26.54053472,26.9704992,26.4819032,26.95095536,3546316,97171437.0
20221115110000000,26.95095536,27.07799032,26.75551696,27.07799032,2490100,68571147.0
20221115113000000,27.07799032,27.68384936,27.04867456,27.56658632,5003905,140181594.0
20221115133000000,27.56658632,28.26039264,27.56658632,28.25062072,5626796,161014736.0
20221115140000000,28.22130496,28.2408488,28.02586656,28.11381384,3209800,92457296.0
20221115143000000,28.10404192,28.23107688,27.92814736,28.08449808,2777200,79845984.0
20221115150000000,28.08449808,28.22130496,28.05518232,28.22130496,3255949,93813248.0
20221116100000000,28.22130496,28.22130496,27.28320064,27.66430552,5032014,142246264.0
20221116103000000,27.66430552,27.82065624,27.42000752,27.5079548,1788397,50494911.0
20221116110000000,27.5079548,27.5568144,27.37114792,27.4102356,1374364,38603267.0
20221116113000000,27.4102356,27.63498976,27.37114792,27.59590208,846200,23793594.0
20221116133000000,27.61544592,27.62521784,27.3125164,27.32228832,1022995,28742652.0
20221116140000000,27.32228832,27.35160408,27.1659376,27.35160408,1460355,40705824.0
20221116143000000,27.35160408,27.361376,27.04867456,27.24411296,1513845,42043072.0
20221116150000000,27.24411296,27.24411296,26.99004304,27.12684992,2464730,68461712.0
20221117100000000,27.03890264,27.22456912,26.384184,26.50144704,2728100,74515883.0
20221117103000000,26.50144704,26.93141152,26.44281552,26.9216396,2205860,60289227.0
20221117110000000,26.9216396,27.14639376,26.63825392,27.12684992,1186966,32681632.0
20221117113000000,27.14639376,27.17570952,26.70665736,26.80437656,1056585,29150227.0
20221117133000000,26.76528888,26.95095536,26.7262012,26.94118344,874253,24020703.0
20221117140000000,26.94118344,27.3125164,26.93141152,27.1659376,1663433,46155174.0
20221117143000000,27.1659376,27.30274448,27.0682184,27.117078,1340200,37303378.0
20221117150000000,27.10730608,27.25388488,27.07799032,27.25388488,1382604,38405888.0
20221118100000000,27.117078,27.2147972,26.63825392,26.6773416,3136400,85923653.0
20221118103000000,26.6773416,26.83369232,26.60893816,26.66756968,1430700,39085944.0
20221118110000000,26.66756968,26.89232384,26.50144704,26.89232384,1684900,45944878.0
20221118113000000,26.88255192,26.96072728,26.51121896,26.63825392,1116613,30491140.0
20221118133000000,26.63825392,26.66756968,26.384184,26.58939432,3270195,88685265.0
20221118140000000,26.58939432,26.59916624,26.39395592,26.4819032,1575190,42685264.0
20221118143000000,26.4819032,26.55030664,26.2864648,26.2864648,1955877,52824736.0
20221118150000000,26.2864648,26.54053472,26.24737712,26.4330436,2954000,79662592.0
20221121100000000,26.0910264,27.0193588,25.93467568,26.4819032,6085817,165630445.0
20221121103000000,26.4819032,27.09753416,26.1887456,26.88255192,2815216,76752558.0
20221121110000000,26.87278,27.0193588,26.63825392,26.64802584,984700,27009669.0
20221121113000000,26.64802584,26.84346424,26.59916624,26.78483272,570300,15590288.0
20221121133000000,26.78483272,26.87278,26.60893816,26.78483272,1122000,30723088.0
20221121140000000,26.78483272,27.18548144,26.75551696,27.117078,2343131,64662064.0
20221121143000000,27.117078,27.33206024,27.08776224,27.10730608,1911059,53255776.0
20221121150000000,27.10730608,27.2147972,27.0682184,27.13662184,1289500,35811408.0
20221122100000000,26.87278,27.40046368,26.68711352,27.05844648,2290336,63216270.0
20221122103000000,27.04867456,27.78156856,27.02913072,27.30274448,4352356,122219819.0
20221122110000000,27.33206024,27.33206024,27.07799032,27.12684992,1028600,28585897.0
20221122113000000,27.12684992,27.12684992,26.91186768,27.04867456,627300,17338801.0
20221122133000000,27.04867456,27.10730608,26.7262012,26.7262012,909590,24989239.0
20221122140000000,26.7262012,26.78483272,26.50144704,26.55030664,1276700,34790678.0
20221122143000000,26.55030664,26.628482,26.44281552,26.49167512,992600,26928288.0
20221122150000000,26.49167512,26.56007856,26.2864648,26.56007856,2233345,60390176.0
20221123100000000,26.384184,26.628482,26.30600864,26.45258744,2332600,63140358.0
20221123103000000,26.4819032,26.55030664,25.97376336,26.07148256,1950365,52491739.0
20221123110000000,26.08125448,26.1887456,25.85650032,26.1887456,1763900,46915325.0
20221123113000000,26.15942984,26.25714904,25.9933072,26.13011408,789900,21100353.0
20221123133000000,26.13011408,26.56007856,26.10079832,26.56007856,1425500,38511881.0
20221123140000000,26.56007856,26.7750608,26.51121896,26.66756968,1326300,36227285.0
20221123143000000,26.66756968,26.69688544,26.5796224,26.64802584,594700,16212931.0
20221123150000000,26.64802584,26.76528888,26.59916624,26.69688544,1380644,37691744.0
20221124100000000,26.54053472,26.84346424,26.15942984,26.20828944,2531700,68334028.0
20221124103000000,26.19851752,26.24737712,25.78809688,25.92490376,3008384,80023364.0
20221124110000000,25.92490376,26.37441208,25.86627224,26.24737712,1214700,32482876.0
20221124113000000,26.24737712,26.24737712,25.96399144,26.01285104,567418,15133204.0
20221124133000000,26.0421668,26.08125448,25.81741264,25.81741264,1145782,30394177.0
20221124140000000,25.82718456,25.9444476,25.7978688,25.88581608,1003062,26532327.0
20221124143000000,25.88581608,25.96399144,25.80764072,25.81741264,798464,21147144.0
20221124150000000,25.81741264,26.06171064,25.78809688,25.91513184,1643202,43530400.0
20221125100000000,25.90535992,26.16920176,25.5535708,25.96399144,2156265,57079022.0
20221125103000000,25.96399144,26.05193872,25.7490092,25.96399144,1008127,26703680.0
20221125110000000,25.96399144,26.06171064,25.82718456,25.95421952,575300,15285888.0
20221125113000000,25.95421952,25.95421952,25.7490092,25.7978688,514200,13591404.0
20221125133000000,25.77832496,25.93467568,25.66106192,25.70992152,727600,19163499.0
20221125140000000,25.71969344,25.7978688,25.52425504,25.58288656,1121700,29433405.0
20221125143000000,25.58288656,25.7001496,25.52425504,25.63174616,1002900,26280913.0
20221125150000000,25.63174616,25.7001496,25.5535708,25.5535708,1134400,29724632.0
20221128100000000,24.918396,25.406992,24.76204528,25.24086936,2118125,54403607.0
20221128103000000,25.24086936,25.3092728,25.0649748,25.20178168,708138,18236284.0
20221128110000000,25.18223784,25.2115536,24.9672556,25.1138344,1002943,25727206.0
20221128113000000,25.1138344,25.27018512,25.10406248,25.1138344,935900,24109258.0
20221128133000000,25.1138344,25.27995704,25.1138344,25.17246592,473300,12214346.0
20221128140000000,25.17246592,25.2115536,25.02588712,25.09429056,530585,13639116.0
20221128143000000,25.09429056,25.162694,25.00634328,25.12360632,779400,20001266.0
20221128150000000,25.12360632,25.25064128,25.12360632,25.162694,1183800,30513703.0
20221129100000000,25.2604132,25.72946536,25.0161152,25.07474672,2213727,57406016.0
20221129103000000,25.07474672,25.52425504,25.02588712,25.34836048,1427303,37039751.0
20221129110000000,25.34836048,25.44607968,25.34836048,25.38744816,1473312,38292014.0
20221129113000000,25.39722008,25.406992,25.28972896,25.37767624,1046403,27170821.0
20221129133000000,25.38744816,25.406992,25.34836048,25.38744816,1196650,31102764.0
20221129140000000,25.38744816,25.47539544,25.36790432,25.406992,1499400,38988225.0
20221129143000000,25.44607968,25.49493928,25.39722008,25.406992,1212678,31564438.0
20221129150000000,25.406992,25.44607968,25.36790432,25.406992,1080249,28086547.0
20221130100000000,25.2115536,25.37767624,24.87930832,25.08451864,1958400,50309960.0
20221130103000000,25.07474672,25.09429056,24.7229576,24.8695364,2299000,58437198.0
20221130110000000,24.87930832,25.1138344,24.85976448,24.87930832,2223500,56910950.0
20221130113000000,24.87930832,25.0161152,24.79136104,24.90862408,1945600,49487535.0
20221130133000000,24.92816792,25.48516736,24.92816792,25.406992,1312351,33974602.0
20221130140000000,25.34836048,25.43630776,25.15292208,25.15292208,1116000,28924731.0
20221130143000000,25.14315016,25.17246592,25.02588712,25.04543096,1053900,27056560.0
20221130150000000,25.04543096,25.3092728,25.0161152,25.3092728,2052900,52912688.0
20221201100000000,25.49493928,26.2864648,25.406992,25.87604416,4841404,128291008.0
20221201103000000,25.86627224,26.1887456,25.83695648,26.05193872,1642256,43781152.0
20221201110000000,26.05193872,26.60893816,25.97376336,26.56985048,2771800,74692660.0
20221201113000000,26.56985048,26.7750608,26.4819032,26.58939432,2372085,64677260.0
20221201133000000,26.58939432,26.59916624,26.24737712,26.27669288,1232800,33281008.0
20221201140000000,26.27669288,26.34509632,26.05193872,26.08125448,1129000,30268864.0
20221201143000000,26.08125448,26.0910264,26.00307912,26.03239488,917700,24460112.0
20221201150000000,26.03239488,26.0910264,25.8467284,25.9933072,2703268,71862640.0
20221202100000000,25.7978688,26.13011408,25.63174616,26.08125448,2633558,69703006.0
20221202103000000,26.05193872,26.19851752,25.7978688,25.88581608,1439894,38417583.0
20221202110000000,25.88581608,26.0910264,25.83695648,26.02262296,886216,23582748.0
20221202113000000,26.02262296,26.0421668,25.75878112,25.81741264,1090990,28878811.0
20221202133000000,25.81741264,25.88581608,25.57311464,25.58288656,1093300,28770788.0
20221202140000000,25.6024304,25.66106192,25.54379888,25.63174616,761100,19947267.0
20221202143000000,25.63174616,25.7978688,25.62197424,25.70992152,679015,17860188.0
20221202150000000,25.70992152,25.72946536,25.64151808,25.64151808,1387930,36448886.0
20221205100000000,25.6024304,25.68060576,24.7229576,24.7229576,4629800,119167883.0
20221205103000000,24.75227336,25.03565904,24.73272952,24.89885216,2425700,61784218.0
20221205110000000,24.89885216,24.93793984,24.1366424,24.1366424,6026800,151380187.0
20221205113000000,24.11709856,24.60569456,24.11709856,24.30276504,3670530,91740752.0
20221205133000000,24.31253696,24.35162464,23.78485328,23.83371288,6561089,161565424.0
20221205140000000,23.7946252,23.87280056,23.3548888,23.3548888,11035369,266586800.0
20221205143000000,23.3548888,23.941204,23.34511688,23.92166016,5002300,120853808.0
20221205150000000,23.93143208,24.06823896,23.85325672,23.92166016,4649778,114089216.0
20221206100000000,23.8434848,24.78158912,23.80439712,24.29299312,8795500,219603506.0
20221206103000000,24.29299312,24.6252384,24.26367736,24.54706304,3107800,77868286.0
20221206110000000,24.56660688,24.97702752,24.46888768,24.94771176,4169548,105651760.0
20221206113000000,24.95748368,25.0649748,24.65455416,24.68386992,3037944,77550032.0
20221206133000000,24.918396,24.918396,24.66432608,24.84999256,2066644,52397632.0
20221206140000000,24.84022064,24.8695364,24.6252384,24.65455416,2244114,56797232.0
20221206143000000,24.66432608,24.68386992,24.42002808,24.54706304,3413041,85612320.0
20221206150000000,24.54706304,24.75227336,24.50797536,24.74250144,2312000,58418048.0
20221207100000000,24.5275192,24.7718172,24.30276504,24.46888768,2184602,54778272.0
20221207103000000,24.46888768,25.09429056,24.46888768,25.05520288,2984200,76247608.0
20221207110000000,25.05520288,25.13337824,24.8695364,24.90862408,1825409,46690513.0
20221207113000000,24.90862408,24.92816792,24.674098,24.70341376,1089100,27626583.0
20221207133000000,24.7229576,24.80113296,24.59592264,24.63501032,1354500,34220596.0
20221207140000000,24.63501032,24.73272952,24.49820344,24.55683496,1298400,32670652.0
20221207143000000,24.54706304,24.66432608,24.4786596,24.5275192,1457228,36605184.0
20221207150000000,24.54706304,24.64478224,24.51774728,24.53729112,1574853,39585744.0
20221208100000000,24.55683496,24.8206768,24.29299312,24.5763788,2323732,58432819.0
20221208103000000,24.56660688,24.7229576,24.54706304,24.61546648,698600,17615168.0
20221208110000000,24.61546648,24.69364184,24.46888768,24.54706304,675800,17014154.0
20221208113000000,24.49820344,24.66432608,24.45911576,24.55683496,667500,16776895.0
20221208133000000,24.55683496,24.56660688,24.27344928,24.30276504,1598500,39847085.0
20221208140000000,24.31253696,24.42002808,24.27344928,24.2832212,1019745,25373548.0
20221208143000000,24.2832212,24.30276504,24.20504584,24.2343616,1323655,32841400.0
20221208150000000,24.2343616,24.31253696,24.21481776,24.2343616,1532993,38038869.0
20221209100000000,24.2343616,24.49820344,23.941204,24.00960744,1950120,48155390.0
20221209103000000,24.01937936,24.39071232,24.01937936,24.24413352,1080360,26810852.0
20221209110000000,24.22458968,24.2832212,24.11709856,24.22458968,662300,16416224.0
20221209113000000,24.22458968,24.37116848,24.19527392,24.20504584,672900,16728540.0
20221209133000000,24.2343616,24.2832212,24.00960744,24.04869512,1265345,31219045.0
20221209140000000,24.00960744,24.14641432,23.97051976,23.97051976,1080403,26589374.0
20221209143000000,23.97051976,24.07801088,23.88257248,24.00960744,1749643,42892979.0
20221209150000000,24.00960744,24.10732664,23.92166016,23.941204,2341228,57450417.0
20221212100000000,23.91188824,24.55683496,23.7946252,23.98029168,3685701,91256664.0
20221212103000000,23.98029168,24.36139656,23.95097592,24.32230888,1502453,37277490.0
20221212110000000,24.30276504,24.76204528,24.25390544,24.66432608,2812813,70657600.0
20221212113000000,24.66432608,24.918396,24.59592264,24.64478224,2322142,58881183.0
20221212133000000,24.65455416,25.162694,24.6252384,25.00634328,3086384,78830663.0
20221212140000000,25.00634328,25.1138344,24.95748368,24.97702752,1594200,40866624.0
20221212143000000,24.97702752,25.0649748,24.84022064,24.84022064,1447600,36948352.0
20221212150000000,24.84022064,24.88908024,24.73272952,24.80113296,1926367,48902736.0
20221213100000000,24.64478224,25.10406248,24.6252384,24.75227336,3109300,79238375.0
20221213103000000,24.75227336,24.89885216,24.7229576,24.81090488,1136899,28847589.0
20221213110000000,24.81090488,24.84999256,24.64478224,24.7718172,1096200,27742248.0
20221213113000000,24.7718172,24.8695364,24.73272952,24.8206768,655500,16632320.0
20221213133000000,24.83044872,24.84999256,24.70341376,24.71318568,953600,24179047.0
20221213140000000,24.70341376,24.81090488,24.65455416,24.66432608,1043300,26408661.0
20221213143000000,24.65455416,24.674098,24.43957192,24.44934384,1635700,41064594.0
20221213150000000,24.44934384,24.56660688,24.39071232,24.50797536,1976380,49476446.0
20221214100000000,24.5763788,24.97702752,24.54706304,24.64478224,2397200,60764799.0
20221214103000000,24.64478224,24.81090488,24.54706304,24.78158912,956288,24180157.0
20221214110000000,24.7718172,24.87930832,24.50797536,24.51774728,642200,16211670.0
20221214113000000,24.53729112,24.53729112,24.32230888,24.34185272,895000,22395090.0
20221214133000000,24.37116848,24.41025616,24.2343616,24.31253696,756900,18819454.0
20221214140000000,24.29299312,24.32230888,24.1366424,24.185502,1016188,25217724.0
20221214143000000,24.185502,24.21481776,24.1366424,24.14641432,767700,18981568.0
20221214150000000,24.1366424,24.27344928,24.1366424,24.24413352,948903,23511829.0
20221215100000000,24.22458968,24.66432608,23.8923444,24.6252384,2555933,63766643.0
20221215103000000,24.6252384,24.75227336,24.44934384,24.46888768,1100904,27719926.0
20221215110000000,24.46888768,24.46888768,24.27344928,24.31253696,629300,15687826.0
20221215113000000,24.32230888,24.4298,24.2343616,24.39071232,361400,8997919.0
20221215133000000,24.36139656,24.43957192,24.2343616,24.35162464,312914,7796808.0
20221215140000000,24.35162464,24.5275192,24.3320808,24.48843152,377500,9439581.0
20221215143000000,24.48843152,24.5763788,24.44934384,24.56660688,471700,11835943.0
20221215150000000,24.56660688,24.56660688,24.45911576,24.54706304,1123662,28206676.0
20221216100000000,24.4298,24.48843152,24.12687048,24.185502,1836800,45600340.0
20221216103000000,24.16595816,24.2832212,24.10732664,24.15618624,941378,23271185.0
20221216110000000,24.15618624,24.26367736,23.98029168,24.00960744,892022,21995110.0
20221216113000000,24.00960744,24.05846704,23.80439712,23.88257248,1260400,30901005.0
20221216133000000,23.8923444,23.91188824,23.66759024,23.78485328,1872102,45565234.0
20221216140000000,23.78485328,23.7946252,23.60895872,23.67736216,1848578,44831451.0
20221216143000000,23.67736216,23.71644984,23.61873064,23.61873064,1815200,43960723.0
20221216150000000,23.61873064,23.80439712,23.60895872,23.80439712,2568671,62321704.0
20221219100000000,23.63827448,23.92166016,23.5991868,23.7457656,1866600,45306835.0
20221219103000000,23.7457656,23.91188824,23.7457656,23.85325672,1171310,28581315.0
20221219110000000,23.83371288,23.8923444,23.73599368,23.83371288,778800,18975031.0
20221219113000000,23.86302864,23.8923444,23.75553752,23.80439712,615600,15011910.0
20221219133000000,23.80439712,23.87280056,23.70667792,23.81416904,773891,18838793.0
20221219140000000,23.81416904,23.88257248,23.76530944,23.80439712,1000300,24391172.0
20221219143000000,23.80439712,23.86302864,23.696906,23.7457656,1612900,39207111.0
20221219150000000,23.73599368,23.7457656,23.43306416,23.63827448,2238200,53918476.0
20221220100000000,23.58941488,23.87280056,23.452608,23.66759024,1280600,31111867.0
20221220103000000,23.68713408,23.77508136,23.56987104,23.73599368,737900,17863040.0
20221220110000000,23.72622176,23.91188824,23.71644984,23.8434848,1595890,38915448.0
20221220113000000,23.8434848,23.85325672,23.78485328,23.82394096,733600,17882617.0
20221220133000000,23.82394096,23.92166016,23.7946252,23.90211632,962900,23513269.0
20221220140000000,23.8923444,23.92166016,23.81416904,23.83371288,828500,20218334.0
20221220143000000,23.83371288,24.07801088,23.82394096,24.0389232,1277000,31329430.0
20221220150000000,24.0389232,24.0877828,23.96074784,23.98029168,1422800,34975021.0
20221221100000000,23.99983552,24.02915128,23.47215184,23.61873064,1423564,34437098.0
20221221103000000,23.60895872,23.62850256,23.46237992,23.54055528,852900,20541129.0
20221221110000000,23.54055528,23.60895872,23.49169568,23.54055528,501800,12093721.0
20221221113000000,23.54055528,23.56009912,23.38420456,23.39397648,1050200,25223904.0
20221221133000000,23.39397648,23.452608,23.1105908,23.13990656,1463800,34869406.0
20221221140000000,23.13013464,23.3548888,23.08127504,23.3548888,1015000,24111889.0
20221221143000000,23.36466072,23.452608,23.2571696,23.34511688,744900,17800254.0
20221221150000000,23.34511688,23.44283608,23.3060292,23.4037484,775627,18557363.0
20221222100000000,23.4037484,23.56009912,23.07150312,23.3060292,1327577,31562251.0
20221222103000000,23.3060292,23.73599368,23.29625728,23.67736216,2150888,51855926.0
20221222110000000,23.67736216,23.67736216,23.51123952,23.5991868,555020,13402195.0
20221222113000000,23.62850256,23.67736216,23.5014676,23.54055528,416500,10052543.0
20221222133000000,23.53078336,23.66759024,23.452608,23.48192376,453300,10926674.0
20221222140000000,23.48192376,23.48192376,23.28648536,23.3060292,503900,12047447.0
20221222143000000,23.34511688,23.34511688,23.16922232,23.16922232,807300,19185148.0
20221222150000000,23.17899424,23.3548888,23.1105908,23.3060292,1988115,47252676.0
20221223100000000,23.09104696,23.29625728,22.90538048,23.05195928,1194600,28140677.0
20221223103000000,23.05195928,23.17899424,22.9151524,22.92492432,780200,18373140.0
20221223110000000,22.92492432,22.99332776,22.69039824,22.719714,1067500,24996192.0
20221223113000000,22.72948592,22.92492432,22.65131056,22.83697704,1292900,30123751.0
20221223133000000,22.83697704,22.99332776,22.73925784,22.94446816,771600,18074334.0
20221223140000000,22.94446816,23.0128716,22.77834552,22.84674896,767047,17994242.0
20221223143000000,22.84674896,22.89560856,22.6708544,22.79788936,1149400,26770518.0
20221223150000000,22.79788936,22.9151524,22.74902976,22.83697704,1047700,24476484.0
20221226100000000,22.80766128,23.53078336,22.68062632,23.46237992,2197100,52451803.0
20221226103000000,23.44283608,23.6480464,23.36466072,23.53078336,1294300,31174066.0
20221226110000000,23.53078336,23.7457656,23.53078336,23.696906,1230214,29773867.0
20221226113000000,23.70667792,23.7457656,23.62850256,23.6480464,770900,18684357.0
20221226133000000,23.63827448,23.71644984,23.51123952,23.5503272,818900,19798452.0
20221226140000000,23.5503272,23.73599368,23.54055528,23.70667792,976703,23663711.0
20221226143000000,23.70667792,23.8434848,23.68713408,23.78485328,1851244,45011762.0
20221226150000000,23.78485328,23.7946252,23.6480464,23.7457656,1540301,37390223.0
20221227100000000,23.80439712,24.4298,23.65781832,24.41025616,2422400,59715113.0
20221227103000000,24.41025616,24.61546648,24.32230888,24.44934384,2452243,61482737.0
20221227110000000,24.46888768,24.49820344,24.34185272,24.44934384,1155791,28893475.0
20221227113000000,24.44934384,24.55683496,24.3809404,24.55683496,752300,18843758.0
20221227133000000,24.54706304,24.60569456,24.42002808,24.54706304,958500,24072346.0
20221227140000000,24.54706304,24.5763788,24.42002808,24.44934384,557600,13977744.0
20221227143000000,24.44934384,24.46888768,24.31253696,24.3320808,1065647,26578641.0
20221227150000000,24.3320808,24.4298,24.22458968,24.27344928,1928626,48021738.0
20221228100000000,24.20504584,24.43957192,23.8923444,24.0877828,1218717,30076941.0
20221228103000000,24.07801088,24.0877828,23.90211632,24.01937936,1068988,26222669.0
20221228110000000,24.0389232,24.25390544,23.99983552,24.24413352,561100,13868931.0
20221228113000000,24.25390544,24.3809404,24.21481776,24.32230888,666300,16571675.0
20221228133000000,24.30276504,24.31253696,23.9900636,24.07801088,915331,22580659.0
20221228140000000,24.07801088,24.185502,23.98029168,24.04869512,1064227,26237005.0
20221228143000000,24.04869512,24.21481776,24.01937936,24.16595816,986197,24334505.0
20221228150000000,24.16595816,24.22458968,24.12687048,24.1366424,1059666,26202329.0
20221229100000000,24.14641432,24.3809404,24.0389232,24.3809404,1501431,37200557.0
20221229103000000,24.3809404,24.41025616,24.0389232,24.12687048,1221764,30224192.0
20221229110000000,24.11709856,24.31253696,24.04869512,24.07801088,973800,24112334.0
20221229113000000,24.0877828,24.1366424,23.90211632,23.99983552,1040000,25559770.0
20221229133000000,24.01937936,24.50797536,24.01937936,24.4298,2554914,63713377.0
20221229140000000,24.42002808,24.54706304,23.97051976,23.98029168,2831715,70303453.0
20221229143000000,23.98029168,24.11709856,23.97051976,23.9900636,1476300,36306701.0
20221229150000000,23.98029168,24.27344928,23.98029168,24.05846704,2575332,63578944.0
20221230100000000,24.4786596,25.14315016,24.20504584,24.51774728,5490750,138501945.0
20221230103000000,24.51774728,24.64478224,24.40048424,24.54706304,1922500,48141955.0
20221230110000000,24.54706304,24.54706304,24.0877828,24.11709856,1184000,29354350.0
20221230113000000,24.11709856,24.15618624,23.96074784,24.04869512,961300,23693909.0
20221230133000000,24.06823896,24.20504584,23.96074784,23.9900636,927200,22823497.0
20221230140000000,23.9900636,24.0389232,23.87280056,23.941204,1010700,24767528.0
20221230143000000,23.941204,24.01937936,23.7457656,23.83371288,1282900,31339504.0
20221230150000000,23.82394096,24.21481776,23.82394096,24.16595816,3249600,80002480.0
20230103100000000,24.07801088,24.07801088,23.1594504,23.56009912,4465890,107545472.0
20230103103000000,23.57964296,23.63827448,23.27671344,23.38420456,2681800,64175476.0
20230103110000000,23.39397648,24.17573008,23.37443264,24.15618624,2205600,53762767.0
20230103113000000,24.15618624,24.35162464,23.99983552,24.26367736,2238888,55412045.0
20230103133000000,24.2832212,24.45911576,24.11709856,24.17573008,1405877,34962992.0
20230103140000000,24.17573008,24.25390544,24.05846704,24.19527392,2029136,50160128.0
20230103143000000,24.15618624,24.22458968,24.0877828,24.1366424,1543922,38196496.0
20230103150000000,24.11709856,24.21481776,24.09755472,24.12687048,2097450,51837696.0
20230104100000000,24.09755472,24.10732664,22.475416,22.53404752,15582115,365381552.0
20230104103000000,22.53404752,22.93469624,22.35815296,22.36792488,8905207,205884064.0
20230104110000000,22.36792488,22.3776968,21.98682,22.15294264,6719418,152754400.0
20230104113000000,22.12362688,22.1822584,21.90864464,21.92818848,5383739,121286288.0
20230104133000000,21.9379604,21.98682,21.71320624,21.73275008,7028105,156899120.0
20230104140000000,21.72297816,22.0356796,21.72297816,21.95750424,4536377,101504048.0
20230104143000000,21.96727616,22.05522344,21.8891008,21.96727616,5414813,121660384.0
20230104150000000,21.97704808,22.01613576,21.7913816,21.86955696,5397141,121144128.0
20230105100000000,21.86955696,22.48518792,21.7913816,22.25066184,12744076,289855632.0
20230105103000000,22.25066184,22.73925784,22.24088992,22.65131056,7859447,181340464.0
20230105110000000,22.65131056,22.88583664,22.63176672,22.83697704,6222065,144846128.0
20230105113000000,22.84674896,23.18876616,22.84674896,23.05195928,4087181,96483632.0
20230105133000000,23.04218736,23.18876616,22.99332776,23.02264352,2320600,54855008.0
20230105140000000,23.02264352,23.13013464,22.97378392,23.10081888,1363800,32210912.0
20230105143000000,23.09104696,23.19853808,23.0617312,23.10081888,2296774,54400048.0
20230105150000000,23.1105908,23.21808192,23.08127504,23.1594504,3001633,71163472.0
20230106100000000,22.98355584,22.99332776,22.60245096,22.70994208,5533838,128763984.0
20230106103000000,22.69039824,22.9151524,22.59267904,22.90538048,3281867,76336812.0
20230106110000000,22.9151524,23.17899424,22.89560856,22.97378392,1872896,44165250.0
20230106113000000,22.97378392,23.1594504,22.85652088,23.13990656,1638000,38627698.0
20230106133000000,23.14967848,23.24739768,23.00309968,23.05195928,2351313,55653776.0
20230106140000000,23.0617312,23.1105908,22.8662928,22.92492432,1858000,43626592.0
20230106143000000,22.9151524,23.10081888,22.90538048,23.02264352,1549000,36475936.0
20230106150000000,23.03241544,23.08127504,23.00309968,23.04218736,2450480,57797232.0
20230109100000000,23.0617312,23.696906,22.8662928,23.36466072,4697620,111933046.0
20230109103000000,23.37443264,23.4037484,23.0128716,23.27671344,2530187,60051706.0
20230109110000000,23.27671344,23.3548888,23.24739768,23.3060292,1404700,33488729.0
20230109113000000,23.3060292,23.38420456,23.16922232,23.31580112,2086900,49723892.0
20230109133000000,23.3060292,23.3548888,23.23762576,23.2571696,1265550,30160499.0
20230109140000000,23.2571696,23.33534496,23.17899424,23.29625728,1846433,43954784.0
20230109143000000,23.28648536,23.37443264,23.21808192,23.26694152,1807327,43088128.0
20230109150000000,23.26694152,23.4037484,23.24739768,23.26694152,3176269,75747088.0
20230110100000000,23.37443264,23.62850256,22.964012,23.43306416,2223700,53226258.0
20230110103000000,23.44283608,23.696906,23.44283608,23.46237992,1829247,44157994.0
20230110110000000,23.452608,23.61873064,23.3548888,23.61873064,1081190,25947896.0
20230110113000000,23.60895872,23.62850256,23.49169568,23.51123952,506900,12227739.0
20230110133000000,23.53078336,23.56009912,23.452608,23.54055528,622905,14992501.0
20230110140000000,23.5503272,23.93143208,23.46237992,23.93143208,3388220,82227999.0
20230110143000000,23.92166016,24.10732664,23.90211632,24.10732664,3776477,92803069.0
20230110150000000,24.11709856,24.1366424,23.88257248,23.96074784,2864600,70360832.0
20230111100000000,23.9900636,24.674098,23.77508136,24.00960744,3504150,87199980.0
20230111103000000,24.00960744,24.27344928,23.90211632,24.27344928,1205008,29654226.0
20230111110000000,24.2832212,24.32230888,24.10732664,24.15618624,843100,20884780.0
20230111113000000,24.16595816,24.20504584,24.05846704,24.14641432,624700,15428652.0
20230111133000000,24.1366424,24.1366424,23.95097592,23.96074784,792100,19460013.0
20230111140000000,23.96074784,24.02915128,23.85325672,23.90211632,1426756,34937708.0
20230111143000000,23.88257248,23.96074784,23.80439712,23.86302864,1856900,45356378.0
20230111150000000,23.86302864,23.91188824,23.80439712,23.91188824,1431829,34949687.0
20230112100000000,23.66759024,24.12687048,23.56009912,24.04869512,2170820,53133383.0
20230112103000000,24.0389232,24.35162464,24.0389232,24.10732664,1711126,42368629.0
20230112110000000,24.11709856,24.2343616,24.05846704,24.21481776,550500,13613933.0
20230112113000000,24.21481776,24.31253696,24.15618624,24.185502,691646,17155002.0
20230112133000000,24.17573008,24.25390544,24.10732664,24.15618624,683800,16927289.0
20230112140000000,24.14641432,24.41025616,24.11709856,24.35162464,1184200,29448483.0
20230112143000000,24.35162464,24.36139656,24.24413352,24.29299312,622500,15488993.0
20230112150000000,24.2832212,24.31253696,24.21481776,24.27344928,989260,24568128.0
20230113100000000,24.42002808,24.42002808,24.0389232,24.11709856,1034900,25565790.0
20230113103000000,24.10732664,24.26367736,24.0389232,24.0877828,1084237,26772626.0
20230113110000000,24.11709856,24.15618624,23.91188824,23.941204,765900,18820112.0
20230113113000000,23.941204,24.16595816,23.7946252,24.07801088,1151308,28233428.0
20230113133000000,24.05846704,24.36139656,24.02915128,24.0877828,1391306,34454937.0
20230113140000000,24.0877828,24.10732664,23.90211632,23.941204,522900,12835500.0
20230113143000000,23.941204,24.04869512,23.93143208,24.02915128,950300,23335659.0
20230113150000000,24.02915128,24.2832212,23.97051976,24.26367736,2123274,52582112.0
20230116100000000,24.01937936,24.45911576,23.5991868,24.19527392,3892852,95841241.0
20230116103000000,24.19527392,24.3320808,24.15618624,24.29299312,1248500,30961791.0
20230116110000000,24.29299312,24.5275192,24.25390544,24.45911576,1357000,33896680.0
20230116113000000,24.45911576,24.50797536,24.3320808,24.4298,933046,23333429.0
20230116133000000,24.4298,24.8206768,24.35162464,24.42002808,2756562,69254615.0
20230116140000000,24.41025616,24.43957192,24.26367736,24.30276504,1144300,28480676.0
20230116143000000,24.31253696,24.40048424,24.2832212,24.37116848,951884,23723072.0
20230116150000000,24.37116848,24.45911576,24.34185272,24.4298,1621365,40492464.0
20230117100000000,24.27344928,24.80113296,24.17573008,24.73272952,2628021,66181669.0
20230117103000000,24.75227336,25.28972896,24.7229576,25.07474672,5516622,140964291.0
20230117110000000,25.05520288,25.25064128,24.99657136,25.22132552,1890350,48653826.0
20230117113000000,25.2115536,25.88581608,25.10406248,25.42653584,5941200,154977318.0
20230117133000000,25.46562352,25.67083384,25.3092728,25.31904472,2279500,59476272.0
20230117140000000,25.31904472,25.41676392,25.18223784,25.28972896,1344900,34823008.0
20230117143000000,25.28972896,25.31904472,25.162694,25.2604132,1254414,32384704.0
20230117150000000,25.25064128,25.28972896,25.14315016,25.2604132,2247148,57953392.0
20230118100000000,25.34836048,25.65129,25.07474672,25.52425504,2838729,73644425.0
20230118103000000,25.52425504,25.96399144,25.4558516,25.90535992,4256162,112346154.0
20230118110000000,25.895588,25.895588,25.51448312,25.54379888,1057023,27775263.0
20230118113000000,25.51448312,25.66106192,25.4558516,25.58288656,653953,17105591.0
20230118133000000,25.58288656,26.25714904,25.57311464,26.0910264,3292808,87769575.0
20230118140000000,26.0910264,26.17897368,25.895588,26.02262296,1579500,42060304.0
20230118143000000,26.02262296,26.19851752,25.96399144,26.05193872,2348807,62771536.0
20230118150000000,26.0910264,26.1887456,25.9933072,26.10079832,3496234,93405488.0
20230119100000000,26.03239488,26.31578056,25.66106192,25.75878112,2864187,75928586.0
20230119103000000,25.75878112,26.11057024,25.70992152,25.97376336,1166300,30913602.0
20230119110000000,25.96399144,26.00307912,25.7490092,25.87604416,799600,21168154.0
20230119113000000,25.87604416,25.895588,25.72946536,25.72946536,969800,25611928.0
20230119133000000,25.7490092,26.00307912,25.73923728,25.81741264,1045800,27670497.0
20230119140000000,25.80764072,25.86627224,25.70992152,25.77832496,974200,25704949.0
20230119143000000,25.78809688,25.80764072,25.69037768,25.77832496,1079200,28427691.0
20230119150000000,25.77832496,25.895588,25.7490092,25.895588,1769800,46736929.0
20230120100000000,25.9444476,26.25714904,25.93467568,26.17897368,2121435,56642502.0
20230120103000000,26.16920176,26.27669288,25.91513184,25.9444476,1559000,41638620.0
20230120110000000,25.9444476,26.1887456,25.895588,26.02262296,1195200,31873865.0
20230120113000000,25.9933072,26.0910264,25.90535992,25.92490376,905700,24105920.0
20230120133000000,25.895588,26.03239488,25.78809688,25.8467284,1021500,27045394.0
20230120140000000,25.83695648,25.895588,25.78809688,25.7978688,1072500,28344969.0
20230120143000000,25.7978688,25.8467284,25.70992152,25.71969344,1260192,33234257.0
20230120150000000,25.70992152,25.88581608,25.70992152,25.8467284,1655421,43730681.0
20230130100000000,27.92814736,28.4362872,27.1659376,27.7522528,26239455,754761472.0
20230130103000000,27.81088432,28.22130496,27.37114792,28.16267344,5907770,167670032.0
20230130110000000,28.0454104,28.4362872,27.8988316,28.4362872,9719253,282096816.0
20230130113000000,28.4362872,28.4362872,28.31902416,28.4362872,9090089,264425232.0
20230130133000000,28.4362872,28.4362872,28.338568,28.42651528,2798175,81415648.0
20230130140000000,28.42651528,28.4362872,28.37765568,28.42651528,2943300,85606016.0
20230130143000000,28.42651528,28.4362872,28.1431296,28.1919892,3414600,98769248.0
20230130150000000,28.20176112,28.4362872,28.18221728,28.4362872,2671774,77564768.0
20230131100000000,27.85974392,28.6317256,27.6545336,27.87928776,10443984,301624368.0
20230131103000000,27.87928776,28.09427,27.78156856,28.0454104,3934748,112370000.0
20230131110000000,28.00632272,28.1431296,27.849972,27.91837544,2349400,67221072.0
20230131113000000,27.90860352,28.0454104,27.84020008,27.86951584,2089605,59708080.0
20230131133000000,28.00632272,29.0226024,28.00632272,28.44605912,11201680,326719312.0
20230131140000000,28.42651528,28.44605912,27.96723504,28.08449808,3520661,101357696.0
20230131143000000,28.08449808,28.09427,27.849972,27.85974392,4003902,114676400.0
20230131150000000,27.86951584,27.9476912,27.73270896,27.9476912,5274669,150218512.0
20230201100000000,27.95746312,29.32553192,27.56658632,28.99328664,18867366,554741120.0
20230201103000000,28.98351472,29.17895312,28.5340064,28.6317256,5242112,155015440.0
20230201110000000,28.6317256,28.69035712,28.1431296,28.31902416,5035675,146624240.0
20230201113000000,28.31902416,28.42651528,28.17244536,28.34833992,2472322,71613040.0
20230201133000000,28.34833992,28.47537488,28.2897084,28.2897084,2207867,64098672.0
20230201140000000,28.29948032,28.30925224,28.20176112,28.22130496,1839933,53182080.0
20230201143000000,28.22130496,28.32879608,28.18221728,28.32879608,3240021,93638608.0
20230201150000000,28.32879608,28.50469064,28.32879608,28.40697144,3788823,110115824.0
20230202100000000,28.3874276,28.81739208,28.1431296,28.4362872,4582021,133737327.0
20230202103000000,28.42651528,28.52423448,28.29948032,28.44605912,2977700,86499422.0
20230202110000000,28.44605912,28.54377832,28.26039264,28.29948032,2645235,76843475.0
20230202113000000,28.2897084,28.46560296,28.2897084,28.31902416,1870421,54358448.0
20230202133000000,28.338568,28.40697144,28.0454104,28.06495424,3083179,88852480.0
20230202140000000,28.06495424,28.10404192,27.8011124,27.85974392,3252200,93038384.0
20230202143000000,27.849972,28.07472616,27.849972,27.8988316,3135999,89662448.0
20230202150000000,27.88905968,28.00632272,27.849972,27.85974392,3677909,105015040.0
20230203100000000,27.71316512,28.01609464,27.48841096,27.54704248,3785585,107510337.0
20230203103000000,27.61544592,27.69362128,27.39069176,27.53727056,3112078,87769885.0
20230203110000000,27.54704248,27.849972,27.5079548,27.64476168,1516108,42961597.0
20230203113000000,27.6545336,27.76202472,27.37114792,27.42000752,2533700,71284597.0
20230203133000000,27.42000752,27.605674,27.24411296,27.605674,2177436,61048304.0
20230203140000000,27.605674,27.6545336,27.46886712,27.5079548,1518400,42865040.0
20230203143000000,27.5079548,28.338568,27.5079548,28.15290152,5277900,151180864.0
20230203150000000,28.1431296,28.15290152,27.96723504,28.00632272,1980505,56861376.0
20230206100000000,28.00632272,28.16267344,27.61544592,27.71316512,3501910,99920318.0
20230206103000000,27.71316512,28.02586656,27.67407744,27.849972,3190921,90913236.0
20230206110000000,27.82065624,27.87928776,27.67407744,27.71316512,1559985,44344092.0
20230206113000000,27.76202472,27.849972,27.49818288,27.54704248,1837224,51927762.0
20230206133000000,27.54704248,27.66430552,27.42000752,27.46886712,1539900,43358208.0
20230206140000000,27.46886712,27.62521784,27.4102356,27.53727056,1762300,49558624.0
20230206143000000,27.52749864,27.849972,27.52749864,27.7522528,2700900,76564784.0
20230206150000000,27.73270896,27.83042816,27.605674,27.77179664,2238458,63562928.0
20230207100000000,28.22130496,28.4851468,27.86951584,27.88905968,5216987,150625185.0
20230207103000000,27.91837544,28.18221728,27.849972,27.96723504,1755909,50300250.0
20230207110000000,28.00632272,28.0454104,27.74248088,27.77179664,1251100,35648155.0
20230207113000000,27.77179664,28.00632272,27.68384936,27.9476912,1469900,41864730.0
20230207133000000,27.9476912,27.9965508,27.7033932,27.8988316,1754200,50015632.0
20230207140000000,27.90860352,28.13335768,27.78156856,27.87928776,2392300,68382112.0
20230207143000000,27.86951584,28.827164,27.83042816,28.7294448,7130200,207476480.0
20230207150000000,28.7294448,28.7294448,28.10404192,28.338568,6006049,174325760.0
20230208100000000,28.2408488,28.6317256,27.9476912,27.9965508,3196000,92382150.0
20230208103000000,27.98677888,28.41674336,27.93791928,28.05518232,1577900,45432663.0
20230208110000000,28.05518232,28.338568,28.01609464,28.32879608,1426100,41176656.0
20230208113000000,28.32879608,28.338568,28.15290152,28.2408488,1143800,33075306.0
20230208133000000,28.2408488,28.29948032,28.08449808,28.11381384,704600,20300331.0
20230208140000000,28.11381384,28.12358576,27.9965508,28.06495424,856598,24585847.0
20230208143000000,28.06495424,28.1919892,27.97700696,28.01609464,1205200,34622311.0
20230208150000000,28.01609464,28.05518232,27.92814736,27.9965508,1754688,50264080.0
20230209100000000,28.00632272,28.41674336,27.86951584,28.27993648,2632635,75916351.0
20230209103000000,28.27993648,28.70990096,28.27993648,28.57309408,3124722,91130676.0
20230209110000000,28.56332216,28.70012904,28.41674336,28.47537488,2226700,65095806.0
20230209113000000,28.4851468,28.70012904,28.47537488,28.54377832,1585700,46411247.0
20230209133000000,28.57309408,28.7294448,28.51446256,28.70990096,2355000,69003952.0
20230209140000000,28.70012904,28.75876056,28.51446256,28.6317256,2218200,65018976.0
20230209143000000,28.6317256,28.827164,28.582866,28.64149752,3631426,106611232.0
20230209150000000,28.65126944,28.65126944,28.39719952,28.5340064,4091498,119397184.0
20230210100000000,28.47537488,28.85647976,28.26039264,28.4362872,3142400,91497801.0
20230210103000000,28.41674336,29.05191816,28.39719952,28.827164,4882457,143725325.0
20230210110000000,28.827164,28.8760236,28.49491872,28.582866,1978600,58015434.0
20230210113000000,28.60240984,28.61218176,28.29948032,28.29948032,1475700,42958688.0
20230210133000000,28.32879608,28.70012904,28.2897084,28.55355024,1518200,44333824.0
20230210140000000,28.55355024,28.7294448,28.4851468,28.70990096,1809675,53030960.0
20230210143000000,28.7294448,28.8760236,28.6805852,28.74898864,2634600,77617344.0
20230210150000000,28.75876056,28.94442704,28.6805852,28.827164,3733480,110087488.0
20230213100000000,28.54377832,28.9737428,28.32879608,28.84670784,3822286,112107973.0
20230213103000000,28.84670784,28.85647976,28.64149752,28.70990096,3784300,111372444.0
20230213110000000,28.70990096,28.76853248,28.5340064,28.66104136,2282368,66885823.0
20230213113000000,28.66104136,28.9248832,28.59263792,28.73921672,2030600,59815936.0
20230213133000000,28.67081328,28.86625168,28.62195368,28.85647976,1126300,33122736.0
20230213140000000,28.84670784,29.19849696,28.79784824,28.95419896,3512900,104343984.0
20230213143000000,28.93465512,29.071462,28.83693592,29.0226024,1987200,58920512.0
20230213150000000,29.01283048,29.01283048,28.84670784,28.94442704,1948307,57655248.0
20230214100000000,28.827164,29.31576,28.74898864,29.17895312,3596415,107299261.0
20230214103000000,29.18872504,30.15614512,29.1691812,29.96070672,11200938,342093795.0
20230214110000000,29.93139096,30.37112736,29.804356,30.36135544,4781146,147123344.0
20230214113000000,30.38089928,30.5861096,30.10728552,30.13660128,5287928,164413824.0
20230214133000000,30.10728552,30.11705744,29.88253136,29.88253136,1893600,58084688.0
20230214140000000,29.89230328,30.07796976,29.72618064,30.05842592,2064200,63072672.0
20230214143000000,30.01933824,30.16591704,29.84344368,30.16591704,2282338,70042000.0
20230214150000000,30.13660128,30.23432048,29.96070672,30.07796976,3367738,103782736.0
20230215100000000,29.8532156,30.2440924,29.79458408,30.18546088,2810806,86267935.0
20230215103000000,30.18546088,30.18546088,29.91184712,30.01933824,1567085,48141514.0
20230215110000000,30.01933824,30.11705744,29.94116288,30.06819784,1224800,37669968.0
20230215113000000,30.06819784,30.08774168,29.96070672,29.9997944,608200,18689143.0
20230215133000000,29.9997944,30.1463732,29.9020752,30.11705744,1555200,47850608.0
20230215140000000,30.1463732,30.50793424,30.13660128,30.38089928,2784544,86389360.0
20230215143000000,30.38089928,30.42975888,30.20500472,30.40044312,1681500,52153920.0
20230215150000000,30.3906712,30.47861848,30.31249584,30.38089928,2658326,82721200.0
20230216100000000,30.4395308,32.17893256,30.3418116,31.7098804,12145171,389584096.0
20230216103000000,31.65124888,31.70010848,30.98675832,31.11379328,2610688,83678096.0
20230216110000000,31.1235652,31.4167228,31.01607408,31.34831936,1681159,53680688.0
20230216113000000,31.30923168,31.8075996,31.27991592,31.79782768,2436311,78730848.0
20230216133000000,31.79782768,32.247336,31.5633016,32.15938872,4417161,144524208.0
20230216140000000,32.15938872,32.15938872,31.6121612,31.6610208,2774034,90293152.0
20230216143000000,31.6610208,31.6610208,31.08447752,31.09424944,4010613,128727856.0
20230216150000000,31.09424944,31.35809128,30.8792672,31.16265288,5188946,165317728.0
20230217100000000,31.16265288,31.62193312,30.50793424,30.65451304,5585917,177044035.0
20230217103000000,30.65451304,30.8304076,30.17568896,30.37112736,3910282,121742221.0
20230217110000000,30.36135544,30.54702192,30.21477664,30.31249584,2122052,65932352.0
20230217113000000,30.31249584,30.37112736,29.88253136,29.98025056,4735660,145841424.0
20230217133000000,29.9020752,30.1463732,29.53074224,29.62846144,6388784,194401136.0
20230217140000000,29.68709296,29.74572448,29.39393536,29.52097032,4744485,143537792.0
20230217143000000,29.54051416,29.7554964,29.32553192,29.32553192,2576750,77860416.0
20230217150000000,29.37439152,29.560058,29.31576,29.44279496,4056703,122241712.0
20230220100000000,29.76526832,29.84344368,28.89556744,29.37439152,4765531,143070870.0
20230220103000000,29.38416344,29.57960184,29.1691812,29.37439152,2294100,69008044.0
20230220110000000,29.3646196,29.42325112,29.04214624,29.09100584,2132500,63683646.0
20230220113000000,29.09100584,29.2180408,29.071462,29.13009352,799790,23842704.0
20230220133000000,29.13986544,29.58937376,29.10077776,29.57960184,2413800,72409216.0
20230220140000000,29.57960184,29.9020752,29.5111984,29.83367176,3196735,97055072.0
20230220143000000,29.82389984,29.93139096,29.55028608,29.63823336,4080300,124037696.0
20230220150000000,29.63823336,29.76526832,29.49165456,29.55028608,6999400,212263136.0
20230221100000000,29.25712848,29.9997944,29.15940928,29.76526832,3367100,102142786.0
20230221103000000,29.76526832,30.22454856,29.7066368,29.84344368,2674734,82101861.0
20230221110000000,29.82389984,29.8532156,29.560058,29.81412792,2224700,67624711.0
20230221113000000,29.8532156,29.88253136,29.48188264,29.64800528,2222101,67470354.0
20230221133000000,29.59914568,29.79458408,29.5111984,29.52097032,1051800,31908432.0
20230221140000000,29.52097032,29.58937376,29.31576,29.34507576,2085700,62795712.0
20230221143000000,29.37439152,29.54051416,29.33530384,29.4134792,2082800,62705888.0
20230221150000000,29.4134792,29.50142648,29.25712848,29.50142648,3111617,93492944.0
20230222100000000,29.30598808,29.62846144,29.071462,29.30598808,1944200,58275406.0
20230222103000000,29.2669004,29.49165456,29.2180408,29.34507576,869100,26117060.0
20230222110000000,29.34507576,29.68709296,29.34507576,29.62846144,1038300,31419161.0
20230222113000000,29.62846144,29.66754912,29.44279496,29.5111984,1049968,31762478.0
20230222133000000,29.54051416,29.61868952,29.32553192,29.48188264,1054330,31775372.0
20230222140000000,29.47211072,29.52097032,29.35484768,29.44279496,1391300,41945555.0
20230222143000000,29.43302304,29.52097032,29.32553192,29.42325112,1799786,54196504.0
20230222150000000,29.42325112,29.52097032,29.39393536,29.52097032,2022500,61004848.0
20230223100000000,29.4134792,29.52097032,29.03237432,29.1691812,2205405,65892651.0
20230223103000000,29.24735656,29.4134792,29.13986544,29.14963736,788800,23628108.0
20230223110000000,29.15940928,29.22781272,29.06169008,29.19849696,664200,19801956.0
20230223113000000,29.19849696,29.34507576,29.13009352,29.19849696,752600,22520509.0
20230223133000000,29.19849696,29.3646196,29.04214624,29.09100584,2540312,75838652.0
20230223140000000,29.10077776,29.13009352,28.827164,28.90533936,3415103,101183084.0
20230223143000000,28.90533936,28.96397088,28.62195368,28.70990096,3420757,100680192.0
20230223150000000,28.70012904,29.11054968,28.6805852,28.9737428,3582491,105922800.0
20230224100000000,28.89556744,29.10077776,28.70012904,28.8760236,2091333,61724840.0
20230224103000000,28.91511128,28.95419896,28.51446256,28.62195368,2257900,66357514.0
20230224110000000,28.62195368,28.7294448,28.52423448,28.66104136,984155,28828619.0
20230224113000000,28.65126944,28.85647976,28.61218176,28.73921672,862200,25376898.0
20230224133000000,28.70990096,28.89556744,28.70012904,28.7783044,1406100,41443608.0
20230224140000000,28.80762016,28.90533936,28.69035712,28.7294448,1358600,40032494.0
20230224143000000,28.71967288,28.76853248,28.582866,28.65126944,1421100,41636763.0
20230224150000000,28.66104136,28.74898864,28.57309408,28.67081328,2778239,81455952.0
20230227100000000,28.61218176,28.75876056,28.22130496,28.26039264,3141714,91444105.0
20230227103000000,28.25062072,28.55355024,28.25062072,28.52423448,1637900,47658794.0
20230227110000000,28.52423448,28.6805852,28.34833992,28.582866,1541240,44963923.0
20230227113000000,28.67081328,28.6805852,28.338568,28.42651528,2878200,83858866.0
20230227133000000,28.35811184,28.81739208,28.35811184,28.7783044,1494800,43918824.0
20230227140000000,28.7783044,28.7783044,28.44605912,28.62195368,1175300,34381520.0
20230227143000000,28.62195368,28.75876056,28.60240984,28.66104136,1250900,36744016.0
20230227150000000,28.70012904,28.70012904,28.4851468,28.64149752,2075000,60712272.0
20230228100000000,28.7294448,29.2180408,28.56332216,28.79784824,2046366,60614222.0
20230228103000000,28.79784824,28.94442704,28.70990096,28.89556744,1099900,32454824.0
20230228110000000,28.89556744,28.90533936,28.66104136,28.70012904,756900,22299522.0
20230228113000000,28.71967288,28.73921672,28.55355024,28.62195368,615300,18033331.0
20230228133000000,28.57309408,28.62195368,28.29948032,28.37765568,1381700,40194682.0
20230228140000000,28.37765568,28.44605912,28.30925224,28.34833992,1264200,36682622.0
20230228143000000,28.34833992,28.45583104,28.30925224,28.35811184,1806198,52424428.0
20230228150000000,28.35811184,28.67081328,28.338568,28.5340064,2945458,85960401.0
20230301100000000,28.34833992,28.70012904,28.29948032,28.66104136,2073637,60380739.0
20230301103000000,28.66104136,28.91511128,28.62195368,28.6805852,1878500,55304750.0
20230301110000000,28.67081328,28.6805852,28.35811184,28.44605912,1253181,36560741.0
20230301113000000,28.47537488,28.5340064,28.35811184,28.37765568,1286039,37404284.0
20230301133000000,28.3874276,28.44605912,28.13335768,28.1431296,3248800,93952158.0
20230301140000000,28.1431296,28.23107688,28.10404192,28.18221728,1985682,57210992.0
20230301143000000,28.1919892,28.27016456,28.15290152,28.26039264,1067310,30816272.0
20230301150000000,28.26039264,28.32879608,28.17244536,28.2897084,1743100,50391056.0
20230302100000000,28.2897084,28.46560296,27.37114792,27.90860352,9427032,267949048.0
20230302103000000,27.93791928,28.02586656,27.47863904,27.68384936,4898995,138865128.0
20230302110000000,27.68384936,27.95746312,27.66430552,27.77179664,2565200,72966176.0
20230302113000000,27.76202472,28.1919892,27.7522528,28.02586656,2336400,66949600.0
20230302133000000,28.02586656,28.10404192,27.77179664,27.88905968,1671300,47788448.0
20230302140000000,27.87928776,27.91837544,27.76202472,27.84020008,1152000,32807584.0
20230302143000000,27.8011124,27.849972,27.7033932,27.72293704,1261500,35820272.0
20230302150000000,27.72293704,27.8988316,27.64476168,27.82065624,2523754,71714160.0
20230303100000000,27.82065624,28.01609464,27.48841096,27.57635824,3064448,86752571.0
20230303103000000,27.58613016,27.68384936,27.38091984,27.44932328,2219100,62418599.0
20230303110000000,27.4590952,27.56658632,27.3125164,27.4590952,2293900,64418242.0
20230303113000000,27.4590952,27.49818288,27.25388488,27.42977944,2457400,68844044.0
20230303133000000,27.42977944,27.54704248,27.2636568,27.28320064,2475700,69310800.0
20230303140000000,27.28320064,27.52749864,27.2636568,27.37114792,1586382,44544384.0
20230303143000000,27.37114792,27.52749864,27.37114792,27.44932328,1118909,31457520.0
20230303150000000,27.44932328,27.605674,27.4102356,27.47863904,2559757,72078480.0
20230306100000000,27.38091984,27.73270896,27.1659376,27.72293704,3213487,90462789.0
20230306103000000,27.73270896,27.73270896,27.38091984,27.42000752,1631800,46073110.0
20230306110000000,27.42977944,27.73270896,27.42977944,27.62521784,1065612,30095497.0
20230306113000000,27.66430552,27.90860352,27.59590208,27.8988316,1545691,43979119.0
20230306133000000,27.90860352,27.96723504,27.79134048,27.82065624,1623100,46307570.0
20230306140000000,27.81088432,27.91837544,27.71316512,27.87928776,1181200,33633691.0
20230306143000000,27.87928776,27.9476912,27.82065624,27.93791928,1841200,52534112.0
20230306150000000,27.92814736,27.92814736,27.78156856,27.83042816,2216300,63141968.0
20230307100000000,27.74248088,27.82065624,27.40046368,27.49818288,2256400,63584709.0
20230307103000000,27.5079548,27.74248088,27.37114792,27.44932328,1359200,38333858.0
20230307110000000,27.43955136,27.48841096,27.29297256,27.38091984,1159000,32489331.0
20230307113000000,27.361376,27.42000752,27.24411296,27.38091984,817055,22853590.0
20230307133000000,27.361376,27.40046368,27.13662184,27.18548144,1399200,38972216.0
20230307140000000,27.18548144,27.24411296,27.0193588,27.0193588,1613900,44727881.0
20230307143000000,27.0193588,27.0682184,26.83369232,26.87278,2260934,62318543.0
20230307150000000,26.87278,27.04867456,26.7750608,26.91186768,4903807,135068112.0
20230308100000000,26.83369232,27.361376,26.83369232,27.15616568,1754500,48806769.0
20230308103000000,27.1659376,27.5568144,27.02913072,27.42977944,1706300,47760965.0
20230308110000000,27.42977944,27.43955136,27.14639376,27.2147972,962461,26894633.0
20230308113000000,27.2147972,27.23434104,26.99981496,27.03890264,1034475,28677001.0
20230308133000000,27.02913072,27.35160408,27.02913072,27.23434104,1287600,35846522.0
20230308140000000,27.22456912,27.24411296,27.03890264,27.05844648,804600,22326480.0
20230308143000000,27.05844648,27.117078,26.99981496,26.99981496,737879,20426177.0
20230308150000000,27.00958688,27.15616568,27.00958688,27.0682184,1018439,28230413.0
20230309100000000,27.14639376,27.22456912,26.9216396,27.00958688,1430333,39587415.0
20230309103000000,27.00958688,27.35160408,27.00958688,27.3125164,1104100,30790048.0
20230309110000000,27.30274448,27.33206024,27.09753416,27.15616568,1154300,32150734.0
20230309113000000,27.15616568,27.3125164,27.04867456,27.30274448,1219486,33876452.0
20230309133000000,27.32228832,27.4590952,27.14639376,27.23434104,2020700,56488542.0
20230309140000000,27.23434104,27.40046368,27.2147972,27.27342872,1295900,36198582.0
20230309143000000,27.27342872,27.58613016,27.2636568,27.42000752,3393500,95321347.0
20230309150000000,27.42977944,27.4590952,27.32228832,27.34183216,2937300,82361616.0
20230310100000000,27.0682184,27.4102356,26.93141152,26.98027112,2056089,57060353.0
20230310103000000,26.98027112,27.12684992,26.88255192,26.9216396,1515400,41848793.0
20230310110000000,26.9216396,27.14639376,26.85323616,26.98027112,1185779,32708744.0
20230310113000000,27.0193588,27.0193588,26.81414848,26.88255192,1473230,40559017.0
20230310133000000,26.88255192,27.29297256,26.88255192,26.93141152,995572,27548783.0
20230310140000000,26.94118344,27.0193588,26.9216396,26.95095536,979896,27042674.0
20230310143000000,26.95095536,27.4590952,26.94118344,27.37114792,4501065,125549956.0
20230310150000000,27.42977944,27.44932328,27.02913072,27.1659376,2075700,57774880.0
20230313100000000,26.50144704,26.94118344,26.36464016,26.49167512,4733055,129021878.0
20230313103000000,26.52099088,26.79460464,26.384184,26.42327168,3027600,82215169.0
20230313110000000,26.44281552,26.55030664,26.31578056,26.42327168,3163100,85536425.0
20230313113000000,26.42327168,26.4330436,26.26692096,26.35486824,4147832,111786096.0
20230313133000000,26.36464016,26.47213128,26.139886,26.46235936,4822807,129957952.0
20230313140000000,26.4819032,26.93141152,26.384184,26.7750608,3234208,88361760.0
20230313143000000,26.7750608,26.99004304,26.69688544,26.83369232,2846023,78160496.0
20230313150000000,26.84346424,26.9704992,26.78483272,26.89232384,3177226,87391648.0
20230314100000000,26.87278,26.87278,26.39395592,26.4819032,1810314,49214260.0
20230314103000000,26.46235936,26.4819032,26.19851752,26.26692096,1820617,49039566.0
20230314110000000,26.26692096,26.30600864,26.07148256,26.12034216,1864500,49900589.0
20230314113000000,26.10079832,26.21806136,25.895588,26.17897368,2534500,67490401.0
20230314133000000,26.20828944,26.87278,26.20828944,26.80437656,3009719,81941920.0
20230314140000000,26.80437656,26.80437656,26.46235936,26.6773416,1735100,47311488.0
20230314143000000,26.6773416,26.94118344,26.66756968,26.85323616,1950200,53460496.0
20230314150000000,26.86300808,26.87278,26.65779776,26.69688544,2357179,64598864.0
20230315100000000,26.78483272,27.78156856,26.78483272,27.78156856,6412501,179747158.0
20230315103000000,27.78156856,27.8988316,27.25388488,27.32228832,4270460,120704666.0
20230315110000000,27.32228832,27.4590952,27.23434104,27.34183216,1378423,38565136.0
20230315113000000,27.34183216,27.5079548,27.24411296,27.46886712,1014395,28372768.0
20230315133000000,27.46886712,27.46886712,27.14639376,27.1659376,1600399,44642080.0
20230315140000000,27.1659376,27.24411296,27.09753416,27.12684992,808800,22469392.0
20230315143000000,27.117078,27.14639376,26.96072728,26.96072728,1170800,32420816.0
20230315150000000,26.96072728,27.02913072,26.90209576,26.93141152,1205650,33246880.0
20230316100000000,26.75551696,27.19525336,26.628482,26.7262012,2070429,57029552.0
20230316103000000,26.76528888,26.79460464,26.56007856,26.65779776,1295683,35339123.0
20230316110000000,26.64802584,26.85323616,26.56985048,26.73597312,1060500,28961402.0
20230316113000000,26.73597312,26.8239204,26.68711352,26.75551696,501100,13723074.0
20230316133000000,26.74574504,26.75551696,26.5307628,26.54053472,937900,25560504.0
20230316140000000,26.54053472,26.69688544,26.54053472,26.58939432,729900,19874240.0
20230316143000000,26.5796224,26.61871008,26.384184,26.44281552,1073100,29081614.0
20230316150000000,26.4330436,26.60893816,26.384184,26.44281552,1259659,34159047.0
20230317100000000,26.46235936,26.75551696,26.21806136,26.2864648,2588500,69883608.0
20230317103000000,26.3353244,26.37441208,26.139886,26.1887456,3129400,83993665.0
20230317110000000,26.1887456,26.25714904,25.97376336,26.11057024,3394500,90706345.0
20230317113000000,26.12034216,26.56007856,26.0421668,26.46235936,3053700,82245902.0
20230317133000000,26.4819032,26.50144704,26.08125448,26.14965792,2847026,76469312.0
20230317140000000,26.139886,26.32555248,26.07148256,26.16920176,2261800,60616672.0
20230317143000000,26.17897368,26.17897368,25.93467568,25.96399144,2187223,58299072.0
20230317150000000,25.95421952,26.21806136,25.90535992,26.01285104,2361307,62889952.0
20230320100000000,26.11057024,26.16920176,25.62197424,25.90535992,7768562,205058901.0
20230320103000000,25.90535992,26.64802584,25.77832496,26.41349976,5115017,137489019.0
20230320110000000,26.39395592,26.65779776,26.2864648,26.55030664,2968700,80472384.0
20230320113000000,26.55030664,26.68711352,26.42327168,26.64802584,1373100,37342800.0
20230320133000000,26.63825392,26.87278,26.384184,26.78483272,2632345,71705408.0
20230320140000000,26.78483272,26.8239204,26.47213128,26.5307628,1426600,38934832.0
20230320143000000,26.52099088,26.54053472,26.2376052,26.29623672,1916300,51675696.0
20230320150000000,26.29623672,26.37441208,26.21806136,26.3353244,1603083,43119280.0
20230321100000000,26.6773416,27.09753416,26.2376052,27.00958688,4312800,117723301.0
20230321103000000,27.0193588,27.48841096,26.9704992,27.27342872,4675759,130115657.0
20230321110000000,27.25388488,27.53727056,27.2147972,27.39069176,3548100,99501554.0
20230321113000000,27.40046368,27.51772672,27.27342872,27.33206024,2199300,61636672.0
20230321133000000,27.361376,27.37114792,27.03890264,27.0682184,1426600,39641344.0
20230321140000000,27.0682184,27.35160408,26.98027112,27.02913072,1425900,39596960.0
20230321143000000,27.0193588,27.117078,26.96072728,26.99004304,1364400,37757024.0
20230321150000000,26.98027112,27.117078,26.94118344,27.0193588,1992724,55052384.0
20230322100000000,27.28320064,28.3874276,27.18548144,28.18221728,9398000,269561680.0
20230322103000000,28.16267344,28.37765568,27.87928776,28.338568,3398126,97895856.0
20230322110000000,28.338568,28.582866,28.25062072,28.42651528,3268200,95032768.0
20230322113000000,28.40697144,28.50469064,28.11381384,28.13335768,1812925,52319952.0
20230322133000000,28.1431296,28.79784824,28.0454104,28.21153304,4439153,129140368.0
20230322140000000,28.21153304,28.5340064,28.1919892,28.47537488,1555600,45255296.0
20230322143000000,28.4851468,28.6317256,28.3874276,28.582866,2165700,63241520.0
20230322150000000,28.55355024,28.90533936,28.55355024,28.67081328,7061253,207646064.0
20230323100000000,28.36788376,29.59914568,28.34833992,29.2669004,10936909,325873968.0
20230323103000000,29.22781272,29.40370728,29.08123392,29.25712848,4161580,124675680.0
20230323110000000,29.25712848,29.560058,29.1691812,29.48188264,4200770,126460640.0
20230323113000000,29.47211072,29.5111984,29.25712848,29.2669004,2201400,66182880.0
20230323133000000,29.27667232,29.32553192,29.06169008,29.06169008,2493200,74417760.0
20230323140000000,29.06169008,29.31576,29.0226024,29.1203216,1942254,57982608.0
20230323143000000,29.10077776,29.30598808,29.09100584,29.19849696,1890526,56451328.0
20230323150000000,29.20826888,29.3646196,29.13009352,29.28644424,2528000,75666224.0
20230324100000000,29.31576,29.7066368,28.85647976,28.90533936,7656700,229330850.0
20230324103000000,28.8760236,28.96397088,28.61218176,28.66104136,4453200,131147406.0
20230324110000000,28.67081328,28.7783044,28.52423448,28.6317256,2346406,68722880.0
20230324113000000,28.65126944,28.76853248,28.56332216,28.76853248,1256627,36837392.0
20230324133000000,28.73921672,28.91511128,28.56332216,28.81739208,2385769,70068080.0
20230324140000000,28.81739208,29.15940928,28.76853248,29.0226024,2020900,59952512.0
20230324143000000,29.04214624,29.1691812,28.99328664,29.05191816,2033452,60542048.0
20230324150000000,29.05191816,29.15940928,29.00305856,29.11054968,1888500,56237056.0
20230327100000000,28.7294448,29.0226024,28.338568,28.42651528,5730000,167824045.0
20230327103000000,28.42651528,28.49491872,28.16267344,28.20176112,4496000,130421475.0
20230327110000000,28.20176112,28.338568,27.849972,28.02586656,5357200,154018272.0
20230327113000000,28.02586656,28.03563848,27.76202472,27.82065624,2093555,59724576.0
20230327133000000,27.82065624,28.40697144,27.82065624,28.2897084,1777200,51245744.0
20230327140000000,28.2897084,28.49491872,28.25062072,28.49491872,1272200,36939024.0
20230327143000000,28.49491872,28.51446256,28.26039264,28.30925224,1689646,49065936.0
20230327150000000,28.30925224,28.39719952,28.25062072,28.338568,1668095,48343024.0
20230328100000000,28.09427,28.2408488,27.81088432,27.9476912,2091713,59963590.0
20230328103000000,27.92814736,28.06495424,27.8011124,28.06495424,1462800,41736796.0
20230328110000000,28.0454104,28.26039264,27.96723504,28.26039264,1348600,38817838.0
20230328113000000,28.2408488,28.52423448,28.2408488,28.47537488,2165213,62983695.0
20230328133000000,28.47537488,29.31576,28.39719952,29.14963736,4757800,140919729.0
20230328140000000,29.13009352,29.2669004,28.80762016,28.827164,3741642,111243248.0
20230328143000000,28.827164,28.95419896,28.70990096,28.7783044,3994033,117833232.0
20230328150000000,28.78807632,28.78807632,28.582866,28.61218176,3873045,113613360.0
20230329100000000,28.827164,30.2440924,28.6317256,29.99002248,11911770,362005136.0
20230329103000000,29.97047864,30.35158352,29.7066368,30.26363624,7467872,229402240.0
20230329110000000,30.28318008,30.292952,29.87275944,29.91184712,3027265,93059584.0
20230329113000000,29.91184712,30.048654,29.78481216,30.048654,2440722,74618032.0
20230329133000000,30.048654,30.26363624,29.9997944,30.16591704,2818374,86902496.0
20230329140000000,30.16591704,30.45907464,30.10728552,30.1952328,4055600,125703584.0
20230329143000000,30.1952328,30.27340816,30.07796976,30.15614512,2862450,88397392.0
20230329150000000,30.1463732,30.32226776,30.06819784,30.25386432,4602641,142166464.0
20230330100000000,29.97047864,30.3418116,29.23758464,29.61868952,7756060,235012147.0
20230330103000000,29.6089176,29.67732104,29.39393536,29.45256688,2519000,76148493.0
20230330110000000,29.44279496,29.49165456,29.28644424,29.35484768,2462331,74031616.0
20230330113000000,29.35484768,29.804356,29.35484768,29.804356,1414426,42843808.0
20230330133000000,29.804356,30.25386432,29.6577772,30.16591704,2838103,87294752.0
20230330140000000,30.17568896,30.23432048,29.92161904,29.93139096,1570000,48368528.0
20230330143000000,29.93139096,29.93139096,29.68709296,29.83367176,1918300,58467152.0
20230330150000000,29.82389984,29.98025056,29.804356,29.93139096,2223327,68016448.0
20230331100000000,29.66754912,29.79458408,29.1203216,29.47211072,4330000,129925077.0
20230331103000000,29.45256688,29.58937376,29.29621616,29.33530384,1992900,60005348.0
20230331110000000,29.33530384,29.3646196,29.22781272,29.31576,1603000,48087257.0
20230331113000000,29.32553192,29.74572448,29.32553192,29.4134792,1235600,37397886.0
20230331133000000,29.42325112,29.5111984,29.31576,29.3646196,1503850,45235904.0
20230331140000000,29.37439152,29.6577772,29.32553192,29.54051416,1428000,43095008.0
20230331143000000,29.55028608,29.63823336,29.47211072,29.58937376,1532374,46392480.0
20230331150000000,29.57960184,29.64800528,29.49165456,29.560058,2023924,61236080.0
20230403100000000,29.83367176,30.44930272,29.18872504,29.24735656,8472073,257864781.0
20230403103000000,29.24735656,29.560058,29.1203216,29.19849696,4426270,132556435.0
20230403110000000,29.2180408,29.34507576,28.9248832,29.04214624,2852900,84920496.0
20230403113000000,29.0226024,29.04214624,28.79784824,29.03237432,3792400,112123280.0
20230403133000000,29.09100584,29.15940928,28.7294448,28.7294448,3413719,100780880.0
20230403140000000,28.7294448,28.827164,28.66104136,28.6805852,3024700,88851680.0
20230403143000000,28.70012904,28.91511128,28.69035712,28.76853248,2693857,79338768.0
20230403150000000,28.7783044,28.94442704,28.7294448,28.90533936,2886271,85140688.0
20230404100000000,28.55355024,28.827164,28.05518232,28.66104136,6950032,202343275.0
20230404103000000,28.69035712,28.90533936,28.07472616,28.07472616,5997800,175032597.0
20230404110000000,28.07472616,28.338568,27.8011124,28.2897084,6838284,196278624.0
20230404113000000,28.30925224,28.34833992,28.00632272,28.30925224,3443250,99321280.0
20230404133000000,28.32879608,28.52423448,28.15290152,28.52423448,2819524,81697344.0
20230404140000000,28.51446256,28.65126944,28.15290152,28.23107688,3213835,93516608.0
20230404143000000,28.23107688,28.338568,28.12358576,28.26039264,2507450,72398704.0
20230404150000000,28.25062072,28.57309408,28.2408488,28.55355024,4542910,132368080.0
20230406100000000,28.25062072,28.31902416,27.2636568,27.37114792,9070000,256909270.0
20230406103000000,27.39069176,27.49818288,27.02913072,27.23434104,7786200,217259978.0
20230406110000000,27.22456912,27.38091984,27.1659376,27.27342872,3794200,105787280.0
20230406113000000,27.28320064,27.84020008,27.20502528,27.74248088,3859580,108781504.0
20230406133000000,27.79134048,27.849972,27.47863904,27.76202472,4144444,117539808.0
20230406140000000,27.7522528,27.98677888,27.73270896,27.92814736,4595600,130907328.0
20230406143000000,27.91837544,28.06495424,27.7522528,28.05518232,3455202,98602288.0
20230406150000000,28.05518232,28.23107688,27.9965508,28.1431296,3722304,107145232.0
20230407100000000,28.0454104,28.10404192,27.61544592,27.9965508,3903900,111184262.0
20230407103000000,28.00632272,28.09427,27.87928776,28.06495424,1993194,57100375.0
20230407110000000,28.0454104,28.23107688,28.03563848,28.1431296,2696700,77685947.0
20230407113000000,28.1431296,28.4851468,28.05518232,28.42651528,3562893,103091528.0
20230407133000000,28.4362872,28.69035712,28.34833992,28.66104136,3605596,105401280.0
20230407140000000,28.66104136,28.67081328,28.49491872,28.582866,2612108,76376320.0
20230407143000000,28.582866,28.83693592,28.41674336,28.79784824,3639062,106650320.0
20230407150000000,28.79784824,28.827164,28.69035712,28.75876056,3755800,110630976.0
20230410100000000,28.6317256,28.90533936,28.02586656,28.20176112,4204400,121985884.0
20230410103000000,28.20176112,28.59263792,28.07472616,28.07472616,2961380,85790678.0
20230410110000000,28.12358576,28.27016456,27.4590952,27.52749864,7643974,217311838.0
20230410113000000,27.48841096,27.59590208,27.07799032,27.42000752,5119370,143131312.0
20230410133000000,27.42977944,28.27993648,27.27342872,28.1919892,3785300,107790192.0
20230410140000000,28.20176112,28.29948032,28.06495424,28.22130496,2211973,63846656.0
20230410143000000,28.21153304,28.21153304,27.72293704,27.8988316,1653600,47362640.0
20230410150000000,27.8988316,28.10404192,27.72293704,27.81088432,2352900,67222928.0
20230411100000000,27.849972,27.9476912,26.80437656,27.17570952,10357357,287298224.0
20230411103000000,27.20502528,27.67407744,26.96072728,27.67407744,7241354,202321104.0
20230411110000000,27.6545336,27.76202472,27.52749864,27.71316512,2637201,74681472.0
20230411113000000,27.66430552,27.7522528,27.28320064,27.49818288,2032800,57101344.0
20230411133000000,27.5568144,27.5568144,27.28320064,27.52749864,1069800,30019216.0
20230411140000000,27.52749864,27.67407744,27.38091984,27.4590952,1304345,36755088.0
20230411143000000,27.42977944,27.57635824,27.32228832,27.32228832,1428400,40089328.0
20230411150000000,27.34183216,27.39069176,27.20502528,27.37114792,2807405,78429232.0
20230412100000000,26.98027112,27.92814736,26.78483272,27.66430552,5754153,161474943.0
20230412103000000,27.68384936,27.76202472,27.37114792,27.47863904,2254700,63561932.0
20230412110000000,27.52749864,27.82065624,27.37114792,27.7522528,1718146,48619653.0
20230412113000000,27.7522528,27.7522528,27.49818288,27.56658632,911800,25765600.0
20230412133000000,27.57635824,27.57635824,27.12684992,27.12684992,4014500,112257648.0
20230412140000000,27.13662184,27.25388488,27.04867456,27.117078,3083700,85643104.0
20230412143000000,27.117078,27.28320064,27.04867456,27.23434104,4498900,124913216.0
20230412150000000,27.1659376,27.30274448,27.117078,27.2147972,3012485,83884928.0
20230413100000000,27.35160408,27.35160408,26.41349976,26.5307628,6384139,174031432.0
20230413103000000,26.52099088,26.76528888,26.384184,26.68711352,2967700,80583042.0
20230413110000000,26.6773416,26.86300808,26.54053472,26.7750608,1937450,52998966.0
20230413113000000,26.75551696,26.83369232,26.49167512,26.60893816,1634597,44565296.0
20230413133000000,26.64802584,26.79460464,26.51121896,26.56007856,1371941,37391104.0
20230413140000000,26.56007856,26.56007856,26.384184,26.4330436,2309602,62508464.0
20230413143000000,26.42327168,26.56007856,26.384184,26.46235936,1976147,53454176.0
20230413150000000,26.44281552,26.44281552,26.24737712,26.384184,3684699,99281664.0
20230414100000000,26.34509632,26.46235936,26.14965792,26.25714904,3184321,85499543.0
20230414103000000,26.24737712,26.40372784,26.08125448,26.34509632,2406731,64590569.0
20230414110000000,26.34509632,26.4330436,26.22783328,26.39395592,1648268,44481306.0
20230414113000000,26.41349976,26.52099088,26.36464016,26.50144704,1006300,27238065.0
20230414133000000,26.51121896,26.55030664,26.36464016,26.47213128,1054300,28558522.0
20230414140000000,26.47213128,26.74574504,26.39395592,26.69688544,2035158,55470891.0
20230414143000000,26.70665736,26.73597312,26.5796224,26.58939432,1109900,30269696.0
20230414150000000,26.58939432,26.58939432,26.44281552,26.4819032,1660253,45029264.0
20230417100000000,26.40372784,26.93141152,26.34509632,26.64802584,4822563,131509557.0
20230417103000000,26.64802584,26.99004304,26.628482,26.91186768,2784400,76479832.0
20230417110000000,26.90209576,26.9216396,26.78483272,26.91186768,1465400,40307716.0
20230417113000000,26.91186768,26.94118344,26.83369232,26.88255192,1197600,32964591.0
20230417133000000,26.91186768,26.93141152,26.7262012,26.79460464,1416400,38896160.0
20230417140000000,26.79460464,26.79460464,26.5307628,26.54053472,1655400,45101424.0
20230417143000000,26.54053472,26.71642928,26.5307628,26.628482,1492000,40654160.0
20230417150000000,26.6773416,26.7262012,26.56985048,26.628482,1759716,47970880.0
20230418100000000,26.49167512,26.66756968,26.2864648,26.4819032,2983630,80638595.0
20230418103000000,26.47213128,26.4819032,26.29623672,26.32555248,1623900,43812018.0
20230418110000000,26.32555248,26.32555248,26.21806136,26.30600864,1283246,34498414.0
20230418113000000,26.32555248,26.384184,26.2864648,26.35486824,596500,16076399.0
20230418133000000,26.35486824,26.83369232,26.35486824,26.78483272,1588500,43376064.0
20230418140000000,26.76528888,27.12684992,26.75551696,27.02913072,2347999,64755566.0
20230418143000000,27.05844648,27.05844648,26.76528888,26.8239204,1327400,36466624.0
20230418150000000,26.84346424,26.86300808,26.73597312,26.75551696,1507343,41311296.0
20230419100000000,26.7750608,26.88255192,26.5307628,26.60893816,1870168,51025726.0
20230419103000000,26.59916624,26.60893816,25.95421952,26.13011408,6067300,162685432.0
20230419110000000,26.13011408,26.40372784,26.13011408,26.31578056,2841374,76377658.0
20230419113000000,26.31578056,26.5307628,26.2864648,26.44281552,1287747,34797680.0
20230419133000000,26.46235936,26.46235936,26.0910264,26.16920176,2197000,58936064.0
20230419140000000,26.15942984,26.22783328,25.895588,25.97376336,3945463,105090048.0
20230419143000000,25.96399144,26.03239488,25.895588,25.93467568,3006200,79799808.0
20230419150000000,25.93467568,26.02262296,25.86627224,25.9444476,2600000,68942288.0
20230420100000000,26.0910264,26.35486824,25.9444476,26.19851752,3219750,86305076.0
20230420103000000,26.1887456,26.2864648,25.87604416,26.06171064,1660097,44318768.0
20230420110000000,26.06171064,26.13011408,25.96399144,25.96399144,1851045,49349007.0
20230420113000000,25.96399144,26.00307912,25.8467284,25.95421952,2586000,68559469.0
20230420133000000,25.96399144,26.07148256,25.69037768,25.80764072,2977700,78730736.0
20230420140000000,25.7978688,26.01285104,25.7978688,25.83695648,1116855,29608816.0
20230420143000000,25.8467284,25.88581608,25.68060576,25.76855304,3088207,81420496.0
20230420150000000,25.75878112,25.91513184,25.75878112,25.895588,1869006,49419392.0
20230421100000000,25.76855304,25.96399144,24.84999256,24.8695364,7732119,199572530.0
20230421103000000,24.87930832,24.918396,24.31253696,24.36139656,10384943,261153006.0
20230421110000000,24.36139656,24.88908024,24.36139656,24.5275192,4290505,108344304.0
20230421113000000,24.53729112,24.74250144,24.43957192,24.43957192,2941300,74063792.0
20230421133000000,24.43957192,25.39722008,24.43957192,24.8695364,6969800,178292000.0
20230421140000000,24.8695364,25.27018512,24.84022064,25.19200976,3694400,94839840.0
20230421143000000,25.18223784,25.18223784,24.8206768,24.83044872,3073700,78707920.0
20230421150000000,24.8206768,24.9672556,24.7718172,24.79136104,3114711,79276112.0
20230424100000000,24.80113296,24.9672556,24.41025616,24.61546648,4437665,111907397.0
20230424103000000,24.60569456,24.61546648,24.2832212,24.40048424,3101400,77538609.0
20230424110000000,24.41025616,24.54706304,24.32230888,24.32230888,1971900,49212546.0
20230424113000000,24.31253696,24.98679944,24.31253696,24.97702752,3195481,80675048.0
20230424133000000,24.98679944,25.13337824,24.69364184,24.70341376,2592100,66074688.0
20230424140000000,24.69364184,24.7229576,24.44934384,24.61546648,1480116,37189248.0
20230424143000000,24.60569456,24.61546648,24.39071232,24.46888768,1619436,40536736.0
20230424150000000,24.4786596,24.4786596,24.35162464,24.41025616,2087668,52119872.0
20230425100000000,24.41025616,24.56660688,23.5991868,23.60895872,7299658,179074126.0
20230425103000000,23.6480464,23.8434848,23.47215184,23.5014676,6808193,164929122.0
20230425110000000,23.49169568,23.78485328,23.43306416,23.77508136,3677900,88843408.0
20230425113000000,23.78485328,23.88257248,23.51123952,23.53078336,2330300,56526288.0
20230425133000000,23.53078336,23.56009912,23.31580112,23.46237992,2813600,67439760.0
20230425140000000,23.46237992,23.5991868,23.32557304,23.5503272,2479300,59457488.0
20230425143000000,23.54055528,23.7457656,23.54055528,23.67736216,3315488,80251264.0
20230425150000000,23.67736216,23.85325672,23.60895872,23.7457656,5019600,122021824.0
20230426100000000,23.6480464,24.00960744,23.48192376,23.57964296,5570022,135564057.0
20230426103000000,23.57964296,23.60895872,23.24739768,23.43306416,4549700,108974476.0
20230426110000000,23.43306416,23.71644984,23.37443264,23.57964296,3459099,83348491.0
20230426113000000,23.57964296,23.97051976,23.56009912,23.68713408,2471679,60025104.0
20230426133000000,23.68713408,24.22458968,23.68713408,24.09755472,4006100,98603424.0
20230426140000000,24.09755472,24.20504584,23.85325672,24.11709856,2766400,68117216.0
20230426143000000,24.11709856,24.12687048,23.86302864,23.86302864,2323176,57128448.0
20230426150000000,23.86302864,23.91188824,23.72622176,23.8923444,2214266,53950144.0
20230427100000000,23.87280056,24.5275192,23.7946252,24.41025616,5814686,144182781.0
20230427103000000,24.39071232,24.46888768,24.19527392,24.22458968,3536500,88159712.0
20230427110000000,24.22458968,24.22458968,23.87280056,24.01937936,3071200,75565219.0
20230427113000000,24.02915128,24.02915128,23.66759024,23.72622176,2337699,57032944.0
20230427133000000,23.696906,23.96074784,23.67736216,23.92166016,1893100,46115808.0
20230427140000000,23.92166016,24.06823896,23.85325672,23.88257248,1849000,45293888.0
20230427143000000,23.90211632,23.95097592,23.5991868,23.63827448,2334800,56662368.0
20230427150000000,23.63827448,23.70667792,23.5991868,23.65781832,2703963,65425280.0
20230428100000000,23.66759024,24.5275192,23.66759024,24.39071232,6904903,171842836.0
20230428103000000,24.4298,24.4298,24.04869512,24.07801088,2128000,52641858.0
20230428110000000,24.07801088,24.09755472,23.86302864,23.98029168,1597400,39193648.0
20230428113000000,23.9900636,23.9900636,23.81416904,23.85325672,1146400,28015562.0
20230428133000000,23.86302864,24.2343616,23.86302864,24.09755472,2007300,49526080.0
20230428140000000,24.1366424,24.1366424,23.91188824,23.95097592,1285100,31580528.0
20230428143000000,23.95097592,24.11709856,23.86302864,24.07801088,1460400,35834480.0
20230428150000000,24.07801088,24.14641432,24.02915128,24.1366424,1798742,44362288.0
20230504100000000,24.1366424,24.16595816,23.6480464,23.90211632,3313700,81004417.0
20230504103000000,23.8923444,23.8923444,23.5014676,23.51123952,3711900,89847912.0
20230504110000000,23.51123952,23.58941488,23.37443264,23.38420456,2078800,49958983.0
20230504113000000,23.37443264,23.4037484,23.27671344,23.32557304,2433902,58142624.0
20230504133000000,23.33534496,23.5014676,23.12036272,23.48192376,3049908,72591280.0
20230504140000000,23.49169568,23.6480464,23.46237992,23.52101144,1999700,48218064.0
20230504143000000,23.53078336,23.56987104,23.3548888,23.39397648,2110400,50643312.0
20230504150000000,23.39397648,23.452608,23.34511688,23.452608,2478913,59334096.0
20230505100000000,23.49169568,23.65781832,23.24739768,23.4037484,1914696,45858216.0
20230505103000000,23.4037484,23.43306416,23.12036272,23.18876616,1863646,44396885.0
20230505110000000,23.18876616,23.28648536,23.08127504,23.27671344,1268427,30119447.0
20230505113000000,23.27671344,23.27671344,23.03241544,23.14967848,1082500,25606595.0
20230505133000000,23.1594504,23.19853808,23.03241544,23.07150312,1379130,32575198.0
20230505140000000,23.07150312,23.13990656,22.98355584,23.10081888,1361118,32112531.0
20230505143000000,23.09104696,23.3060292,23.08127504,23.22785384,1237500,29421860.0
20230505150000000,23.21808192,23.27671344,23.1594504,23.23762576,1236106,29374180.0
20230508100000000,23.4037484,23.42329224,22.94446816,23.07150312,3601605,85113795.0
20230508103000000,23.07150312,23.18876616,22.90538048,23.1105908,2645849,62329805.0
20230508110000000,23.1105908,23.13990656,22.92492432,22.99332776,1974689,46515196.0
20230508113000000,23.00309968,23.13990656,22.94446816,23.1105908,1346307,31709205.0
20230508133000000,23.12036272,23.57964296,23.10081888,23.5014676,3483882,83159055.0
20230508140000000,23.53078336,23.62850256,23.43306416,23.54055528,3001600,72286624.0
20230508143000000,23.54055528,23.56987104,23.31580112,23.32557304,1966200,47113120.0
20230508150000000,23.33534496,23.39397648,23.20831,23.23762576,3011009,71714464.0
20230509100000000,23.37443264,23.37443264,22.84674896,23.04218736,3812959,89980583.0
20230509103000000,23.02264352,23.47215184,22.9151524,23.34511688,4840847,114853689.0
20230509110000000,23.3548888,23.8434848,23.28648536,23.5991868,4595400,111204496.0
20230509113000000,23.56009912,23.6480464,23.4037484,23.47215184,1792900,43165200.0
20230509133000000,23.47215184,23.67736216,23.41352032,23.61873064,2482100,59901280.0
20230509140000000,23.61873064,23.68713408,23.5014676,23.58941488,3199200,77289328.0
20230509143000000,23.57964296,23.696906,23.51123952,23.58941488,2759533,66669328.0
20230509150000000,23.58941488,23.58941488,23.42329224,23.46237992,1756579,42220688.0
20230510100000000,23.4037484,23.57964296,23.08127504,23.17899424,2738341,65199698.0
20230510103000000,23.18876616,23.18876616,22.9151524,22.99332776,2205600,52009168.0
20230510110000000,22.99332776,23.02264352,22.82720512,22.90538048,1862800,43649697.0
20230510113000000,22.9151524,23.17899424,22.89560856,23.12036272,1238300,29182906.0
20230510133000000,23.1105908,24.0877828,23.05195928,24.00960744,6534082,158817315.0
20230510140000000,23.97051976,24.1366424,23.57964296,23.57964296,4038800,98638048.0
20230510143000000,23.5991868,23.7946252,23.53078336,23.56987104,2155631,52125728.0
20230510150000000,23.56009912,23.91188824,23.56009912,23.7457656,2848356,69132896.0
20230511100000000,23.696906,23.9900636,23.2571696,23.76530944,4257437,102822985.0
20230511103000000,23.75553752,24.07801088,23.63827448,24.07801088,2776400,67776405.0
20230511110000000,24.06823896,24.0877828,23.87280056,23.97051976,3085900,75757412.0
20230511113000000,23.97051976,23.97051976,23.80439712,23.87280056,1077856,26321278.0
20230511133000000,23.8923444,23.95097592,23.80439712,23.80439712,1571300,38366288.0
20230511140000000,23.80439712,23.92166016,23.77508136,23.85325672,1373144,33496384.0
20230511143000000,23.85325672,23.86302864,23.78485328,23.8434848,767888,18722768.0
20230511150000000,23.8434848,23.8434848,23.60895872,23.696906,2552258,61928176.0
20230512100000000,23.6480464,23.77508136,23.52101144,23.68713408,2835122,68571213.0
20230512103000000,23.68713408,23.696906,23.27671344,23.38420456,2307640,55464328.0
20230512110000000,23.4037484,23.53078336,23.36466072,23.452608,1037650,24886392.0
20230512113000000,23.48192376,23.56009912,23.42329224,23.47215184,810000,19474670.0
20230512133000000,23.48192376,23.6480464,23.43306416,23.49169568,1548993,37314517.0
20230512140000000,23.48192376,23.67736216,23.43306416,23.56987104,2304105,55613894.0
20230512143000000,23.56009912,23.6480464,23.53078336,23.6480464,1311042,31677434.0
20230512150000000,23.6480464,23.65781832,23.56009912,23.61873064,2101968,50798112.0
20230515100000000,23.58941488,23.696906,23.1105908,23.5014676,3734800,89428728.0
20230515103000000,23.46237992,23.53078336,23.19853808,23.33534496,2215100,52907892.0
20230515110000000,23.33534496,23.44283608,23.2571696,23.3060292,866142,20676375.0
20230515113000000,23.32557304,23.39397648,23.16922232,23.32557304,833400,19837117.0
20230515133000000,23.3548888,23.66759024,23.31580112,23.62850256,1328216,31976551.0
20230515140000000,23.62850256,23.9900636,23.58941488,23.91188824,2778292,67722457.0
20230515143000000,23.90211632,23.92166016,23.81416904,23.91188824,1273300,31116896.0
20230515150000000,23.91188824,23.941204,23.85325672,23.90211632,1426663,34895456.0
20230516100000000,23.90211632,24.25390544,23.5503272,23.6480464,3723200,90501277.0
20230516103000000,23.65781832,24.01937936,23.49169568,24.01937936,2763300,66944494.0
20230516110000000,24.00960744,24.12687048,23.91188824,24.0389232,1720916,42295907.0
20230516113000000,24.0389232,24.0877828,23.98029168,24.04869512,866940,21328325.0
20230516133000000,24.01937936,24.78158912,24.01937936,24.6252384,6430156,161052541.0
20230516140000000,24.60569456,24.60569456,24.41025616,24.42002808,2775497,69544256.0
20230516143000000,24.42002808,24.54706304,24.41025616,24.43957192,3277931,82056768.0
20230516150000000,24.4298,24.4786596,24.3809404,24.45911576,2313801,57837520.0
20230517100000000,24.29299312,24.60569456,24.29299312,24.37116848,3400700,85086143.0
20230517103000000,24.37116848,24.58615072,24.31253696,24.42002808,1852400,46358854.0
20230517110000000,24.41025616,24.5275192,24.3809404,24.48843152,1194128,29868653.0
20230517113000000,24.48843152,24.50797536,24.42002808,24.45911576,875580,21912622.0
20230517133000000,24.43957192,24.44934384,24.34185272,24.37116848,1485331,37081807.0
20230517140000000,24.36139656,24.45911576,24.3320808,24.41025616,1003564,25059297.0
20230517143000000,24.40048424,24.4786596,24.39071232,24.4298,1088853,27232784.0
20230517150000000,24.43957192,24.5275192,24.41025616,24.50797536,1335224,33457584.0
20230518100000000,24.54706304,24.66432608,24.40048424,24.44934384,2362777,59322657.0
20230518103000000,24.45911576,24.55683496,24.36139656,24.37116848,1965916,49150151.0
20230518110000000,24.37116848,24.39071232,24.19527392,24.37116848,2953100,73431019.0
20230518113000000,24.37116848,24.42002808,24.30276504,24.40048424,1072027,26717997.0
20230518133000000,24.40048424,24.40048424,24.09755472,24.10732664,2585500,64097136.0
20230518140000000,24.11709856,24.1366424,23.941204,23.95097592,2382000,58622880.0
20230518143000000,23.95097592,23.96074784,23.81416904,23.86302864,3620419,88480624.0
20230518150000000,23.88257248,24.02915128,23.87280056,23.95097592,2406082,58997152.0
20230519100000000,24.26367736,25.0649748,24.01937936,24.79136104,10719130,271429648.0
20230519103000000,24.80113296,24.89885216,24.58615072,24.64478224,3262000,82547968.0
20230519110000000,24.68386992,24.98679944,24.61546648,24.98679944,2345587,59620800.0
20230519113000000,24.99657136,25.19200976,24.85976448,25.17246592,3603055,92460464.0
20230519133000000,25.18223784,25.2604132,24.97702752,25.0161152,3838000,98796704.0
20230519140000000,25.0161152,25.5047112,25.0161152,25.3092728,3518300,90889888.0
20230519143000000,25.3092728,25.31904472,25.18223784,25.28972896,1939100,50106912.0
20230519150000000,25.28972896,25.28972896,25.13337824,25.2604132,2752574,70984512.0
20230522100000000,25.2115536,25.2115536,24.6252384,24.9672556,5355587,136214006.0
20230522103000000,24.918396,24.93793984,24.7718172,24.84999256,1668657,42414148.0
20230522110000000,24.84999256,24.99657136,24.84999256,24.88908024,1352400,34505467.0
20230522113000000,24.88908024,24.918396,24.7718172,24.80113296,852200,21661295.0
20230522133000000,24.80113296,25.0649748,24.75227336,24.93793984,1756767,44791772.0
20230522140000000,24.93793984,24.94771176,24.73272952,24.78158912,1367827,34724272.0
20230522143000000,24.79136104,24.94771176,24.78158912,24.918396,930800,23690192.0
20230522150000000,24.918396,24.94771176,24.83044872,24.84999256,2120329,53984224.0
20230523100000000,24.918396,25.32881664,24.66432608,25.23109744,4436356,113824344.0
20230523103000000,25.24086936,25.5535708,25.24086936,25.37767624,4967808,129239058.0
20230523110000000,25.36790432,25.71969344,25.14315016,25.51448312,3338300,86902950.0
20230523113000000,25.51448312,25.70992152,25.42653584,25.61220232,2013200,52723008.0
20230523133000000,25.62197424,25.65129,25.33858856,25.38744816,2030412,52922736.0
20230523140000000,25.36790432,25.5047112,25.36790432,25.5047112,1045471,27238304.0
20230523143000000,25.5047112,25.64151808,25.41676392,25.53402696,2291700,59893168.0
20230523150000000,25.52425504,25.57311464,25.32881664,25.32881664,2732500,71161072.0
20230524100000000,25.18223784,25.22132552,24.64478224,24.79136104,5230494,133141781.0
20230524103000000,24.79136104,24.88908024,24.51774728,24.66432608,2821182,71327883.0
20230524110000000,24.674098,24.93793984,24.63501032,24.88908024,1860386,47148924.0
20230524113000000,24.87930832,25.10406248,24.84022064,24.918396,1442941,36863172.0
20230524133000000,24.92816792,24.97702752,24.78158912,24.79136104,1368759,34840784.0
20230524140000000,24.79136104,24.88908024,24.76204528,24.79136104,1169500,29709136.0
20230524143000000,24.78158912,24.81090488,24.7229576,24.7718172,1420500,36002880.0
20230524150000000,24.7718172,24.78158912,24.68386992,24.69364184,2209644,55893728.0
20230525100000000,24.5763788,25.27018512,24.5763788,25.2604132,4108079,105272863.0
20230525103000000,25.2604132,25.2604132,24.89885216,24.93793984,1587600,40724294.0
20230525110000000,24.93793984,24.93793984,24.7229576,24.73272952,1523914,38694477.0
20230525113000000,24.73272952,24.73272952,24.53729112,24.61546648,1439174,36277597.0
20230525133000000,24.61546648,24.7229576,24.5275192,24.56660688,1170800,29468807.0
20230525140000000,24.55683496,24.61546648,24.5275192,24.5275192,961200,24155082.0
20230525143000000,24.53729112,24.76204528,24.4298,24.70341376,1229500,30906000.0
20230525150000000,24.70341376,24.8206768,24.65455416,24.79136104,1389233,35208208.0
20230526100000000,24.6252384,24.81090488,24.12687048,24.29299312,4525800,112841146.0
20230526103000000,24.29299312,24.37116848,24.07801088,24.29299312,2636600,65328957.0
20230526110000000,24.29299312,24.3320808,24.0877828,24.25390544,1781479,44080101.0
20230526113000000,24.2832212,24.39071232,24.14641432,24.36139656,2195700,54530228.0
20230526133000000,24.3809404,25.7490092,24.3809404,25.07474672,9822337,254153856.0
20230526140000000,25.0649748,25.36790432,25.0161152,25.22132552,1940211,50066240.0
20230526143000000,25.22132552,25.6024304,25.2115536,25.56334272,2565500,66743648.0
20230526150000000,25.58288656,25.67083384,25.46562352,25.6024304,3378127,88426688.0
20230529100000000,25.57311464,25.7490092,25.0649748,25.12360632,9220893,239704203.0
20230529103000000,25.12360632,25.12360632,24.11709856,24.19527392,11932403,299409989.0
20230529110000000,24.185502,24.41025616,24.09755472,24.1366424,6525500,161623408.0
20230529113000000,24.14641432,24.14641432,23.5503272,23.71644984,6807960,165851520.0
20230529133000000,23.71644984,23.8923444,23.32557304,23.78485328,8504134,205559120.0
20230529140000000,23.77508136,24.14641432,23.65781832,24.02915128,4552329,111529056.0
20230529143000000,24.0389232,24.32230888,23.93143208,24.07801088,3639916,89898544.0
20230529150000000,24.06823896,24.19527392,23.941204,23.99983552,5264844,129421968.0
20230530100000000,23.8923444,24.6252384,23.81416904,24.12687048,6936374,172168864.0
20230530103000000,24.1366424,24.26367736,23.91188824,24.05846704,2081750,51336483.0
20230530110000000,24.05846704,24.22458968,24.01937936,24.16595816,1357937,33531289.0
20230530113000000,24.15618624,24.35162464,24.1366424,24.2832212,1607300,39918132.0
20230530133000000,24.27344928,24.49820344,24.27344928,24.4298,2484700,61979824.0
20230530140000000,24.4298,24.7229576,24.40048424,24.6252384,3685073,92539792.0
20230530143000000,24.66432608,25.1138344,24.63501032,25.02588712,4520200,114992448.0
20230530150000000,25.02588712,25.07474672,24.94771176,24.99657136,3351485,85788672.0
20230531100000000,24.89885216,25.68060576,24.7718172,25.53402696,7432111,192985089.0
20230531103000000,25.54379888,25.81741264,25.19200976,25.20178168,6312995,165194943.0
20230531110000000,25.19200976,25.19200976,24.9672556,25.0649748,2393700,61412320.0
20230531113000000,25.0649748,25.20178168,24.98679944,25.18223784,1552123,39842784.0
20230531133000000,25.20178168,25.23109744,24.918396,25.0161152,2001019,51369552.0
20230531140000000,25.02588712,25.1138344,24.8206768,25.09429056,1488300,37990448.0
20230531143000000,25.10406248,25.19200976,25.03565904,25.18223784,1326000,34077776.0
20230531150000000,25.12360632,25.2115536,24.6252384,24.83044872,7927272,201605296.0
20230601100000000,24.84022064,24.95748368,24.21481776,24.88908024,6626917,166865641.0
20230601103000000,24.88908024,25.28972896,24.74250144,24.75227336,3512100,89743603.0
20230601110000000,24.78158912,24.81090488,24.5763788,24.69364184,2327848,58792020.0
20230601113000000,24.69364184,24.73272952,24.50797536,24.59592264,2041400,51419024.0
20230601133000000,24.6252384,24.63501032,24.48843152,24.5275192,3207260,80620720.0
20230601140000000,24.54706304,24.6252384,24.50797536,24.56660688,1627100,40907808.0
20230601143000000,24.5763788,24.58615072,24.3320808,24.35162464,2839637,71007616.0
20230601150000000,24.35162464,24.41025616,24.30276504,24.30276504,3581782,89240176.0
20230602100000000,24.41025616,24.80113296,24.34185272,24.66432608,4041702,101665593.0
20230602103000000,24.66432608,25.25064128,24.60569456,25.23109744,5013773,127925987.0
20230602110000000,25.23109744,25.36790432,25.05520288,25.18223784,3831760,98849972.0
20230602113000000,25.162694,25.19200976,25.03565904,25.0649748,1003300,25753760.0
20230602133000000,25.07474672,25.37767624,25.02588712,25.04543096,2533700,65369024.0
20230602140000000,25.04543096,25.1138344,25.0161152,25.02588712,713200,18291216.0
20230602143000000,25.04543096,25.19200976,25.03565904,25.0649748,1142600,29366528.0
20230602150000000,25.0649748,25.12360632,25.0161152,25.07474672,1632500,41874176.0
20230605100000000,25.08451864,25.49493928,24.69364184,25.2115536,4087400,105266987.0
20230605103000000,25.2115536,25.4558516,25.13337824,25.22132552,3116500,80664167.0
20230605110000000,25.22132552,25.22132552,24.92816792,25.09429056,1706200,43726087.0
20230605113000000,25.09429056,25.09429056,24.9672556,24.97702752,982600,25164409.0
20230605133000000,24.97702752,25.02588712,24.84999256,24.918396,1442500,36811870.0
20230605140000000,24.918396,24.9672556,24.8206768,24.84999256,1324000,33723072.0
20230605143000000,24.84999256,24.9672556,24.84999256,24.8695364,1181900,30119120.0
20230605150000000,24.8695364,24.93793984,24.8206768,24.8695364,2058620,52378896.0
20230606100000000,24.84999256,24.84999256,23.8923444,24.25390544,7457146,184569965.0
20230606103000000,24.26367736,24.26367736,23.82394096,23.8923444,5413917,132824307.0
20230606110000000,23.8923444,23.92166016,23.70667792,23.75553752,5004583,121794304.0
20230606113000000,23.75553752,23.95097592,23.66759024,23.86302864,2724031,66343200.0
20230606133000000,23.87280056,24.00960744,23.65781832,23.67736216,3504732,85347424.0
20230606140000000,23.68713408,23.76530944,23.5991868,23.61873064,4126368,99893328.0
20230606143000000,23.62850256,23.62850256,23.41352032,23.44283608,4368700,105156000.0
20230606150000000,23.44283608,23.49169568,23.3548888,23.4037484,5006818,120028000.0
20230607100000000,23.41352032,23.82394096,23.3060292,23.78485328,5527319,133707091.0
20230607103000000,23.7946252,23.80439712,23.46237992,23.57964296,3693700,89243569.0
20230607110000000,23.57964296,23.57964296,23.2571696,23.4037484,2372243,56764844.0
20230607113000000,23.41352032,23.5503272,23.28648536,23.49169568,1234198,29525456.0
20230607133000000,23.49169568,23.51123952,23.28648536,23.29625728,2050800,49119904.0
20230607140000000,23.34511688,23.36466072,23.1594504,23.33534496,2166130,51566304.0
20230607143000000,23.34511688,23.38420456,23.1594504,23.16922232,2244300,53422048.0
20230607150000000,23.1594504,23.34511688,23.1594504,23.28648536,3134246,74517472.0
20230608100000000,23.28648536,23.43306416,22.97378392,23.22785384,2483300,58832165.0
20230608103000000,23.22785384,23.28648536,23.12036272,23.19853808,1390745,33020382.0
20230608110000000,23.19853808,23.19853808,22.92492432,22.99332776,1927300,45373602.0
20230608113000000,22.97378392,23.00309968,22.89560856,22.95424008,1872100,43955063.0
20230608133000000,22.95424008,23.03241544,22.719714,22.964012,3427560,80207908.0
20230608140000000,22.95424008,23.1105908,22.9151524,22.93469624,1726008,40614976.0
20230608143000000,22.93469624,22.964012,22.83697704,22.8662928,2434155,57009232.0
20230608150000000,22.8662928,22.89560856,22.80766128,22.87606472,2249223,52575328.0
20230609100000000,22.85652088,23.29625728,22.73925784,23.17899424,4450731,105110554.0
20230609103000000,23.16922232,23.20831,23.0617312,23.09104696,1591800,37690600.0
20230609110000000,23.07150312,23.08127504,22.94446816,23.07150312,1205500,28398874.0
20230609113000000,23.07150312,23.08127504,22.92492432,22.97378392,837362,19706649.0
20230609133000000,22.97378392,23.1594504,22.95424008,22.964012,1809300,42652251.0
20230609140000000,22.964012,23.1105908,22.964012,23.03241544,1359040,32027063.0
20230609143000000,23.04218736,23.3060292,23.04218736,23.27671344,2987050,70911849.0
20230609150000000,23.28648536,23.34511688,23.16922232,23.22785384,3426782,81453152.0
20230612100000000,23.23762576,23.90211632,23.23762576,23.5503272,5718802,138424752.0
20230612103000000,23.5503272,24.8695364,23.53078336,24.71318568,13835157,343986528.0
20230612110000000,24.74250144,24.8695364,24.3320808,24.46888768,6979929,175925440.0
20230612113000000,24.4786596,24.71318568,24.37116848,24.69364184,3667000,92090864.0
20230612133000000,24.69364184,25.33858856,24.69364184,25.13337824,8383494,214970960.0
20230612140000000,25.13337824,25.27018512,24.94771176,25.19200976,3577900,91999552.0
20230612143000000,25.18223784,25.3581324,25.15292208,25.18223784,2826613,73066384.0
20230612150000000,25.18223784,25.2115536,24.918396,25.0161152,4075084,104452256.0
20230613100000000,24.93793984,25.00634328,24.56660688,24.8206768,4410402,112103454.0
20230613103000000,24.81090488,24.9672556,24.76204528,24.88908024,2338500,59508021.0
20230613110000000,24.8695364,25.08451864,24.8695364,25.03565904,1720500,43957109.0
20230613113000000,25.03565904,25.18223784,24.94771176,25.15292208,1935449,49677935.0
20230613133000000,25.15292208,25.23109744,24.98679944,25.00634328,2109108,54125401.0
20230613140000000,25.00634328,25.15292208,25.00634328,25.1138344,1744800,44798976.0
20230613143000000,25.13337824,25.33858856,25.05520288,25.32881664,2882400,74332368.0
20230613150000000,25.32881664,25.42653584,25.27995704,25.3092728,4342400,112688176.0
20230614100000000,25.46562352,25.5535708,24.97702752,24.99657136,4642389,120138310.0
20230614103000000,24.98679944,25.00634328,24.79136104,24.84999256,2998171,76326744.0
20230614110000000,24.84999256,25.09429056,24.84022064,25.08451864,1562068,39895364.0
20230614113000000,25.08451864,25.19200976,24.98679944,25.0649748,1184500,30395493.0
20230614133000000,25.0649748,25.13337824,24.84022064,24.85976448,2877700,73541097.0
20230614140000000,24.8695364,24.93793984,24.78158912,24.79136104,2614500,66457296.0
20230614143000000,24.79136104,24.90862408,24.74250144,24.83044872,2217420,56312432.0
20230614150000000,24.83044872,24.8695364,24.75227336,24.84022064,2263000,57469120.0
20230615100000000,24.84022064,26.08125448,24.80113296,25.76855304,10264309,269050576.0
20230615103000000,25.76855304,25.78809688,25.2115536,25.3092728,4520822,117345008.0
20230615110000000,25.31904472,25.31904472,24.8695364,25.20178168,4344900,111436960.0
20230615113000000,25.19200976,25.2115536,24.95748368,25.2115536,3314217,84982352.0
20230615133000000,25.23109744,25.33858856,25.08451864,25.32881664,1600004,41323840.0
20230615140000000,25.32881664,25.6024304,25.27995704,25.54379888,3763669,98192768.0
20230615143000000,25.54379888,25.59265848,25.46562352,25.52425504,1904822,49778352.0
20230615150000000,25.52425504,25.52425504,25.33858856,25.4558516,3157489,82126784.0
20230616100000000,25.27018512,25.68060576,25.12360632,25.41676392,4170200,108668205.0
20230616103000000,25.42653584,25.5047112,25.31904472,25.46562352,1967300,51186043.0
20230616110000000,25.48516736,26.11057024,25.4558516,26.03239488,7006235,185235480.0
20230616113000000,26.03239488,26.1887456,25.88581608,26.15942984,5211066,138883504.0
20230616133000000,26.14965792,26.4819032,25.895588,26.1887456,6527465,174529120.0
20230616140000000,26.1887456,26.73597312,26.16920176,26.47213128,7168239,194411008.0
20230616143000000,26.4819032,26.5796224,26.384184,26.55030664,3580212,96962576.0
20230616150000000,26.54053472,26.58939432,26.44281552,26.51121896,3290516,89276160.0
20230619100000000,28.18221728,28.34833992,26.85323616,27.00958688,23903406,673040944.0
20230619103000000,27.00958688,27.04867456,26.5796224,26.70665736,8070386,221347344.0
20230619110000000,26.70665736,27.35160408,26.60893816,27.00958688,5975700,165251904.0
20230619113000000,27.00958688,27.10730608,26.84346424,27.09753416,2931212,80888640.0
20230619133000000,27.2147972,28.02586656,27.2147972,27.37114792,12617835,355792512.0
20230619140000000,27.37114792,27.605674,27.3125164,27.4590952,7479014,209877136.0
20230619143000000,27.44932328,28.0454104,27.43955136,27.79134048,9084155,257831136.0
20230619150000000,27.79134048,27.84020008,27.605674,27.8011124,6754602,191999216.0
20230620100000000,27.7522528,28.67081328,27.02913072,27.37114792,27894437,797488256.0
20230620103000000,27.361376,27.58613016,27.19525336,27.30274448,6098553,170794528.0
20230620110000000,27.30274448,27.35160408,26.96072728,26.98027112,4902800,136391504.0
20230620113000000,26.9704992,27.117078,26.7750608,26.87278,7626086,210443312.0
20230620133000000,26.93141152,27.54704248,26.91186768,27.32228832,6987900,195291728.0
20230620140000000,27.32228832,27.53727056,27.3125164,27.4102356,2971900,83511184.0
20230620143000000,27.4102356,27.54704248,27.3125164,27.44932328,3317689,93093808.0
20230620150000000,27.44932328,27.52749864,27.361376,27.46886712,3732943,104925232.0
20230621100000000,27.43955136,27.71316512,26.69688544,26.73597312,10050411,280296544.0
20230621103000000,26.70665736,26.91186768,26.41349976,26.84346424,5387446,146737264.0
20230621110000000,26.84346424,27.00958688,26.5796224,26.85323616,2021900,55497856.0
20230621113000000,26.85323616,26.88255192,26.56007856,26.59916624,2092800,57093184.0
20230621133000000,26.58939432,26.75551696,26.17897368,26.1887456,5161813,139527600.0
20230621140000000,26.1887456,26.5796224,26.15942984,26.24737712,4391644,118376544.0
20230621143000000,26.21806136,26.2864648,26.05193872,26.10079832,5476200,146601536.0
20230621150000000,26.0910264,26.13011408,25.72946536,25.97376336,7129147,189495920.0
20230626100000000,25.8467284,26.64802584,25.80764072,25.95421952,11890075,318899840.0
20230626103000000,25.95421952,26.17897368,25.66106192,25.69037768,4129100,109439040.0
20230626110000000,25.68060576,25.83695648,25.6024304,25.76855304,2294100,60345824.0
20230626113000000,25.80764072,26.01285104,25.69037768,25.83695648,1975737,52222624.0
20230626133000000,25.83695648,25.87604416,25.47539544,25.54379888,4098300,107539456.0
20230626140000000,25.5535708,25.5535708,25.20178168,25.22132552,5879714,152610464.0
20230626143000000,25.22132552,25.29950088,25.09429056,25.13337824,5053900,130328176.0
20230626150000000,25.13337824,25.37767624,25.09429056,25.31904472,4062900,104942576.0
20230627100000000,25.09429056,25.46562352,24.674098,24.71318568,7568180,193308955.0
20230627103000000,24.71318568,24.80113296,24.51774728,24.64478224,6428683,162010789.0
20230627110000000,24.64478224,24.71318568,24.4298,24.63501032,4420370,111065360.0
20230627113000000,24.63501032,24.93793984,24.55683496,24.85976448,2356400,59678256.0
20230627133000000,24.8695364,25.12360632,24.74250144,24.94771176,2151100,55008048.0
20230627140000000,24.94771176,24.97702752,24.8206768,24.8695364,1522000,38774320.0
20230627143000000,24.88908024,25.18223784,24.68386992,25.14315016,4075950,104186528.0
20230627150000000,25.15292208,25.15292208,25.00634328,25.02588712,3942800,101181072.0
20230628100000000,25.03565904,25.13337824,24.185502,24.27344928,6422900,161019847.0
20230628103000000,24.27344928,24.3320808,23.9900636,24.29299312,3895663,96363911.0
20230628110000000,24.2832212,24.56660688,24.20504584,24.43957192,2412295,60218930.0
20230628113000000,24.43957192,24.45911576,24.17573008,24.17573008,1775693,44199776.0
20230628133000000,24.17573008,24.21481776,24.06823896,24.07801088,2523115,62318592.0
20230628140000000,24.0877828,24.45911576,24.07801088,24.35162464,2051492,50988560.0
20230628143000000,24.35162464,24.5275192,24.3320808,24.46888768,2672232,66892448.0
20230628150000000,24.48843152,24.48843152,24.36139656,24.40048424,2972700,74267904.0
20230629100000000,24.12687048,24.59592264,23.86302864,24.21481776,5042600,125146097.0
20230629103000000,24.21481776,24.4298,24.04869512,24.24413352,3494700,86578452.0
20230629110000000,24.2343616,24.39071232,24.17573008,24.26367736,1835287,45561801.0
20230629113000000,24.2343616,24.24413352,24.11709856,24.185502,1225366,30313874.0
20230629133000000,24.185502,24.32230888,23.95097592,24.20504584,3038000,75137232.0
20230629140000000,24.21481776,24.73272952,24.14641432,24.71318568,4748691,118959760.0
20230629143000000,24.71318568,24.7718172,24.49820344,24.51774728,4767071,120206080.0
20230629150000000,24.50797536,24.55683496,24.3320808,24.4298,3508717,87719040.0
20230630100000000,24.39071232,24.94771176,24.22458968,24.87930832,8430917,212067652.49
20230630103000000,24.87930832,24.93793984,24.59592264,24.69364184,3398487,85929208.53
20230630110000000,24.68386992,25.10406248,24.68386992,25.03565904,4006324,102065558.9
20230630113000000,25.03565904,25.5047112,24.98679944,25.48516736,4712131,121647880.11
20230630133000000,25.48516736,25.6024304,25.15292208,25.19200976,4828800,125326807.55
20230630140000000,25.19200976,25.49493928,25.18223784,25.47539544,3350546,86879039.94
20230630143000000,25.47539544,25.5047112,25.36790432,25.43630776,2483300,64662469.0
20230630150000000,25.41676392,25.44607968,25.3092728,25.3092728,2632575,68324738.35
20230703100000000,25.3581324,26.36464016,25.3581324,25.895588,13039150,347617254.27
20230703103000000,25.895588,26.07148256,25.4558516,25.51448312,4956200,130277476.0
20230703110000000,25.53402696,25.9933072,25.41676392,25.96399144,4172500,109618543.7
20230703113000000,25.96399144,26.07148256,25.56334272,25.65129,2751520,72478098.0
20230703133000000,25.69037768,25.72946536,25.31904472,25.37767624,3118300,81201379.0
20230703140000000,25.36790432,25.406992,25.05520288,25.09429056,3349471,86387155.54
20230703143000000,25.08451864,25.32881664,25.02588712,25.18223784,2868180,73825820.8
20230703150000000,25.18223784,25.22132552,25.03565904,25.14315016,4339299,111603062.11
20230704100000000,25.10390504,25.33943816,24.88799968,25.15297444,5298040,135161402.93
20230704103000000,25.15297444,26.01659588,25.09409116,25.9086432,8972160,234482111.69
20230704110000000,25.91845708,26.43859272,25.88901544,26.252129,7059300,188291666.58
20230704113000000,26.252129,26.73300912,26.24231512,26.56617316,6436800,173529599.0
20230704133000000,26.57598704,26.5956148,26.006782,26.006782,4115700,110258790.0
20230704140000000,26.01659588,26.29138452,26.006782,26.06566528,2651800,70584464.88
20230704143000000,26.06566528,26.24231512,26.01659588,26.2030596,3280200,87342404.0
20230704150000000,26.2030596,26.252129,26.1049208,26.1539902,3645072,97145246.94
20230705100000000,26.1049208,26.36989556,25.70255172,26.1539902,4865306,128894241.4
20230705103000000,26.14417632,26.14417632,25.83013216,25.86938768,2737624,72435945.6
20230705110000000,25.86938768,26.006782,25.84975992,25.92827096,1392300,36765936.0
20230705113000000,25.86938768,25.94789872,25.83994604,25.89882932,1219400,32165674.0
20230705133000000,25.89882932,25.9577126,25.74180724,25.8105044,2167000,57128016.5
20230705140000000,25.8105044,25.83994604,25.7123656,25.83013216,1625047,42668451.22
20230705143000000,25.83013216,25.92827096,25.74180724,25.83994604,2822500,74303695.0
20230705150000000,25.83994604,25.83994604,25.5651574,25.65348232,3637716,95250411.4
20230706100000000,25.5651574,26.0558514,25.33943816,25.84975992,3845700,101141578.0
20230706103000000,25.84975992,25.94789872,25.74180724,25.93808484,1563900,41178995.0
20230706110000000,25.92827096,26.28157064,25.84975992,25.88901544,4462341,118404347.91
20230706113000000,25.88901544,25.94789872,25.75162112,25.75162112,1262803,33227646.66
20230706133000000,25.75162112,25.84975992,25.68292396,25.75162112,1316386,34564320.3
20230706140000000,25.75162112,25.78106276,25.59459904,25.67311008,1423176,37244035.96
20230706143000000,25.67311008,25.79087664,25.63385456,25.79087664,1535464,40228652.72
20230706150000000,25.79087664,25.80069052,25.68292396,25.69273784,1886335,49420700.72
20230707100000000,25.59459904,25.78106276,24.9763246,25.04502176,4497250,115874918.5
20230707103000000,25.05483564,25.15297444,24.81930252,25.025394,2620800,66645057.0
20230707110000000,25.04502176,25.29036876,25.04502176,25.24129936,1191902,30606178.4
20230707113000000,25.25111324,25.40813532,25.19222996,25.19222996,664100,17115371.0
20230707133000000,25.19222996,25.30999652,25.09409116,25.20204384,870900,22379961.36
20230707140000000,25.20204384,25.30999652,25.09409116,25.1726022,887926,22816834.62
20230707143000000,25.18241608,25.25111324,25.1235328,25.2216716,1120674,28756923.88
20230707150000000,25.21185772,25.23148548,25.11371892,25.13334668,1612700,41336625.0
20230710100000000,25.26092712,25.39832144,24.8291164,24.83893028,4341126,110804606.82
20230710103000000,24.8291164,24.9763246,24.75060536,24.76041924,2251800,56928583.0
20230710110000000,24.75060536,24.83893028,24.7309776,24.77023312,1941200,48973343.0
20230710113000000,24.77023312,24.780047,24.44637508,24.50525836,2825200,70785595.0
20230710133000000,24.52488612,24.67209432,24.4856306,24.60339716,1925300,48177356.0
20230710140000000,24.60339716,24.6328388,24.4856306,24.51507224,2509017,62774391.66
20230710143000000,24.52488612,24.65246656,24.50525836,24.65246656,2100800,52583877.08
20230710150000000,24.64265268,24.75060536,24.5837694,24.66228044,2765935,69530846.55
20230711100000000,24.69172208,24.8781858,24.45618896,24.69172208,3301399,83051242.97
20230711103000000,24.67209432,24.84874416,24.4856306,24.52488612,1926100,48451183.0
20230711110000000,24.52488612,24.69172208,24.47581672,24.6328388,1268400,31770143.0
20230711113000000,24.66228044,25.26092712,24.6328388,25.1726022,4179700,106564428.0
20230711133000000,25.1726022,25.57497128,25.09409116,25.13334668,4671000,120807284.0
20230711140000000,25.14316056,25.18241608,24.9763246,25.13334668,2234300,57128066.0
20230711143000000,25.1235328,25.4670186,25.11371892,25.37869368,3705000,95623264.0
20230711150000000,25.37869368,25.42776308,25.28055488,25.37869368,2491196,64402725.18
20230712100000000,25.37869368,25.44739084,24.89781356,24.89781356,4075600,104653790.0
20230712103000000,24.90762744,25.24129936,24.74079148,25.23148548,3502000,88903342.0
20230712110000000,25.23148548,25.3198104,25.00576624,25.09409116,1328500,34043574.0
20230712113000000,25.08427728,25.28055488,25.03520788,25.19222996,1243400,31912388.0
20230712133000000,25.19222996,25.2216716,25.04502176,25.06464952,1573299,40281389.38
20230712140000000,25.06464952,25.06464952,24.8291164,24.95669684,1701837,43215082.86
20230712143000000,24.95669684,24.9763246,24.7309776,24.76041924,3494099,88418036.96
20230712150000000,24.76041924,24.76041924,24.5347,24.6328388,4742687,118948840.61
20230713100000000,24.62302492,24.70153596,24.25009748,24.51507224,6636650,165624908.5
20230713103000000,24.51507224,24.64265268,24.3874918,24.44637508,3452800,86099252.0
20230713110000000,24.45618896,24.60339716,24.32860852,24.52488612,2507200,62405878.0
20230713113000000,24.52488612,24.62302492,24.45618896,24.51507224,1424200,35616728.0
20230713133000000,24.52488612,24.5347,24.15195868,24.289353,5405200,133949278.15
20230713140000000,24.289353,24.49544448,24.10288928,24.36786404,5181900,128022021.46
20230713143000000,24.36786404,24.40711956,24.2402836,24.27953912,2959000,73332585.0
20230713150000000,24.26972524,24.29916688,24.23046972,24.29916688,3656197,90384747.47
20230714100000000,24.35805016,24.41693344,23.7495896,23.90661168,9651735,236162424.86
20230714103000000,23.8967978,24.18140032,23.80847288,24.1421448,3260450,79644537.5
20230714110000000,24.13233092,24.29916688,23.92623944,23.98512272,2703700,66380209.0
20230714113000000,23.96549496,24.00475048,23.8477284,23.91642556,3700573,90155110.9
20230714133000000,23.91642556,23.96549496,23.73977572,23.76921736,5059600,122746465.54
20230714140000000,23.75940348,23.8477284,23.7005202,23.77903124,3886937,94103571.03
20230714143000000,23.77903124,23.92623944,23.77903124,23.8477284,2204109,53581814.0
20230714150000000,23.85754228,23.86735616,23.72996184,23.78884512,3668900,88882850.0
20230717100000000,23.72014796,23.77903124,23.36684828,23.44535932,6054919,145209777.45
20230717103000000,23.4551732,23.4551732,23.09205964,23.13131516,7863361,186540582.37
20230717110000000,23.13131516,23.17057068,22.7682016,22.77801548,8712612,203764246.4
20230717113000000,22.79764324,23.00373472,22.7191322,22.84671264,5740473,133687357.68
20230717133000000,22.84671264,22.95466532,22.817271,22.84671264,3298000,76851535.0
20230717140000000,22.84671264,22.88596816,22.79764324,22.817271,3816800,88803399.52
20230717143000000,22.82708488,22.89578204,22.74857384,22.85652652,5425260,125979793.8
20230717150000000,22.87615428,23.05280412,22.78782936,23.04299024,4437648,103711574.72
20230718100000000,23.07243188,23.36684828,22.97429308,23.32759276,8580057,202738932.97
20230718103000000,23.307965,23.34722052,23.08224576,23.26870948,4340229,102684919.4
20230718110000000,23.26870948,23.42573156,23.21964008,23.307965,3892086,92552267.2
20230718113000000,23.31777888,23.34722052,23.21964008,23.28833724,2244047,53196261.96
20230718133000000,23.29815112,24.00475048,23.2588956,23.8477284,13184682,318629460.06
20230718140000000,23.8477284,23.8967978,23.73977572,23.80847288,3812400,92516676.18
20230718143000000,23.798659,23.80847288,23.6514508,23.67107856,2470600,59678293.0
20230718150000000,23.68089244,23.68089244,23.553312,23.64163692,4555573,109657946.85
20230719100000000,23.57293976,23.7005202,23.33740664,23.39628992,4581066,109653152.48
20230719103000000,23.4061038,23.4061038,23.19019844,23.31777888,2883450,68368098.5
20230719110000000,23.32759276,23.4061038,23.20001232,23.23926784,1913629,45395339.54
20230719113000000,23.24908172,23.27852336,23.07243188,23.09205964,2880450,67947690.5
20230719133000000,23.09205964,23.23926784,23.02336248,23.03317636,2757876,64925007.76
20230719140000000,23.03317636,23.18038456,22.94485144,23.10187352,2660200,62410665.0
20230719143000000,23.10187352,23.23926784,23.09205964,23.15094292,1804760,42586440.28
20230719150000000,23.15094292,23.22945396,23.10187352,23.1607568,3128600,73816399.0
20230720100000000,23.1607568,23.23926784,22.72894608,22.84671264,5696329,133021347.86
20230720103000000,22.84671264,22.89578204,22.65043504,22.80745712,3559000,82523006.0
20230720110000000,22.817271,22.84671264,22.65043504,22.67987668,2263100,52395657.0
20230720113000000,22.67987668,22.68969056,22.59155176,22.63080728,2329400,53720128.0
20230720133000000,22.63080728,22.67987668,22.49341296,22.571924,3555670,81848117.0
20230720140000000,22.58173788,22.65043504,22.51304072,22.55229624,2360695,54280732.4
20230720143000000,22.56211012,22.56211012,22.3756464,22.49341296,3627992,83069192.28
20230720150000000,22.48359908,22.49341296,22.38546028,22.39527416,4456866,101884104.44
20230721100000000,22.3756464,22.46397132,22.1302994,22.1793688,3633581,82248618.06
20230721103000000,22.18918268,22.2775076,22.15974104,22.25787984,1696800,38398904.0
20230721110000000,22.25787984,22.38546028,22.2284382,22.29713536,1381200,31378541.77
20230721113000000,22.28732148,22.28732148,22.00271896,22.09104388,3527300,79454204.0
20230721133000000,22.10085776,22.12048552,21.8849524,21.96346344,2439793,54662751.69
20230721140000000,21.96346344,21.9830912,21.7377442,21.87513852,3601815,80064971.75
20230721143000000,21.86532464,22.06160224,21.86532464,21.99290508,2232574,50045597.16
20230721150000000,22.00271896,22.02234672,21.94383568,21.9830912,1712355,38367672.49
20230724100000000,21.99290508,22.21862432,21.835883,22.07141612,3696113,82972179.29
20230724103000000,22.06160224,22.16955492,22.0321606,22.11067164,1830236,41201940.98
20230724110000000,22.11067164,22.1302994,22.00271896,22.06160224,1430418,32163367.04
20230724113000000,22.05178836,22.05178836,21.94383568,22.01253284,1059600,23745284.42
20230724133000000,22.0321606,22.08123,22.02234672,22.0321606,840750,18890183.5
20230724140000000,22.04197448,22.2284382,22.01253284,22.09104388,2178533,49112919.47
20230724143000000,22.10085776,22.11067164,22.0321606,22.07141612,1173229,26383876.92
20230724150000000,22.08123,22.10085776,22.00271896,22.07141612,1615403,36317433.33
20230725100000000,22.2284382,22.41490192,22.16955492,22.35601864,5019813,114079622.64
20230725103000000,22.35601864,22.36583252,22.1302994,22.1302994,2399203,54325213.38
20230725110000000,22.14011328,22.26769372,22.09104388,22.1793688,1679595,37965052.63
20230725113000000,22.16955492,22.23825208,22.14011328,22.20881044,1786264,40364311.63
20230725133000000,22.2284382,22.8663404,22.21862432,22.7682016,8185848,188067510.93
20230725140000000,22.7682016,22.9154098,22.59155176,22.68969056,4618846,107021068.04
20230725143000000,22.68969056,22.80745712,22.66024892,22.69950444,2680635,62109630.85
20230725150000000,22.70931832,22.74857384,22.67987668,22.74857384,2924660,67714065.4
20230726100000000,22.65043504,22.65043504,22.1302994,22.20881044,6373902,144723467.26
20230726103000000,22.2284382,22.35601864,22.1793688,22.31676312,1417074,32129400.32
20230726110000000,22.30694924,22.54248236,22.2284382,22.5228546,1921148,43880310.15
20230726113000000,22.5228546,22.54248236,22.4247158,22.43452968,1838900,42136153.61
20230726133000000,22.44434356,22.571924,22.38546028,22.51304072,2828403,64849142.75
20230726140000000,22.51304072,23.09205964,22.49341296,22.7682016,6498402,150962653.57
20230726143000000,22.7682016,22.88596816,22.73875996,22.80745712,3276800,76173094.61
20230726150000000,22.79764324,22.97429308,22.77801548,22.94485144,4079149,95048226.34
20230727100000000,22.6700628,23.307965,22.63080728,23.24908172,5669792,133027881.71
20230727103000000,23.2588956,23.26870948,23.07243188,23.1116874,2975771,70331197.04
20230727110000000,23.10187352,23.1116874,22.8663404,22.8663404,2277700,53413865.22
20230727113000000,22.87615428,22.94485144,22.7191322,22.75838772,2692983,62610762.94
20230727133000000,22.75838772,22.77801548,22.46397132,22.48359908,3269800,75246356.0
20230727140000000,22.4737852,22.58173788,22.46397132,22.50322684,2150100,49337418.0
20230727143000000,22.50322684,22.5228546,22.46397132,22.4737852,2162238,49545974.6
20230727150000000,22.46397132,22.571924,22.39527416,22.41490192,3872785,88625803.85
20230728100000000,22.35601864,22.48359908,22.14011328,22.20881044,2996400,67956414.92
20230728103000000,22.20881044,22.36583252,22.1302994,22.33639088,1723916,39031016.9
20230728110000000,22.33639088,22.55229624,22.2284382,22.51304072,1935203,44196095.25
20230728113000000,22.51304072,22.571924,22.41490192,22.54248236,2199900,50452082.0
20230728133000000,22.54248236,22.61117952,22.3756464,22.46397132,3481300,79690418.0
20230728140000000,22.45415744,22.55229624,22.43452968,22.49341296,2291808,52530562.62
20230728143000000,22.50322684,22.55229624,22.46397132,22.53266848,2046600,46960097.0
20230728150000000,22.54248236,22.55229624,22.38546028,22.4247158,3658939,83694933.44
20230731100000000,22.43452968,22.56211012,22.08123,22.2775076,10074400,229057090.26
20230731103000000,22.26769372,22.51304072,22.25787984,22.41490192,4223733,96425529.06
20230731110000000,22.41490192,22.4247158,22.10085776,22.14992716,4250033,96261657.96
20230731113000000,22.15974104,22.18918268,22.08123,22.09104388,4256887,95975317.97
20230731133000000,22.08123,22.12048552,22.02234672,22.0321606,4282395,96284079.75
20230731140000000,22.04197448,22.04197448,21.85551076,21.91439404,4802018,107523179.36
20230731143000000,21.90458016,21.91439404,21.76718584,21.85551076,5126646,114185765.98
20230731150000000,21.85551076,22.08123,21.835883,22.04197448,3338710,74671724.44
20230801100000000,22.01253284,22.1302994,21.86532464,22.09104388,5157083,115880921.42
20230801103000000,22.09104388,22.24806596,21.96346344,22.1793688,4301570,96770692.19
20230801110000000,22.1793688,22.50322684,22.16955492,22.49341296,5894533,134327999.53
20230801113000000,22.49341296,22.61117952,22.4247158,22.571924,4068884,93396871.85
20230801133000000,22.571924,22.63080728,22.326577,22.33639088,2562700,58664271.91
20230801140000000,22.33639088,22.4247158,22.326577,22.35601864,1425000,32482278.94
20230801143000000,22.35601864,22.50322684,22.34620476,22.46397132,2405882,54924427.28
20230801150000000,22.4737852,22.56211012,22.44434356,22.54248236,3764200,86358920.0
20230802100000000,22.4737852,22.56211012,22.30694924,22.4737852,2683900,61354271.0
20230802103000000,22.4737852,22.6209934,22.3756464,22.58173788,2141200,49062969.0
20230802110000000,22.58173788,22.7682016,22.53266848,22.6209934,3561100,82231302.94
20230802113000000,22.6209934,22.69950444,22.60136564,22.60136564,1339347,30914219.35
20230802133000000,22.60136564,22.67987668,22.54248236,22.56211012,1841648,42428315.84
20230802140000000,22.56211012,22.6209934,22.54248236,22.58173788,1945453,44731347.0
20230802143000000,22.58173788,22.61117952,22.55229624,22.59155176,1733700,39896710.0
20230802150000000,22.59155176,22.66024892,22.58173788,22.65043504,2486800,57339790.0
20230803100000000,22.48359908,22.7191322,22.38546028,22.58173788,2683800,61682122.0
20230803103000000,22.571924,22.58173788,22.2284382,22.31676312,5501338,125341625.95
20230803110000000,22.30694924,22.31676312,22.1793688,22.20881044,1978296,44813263.45
20230803113000000,22.19899656,22.31676312,22.18918268,22.23825208,948800,21513331.77
20230803133000000,22.24806596,22.30694924,22.2284382,22.29713536,1300900,29512393.0
20230803140000000,22.29713536,22.38546028,22.2775076,22.29713536,2137800,48600694.0
20230803143000000,22.29713536,22.36583252,22.2284382,22.23825208,2491116,56549232.4
20230803150000000,22.23825208,22.36583252,22.23825208,22.33639088,2541696,57705256.02
20230804100000000,22.35601864,22.55229624,22.21862432,22.2284382,4448303,101679444.34
20230804103000000,22.2284382,22.35601864,22.15974104,22.31676312,2874500,65091410.0
20230804110000000,22.30694924,22.34620476,22.20881044,22.33639088,1192500,27053346.0
20230804113000000,22.33639088,22.50322684,22.33639088,22.50322684,1644906,37584049.34
20230804133000000,22.50322684,22.70931832,22.48359908,22.6209934,4491416,103523888.6
20230804140000000,22.64062116,22.70931832,22.6209934,22.6700628,3054800,70545241.0
20230804143000000,22.6700628,22.68969056,22.59155176,22.64062116,2721312,62786781.19
20230804150000000,22.64062116,22.6700628,22.571924,22.58173788,2852529,65774245.74
20230807100000000,22.4737852,22.6209934,22.4247158,22.56211012,3403359,78201917.42
20230807103000000,22.56211012,22.6700628,22.49341296,22.51304072,1872100,43028976.0
20230807110000000,22.51304072,22.58173788,22.4737852,22.58173788,1405200,32240672.0
20230807113000000,22.56211012,22.571924,22.49341296,22.53266848,909100,20876143.0
20230807133000000,22.50322684,22.571924,22.46397132,22.56211012,1774900,40728389.0
20230807140000000,22.571924,22.6209934,22.54248236,22.59155176,1419400,32667075.0
20230807143000000,22.59155176,22.63080728,22.55229624,22.59155176,1525800,35125958.0
20230807150000000,22.60136564,22.66024892,22.54248236,22.63080728,2387780,55019182.2
20230808100000000,22.58173788,23.062618,22.54248236,22.80745712,4686883,109045382.34
20230808103000000,22.80745712,22.88596816,22.68969056,22.70931832,2089700,48466116.23
20230808110000000,22.69950444,22.78782936,22.67987668,22.67987668,1128700,26129677.0
20230808113000000,22.68969056,22.75838772,22.6700628,22.69950444,1244300,28773990.66
20230808133000000,22.69950444,22.73875996,22.58173788,22.61117952,1911100,44107492.39
20230808140000000,22.61117952,22.6209934,22.326577,22.33639088,2770900,63431251.0
20230808143000000,22.33639088,22.34620476,22.2775076,22.28732148,2573500,58492727.0
20230808150000000,22.28732148,22.3756464,22.25787984,22.3756464,2757829,62678412.92
20230809100000000,22.2284382,22.45415744,22.11067164,22.28732148,2175900,49409384.0
20230809103000000,22.28732148,22.29713536,22.14992716,22.16955492,1587200,35935524.0
20230809110000000,22.16955492,22.35601864,22.16955492,22.2775076,819500,18583504.0
20230809113000000,22.2775076,22.30694924,22.23825208,22.24806596,638000,14476904.0
20230809133000000,22.2775076,22.33639088,22.21862432,22.26769372,748400,16985984.0
20230809140000000,22.25787984,22.2775076,22.14011328,22.14011328,1345700,30425360.0
20230809143000000,22.14011328,22.2284382,22.1302994,22.1302994,1025000,23157280.0
20230809150000000,22.1302994,22.18918268,22.11067164,22.16955492,1689200,38125920.0
20230810100000000,22.26769372,22.26769372,22.00271896,22.00271896,2702000,60895137.0
20230810103000000,22.00271896,22.0321606,21.85551076,21.96346344,2863200,64039416.0
20230810110000000,21.96346344,21.9830912,21.89476628,21.94383568,1040400,23242928.0
20230810113000000,21.94383568,21.96346344,21.8849524,21.8849524,679100,15168176.0
20230810133000000,21.89476628,21.89476628,21.7868136,21.84569688,2472200,55024576.0
20230810140000000,21.84569688,21.91439404,21.74755808,21.76718584,2249900,49986640.0
20230810143000000,21.76718584,21.86532464,21.74755808,21.85551076,2145200,47616880.0
20230810150000000,21.85551076,21.91439404,21.835883,21.8849524,1400700,31224000.0
20230811100000000,21.8849524,21.92420792,21.36481676,21.4923972,6558400,144240624.0
20230811103000000,21.4923972,21.52183884,21.1979808,21.22742244,6343400,137841888.0
20230811110000000,21.22742244,21.23723632,21.0017032,21.0017032,6492100,139649184.0
20230811113000000,21.0017032,21.04095872,20.81523948,20.83486724,7209500,153682656.0
20230811133000000,20.87412276,20.9035644,20.48156756,20.53063696,7677300,161715968.0
20230811140000000,20.53063696,20.55026472,20.39324264,20.4128704,7695400,160507392.0
20230811143000000,20.4128704,20.4619398,20.24603444,20.29510384,10319700,213830976.0
20230811150000000,20.29510384,20.37361488,20.08901236,20.37361488,11229800,231217536.0
20230814100000000,20.118454,20.17733728,19.55906284,19.93199028,11398800,231646464.0
20230814103000000,19.93199028,20.05957072,19.89273476,20.01050132,3087400,62871296.0
20230814110000000,20.01050132,20.0693846,19.96143192,20.0203152,2221700,45294816.0
20230814113000000,20.0203152,20.15770952,19.95161804,20.08901236,2512300,51247904.0
20230814133000000,20.08901236,20.14789564,19.96143192,20.0203152,2478100,50604736.0
20230814140000000,20.0203152,20.15770952,20.01050132,20.10864012,2401600,49165600.0
20230814143000000,20.10864012,20.23622056,20.08901236,20.22640668,3276900,67277920.0
20230814150000000,20.22640668,20.24603444,20.15770952,20.18715116,3283500,67556856.0
20230815100000000,20.30491772,20.3147316,19.873107,19.91236252,5191400,105823008.0
20230815103000000,19.91236252,19.9712458,19.76515432,19.91236252,2757000,55822216.0
20230815110000000,19.91236252,20.0203152,19.873107,19.99087356,1450200,29480032.0
20230815113000000,19.99087356,20.03012908,19.91236252,19.94180416,1237400,25174176.0
20230815133000000,19.93199028,19.95161804,19.81422372,19.83385148,1916700,38807824.0
20230815140000000,19.83385148,19.9712458,19.8240376,19.88292088,1439800,29170896.0
20230815143000000,19.88292088,19.98105968,19.86329312,19.88292088,1860000,37740096.0
20230815150000000,19.88292088,19.94180416,19.84366536,19.90254864,2752300,55765632.0
20230816100000000,19.90254864,19.95161804,19.74552656,19.83385148,3244600,65634441.0
20230816103000000,19.83385148,19.86329312,19.49036568,19.53943508,4904000,98038644.0
20230816110000000,19.53943508,19.64738776,19.4805518,19.5786906,2878100,57352608.0
20230816113000000,19.5786906,19.6768294,19.5296212,19.59831836,2836800,56631968.0
20230816133000000,19.61794612,19.61794612,19.36278524,19.50017956,5759700,114187168.0
20230816140000000,19.50017956,19.51980732,19.35297136,19.45111016,5130000,101427744.0
20230816143000000,19.45111016,19.51980732,19.36278524,19.4314824,2953700,58497560.0
20230816150000000,19.4314824,19.49036568,19.30390196,19.34315748,5012700,98998408.0
20230817100000000,19.21557704,19.21557704,18.9407884,19.06836884,6067700,118095012.0
20230817103000000,19.06836884,19.11743824,18.91134676,19.01929944,4719600,91370600.0
20230817110000000,19.01929944,19.06836884,18.87209124,19.04874108,4408000,85218176.0
20230817113000000,19.04874108,19.2352048,19.01929944,19.15669376,3739400,72976288.0
20230817133000000,19.16650764,19.20576316,19.02911332,19.0389272,2702200,52544384.0
20230817140000000,19.0389272,19.07818272,19.00948556,19.04874108,1905700,36975712.0
20230817143000000,19.04874108,19.16650764,19.0389272,19.0879966,3127300,60907520.0
20230817150000000,19.0879966,19.09781048,18.92116064,19.00948556,6542700,126687873.0
20230818100000000,19.00948556,19.1861354,18.9898578,19.09781048,5361500,104325460.0
20230818103000000,19.09781048,19.11743824,18.96041616,18.98004392,3084200,59783808.0
20230818110000000,18.98004392,18.9898578,18.88190512,18.93097452,2045600,39442560.0
20230818113000000,18.93097452,18.9407884,18.81320796,18.8426496,2048800,39364672.0
20230818133000000,18.85246348,18.85246348,18.61693036,18.66599976,3946400,75175696.0
20230818140000000,18.66599976,18.70525528,18.56786096,18.646372,3401100,64560096.0
20230818143000000,18.646372,18.68562752,18.48934992,18.51879156,3863800,73038752.0
20230818150000000,18.51879156,18.5482332,18.4500944,18.47953604,3607600,68004288.0
20230821100000000,18.4500944,18.77395244,18.4500944,18.55804708,5372300,101979136.0
20230821103000000,18.55804708,18.73469692,18.50897768,18.70525528,2185700,41567552.0
20230821110000000,18.70525528,18.71506916,18.52860544,18.56786096,1790300,33967152.0
20230821113000000,18.56786096,18.65618588,18.5482332,18.63655812,1506900,28550128.0
20230821133000000,18.63655812,18.76413856,18.60711648,18.63655812,2348900,44725824.0
20230821140000000,18.63655812,18.63655812,18.55804708,18.5973026,1343400,25453776.0
20230821143000000,18.5973026,18.61693036,18.56786096,18.61693036,1488200,28192032.0
20230821150000000,18.61693036,18.62674424,18.48934992,18.50897768,2615600,49399520.0
20230822100000000,18.52860544,18.77395244,18.3028862,18.36176948,4596400,86718128.0
20230822103000000,18.36176948,18.44028052,18.22437516,18.34214172,2606000,48701920.0
20230822110000000,18.34214172,18.41083888,18.19493352,18.22437516,2157500,40166496.0
20230822113000000,18.22437516,18.24400292,18.13605024,18.19493352,3837500,71087248.0
20230822133000000,18.17530576,18.38139724,18.0575392,18.09679472,2771400,51361088.0
20230822140000000,18.09679472,18.09679472,17.97902816,18.08698084,3030800,55721312.0
20230822143000000,18.08698084,18.47953604,18.08698084,18.47953604,2670400,49860448.0
20230822150000000,18.47953604,18.53841932,18.401025,18.4500944,3463800,65251680.0
20230823100000000,18.646372,18.646372,18.01828368,18.155678,4385500,81410812.0
20230823103000000,18.155678,18.17530576,18.03791144,18.08698084,3525100,64989976.0
20230823110000000,18.08698084,18.16549188,18.04772532,18.07716696,1197600,22088304.0
20230823113000000,18.07716696,18.16549188,18.04772532,18.12623636,1079900,19919824.0
20230823133000000,18.12623636,18.14586412,17.97902816,18.0084698,1904100,35010608.0
20230823140000000,18.0084698,18.0575392,17.93977264,18.02809756,1878100,34416656.0
20230823143000000,18.02809756,18.04772532,17.90051712,17.92014488,1534100,28110304.0
20230823150000000,17.92014488,17.92995876,17.7631228,17.82200608,3299700,60011904.0
20230824100000000,17.90051712,18.08698084,17.88088936,17.92014488,3683800,67478566.0
20230824103000000,17.92014488,18.19493352,17.89070324,18.07716696,3210600,59110344.0
20230824110000000,18.07716696,18.17530576,18.02809756,18.11642248,1536600,28362920.0
20230824113000000,18.11642248,18.24400292,18.06735308,18.2047474,1722500,31874096.0
20230824133000000,18.19493352,18.32251396,18.19493352,18.2538168,2736300,50918688.0
20230824140000000,18.2538168,18.31270008,18.08698084,18.12623636,2028700,37592128.0
20230824143000000,18.12623636,18.12623636,18.0084698,18.03791144,1718400,31604768.0
20230824150000000,18.03791144,18.03791144,17.94958652,17.97902816,2532000,46411744.0
20230825100000000,17.89070324,17.89070324,17.6159146,17.78275056,4213000,76166408.0
20230825103000000,17.78275056,17.82200608,17.64535624,17.74349504,2715500,49057352.0
20230825110000000,17.74349504,17.82200608,17.68461176,17.68461176,1465200,26488296.0
20230825113000000,17.68461176,17.72386728,17.64535624,17.664984,1392800,25084608.0
20230825133000000,17.664984,17.80237832,17.53740356,17.53740356,2746200,49287456.0
20230825140000000,17.53740356,17.664984,17.43926476,17.59628684,2629000,46948416.0
20230825143000000,17.59628684,17.60610072,17.40982312,17.419637,1999200,35583424.0
20230825150000000,17.419637,17.52758968,17.3705676,17.52758968,3168400,56313408.0
20230828100000000,18.5973026,18.646372,18.1066086,18.16549188,10595800,197581776.0
20230828103000000,18.16549188,18.22437516,18.0084698,18.03791144,3579000,66049808.0
20230828110000000,18.03791144,18.08698084,17.910331,17.9594004,3345900,61384016.0
20230828113000000,17.9594004,17.96921428,17.79256444,17.80237832,2995500,54547200.0
20230828133000000,17.83181996,17.83181996,17.6159146,17.6159146,3098200,55916736.0
20230828140000000,17.6159146,17.8121922,17.60610072,17.73368116,1807600,32587584.0
20230828143000000,17.73368116,17.77293668,17.63554236,17.64535624,1607700,28968032.0
20230828150000000,17.64535624,17.67479788,17.55703132,17.64535624,2597900,46670880.0
20230829100000000,17.63554236,17.89070324,17.4687064,17.79256444,5392200,97752322.0
20230829103000000,17.79256444,18.11642248,17.77293668,18.1066086,3641200,66706912.0
20230829110000000,18.1066086,18.23418904,18.07716696,18.16549188,2522900,46657920.0
20230829113000000,18.16549188,18.26363068,18.155678,18.26363068,2498100,46355184.0
20230829133000000,18.24400292,18.27344456,18.09679472,18.27344456,4675100,86637008.0
20230829140000000,18.27344456,18.37158336,18.26363068,18.34214172,4029000,75211648.0
20230829143000000,18.34214172,18.37158336,18.24400292,18.24400292,4060000,75748672.0
20230829150000000,18.24400292,18.27344456,18.17530576,18.27344456,3209500,59572391.0
20230830100000000,18.45990828,19.00948556,18.45990828,18.97023004,9109800,174387716.0
20230830103000000,18.97023004,19.00948556,18.72488304,18.73469692,4655900,89597664.0
20230830110000000,18.73469692,18.80339408,18.55804708,18.56786096,3817900,72770144.0
20230830113000000,18.56786096,18.6954414,18.55804708,18.5973026,1825700,34630176.0
20230830133000000,18.5973026,18.60711648,18.43046664,18.4500944,2387500,45009056.0
20230830140000000,18.4500944,18.60711648,18.44028052,18.55804708,2138500,40355488.0
20230830143000000,18.55804708,18.81320796,18.5482332,18.7935802,3931100,74945920.0
20230830150000000,18.7935802,18.7935802,18.67581364,18.7445108,3969600,75764833.0
20230831100000000,18.6954414,18.75432468,18.36176948,18.57767484,7551800,142833620.0
20230831103000000,18.57767484,18.63655812,18.48934992,18.61693036,3276100,61942208.0
20230831110000000,18.61693036,18.62674424,18.4991638,18.50897768,2203300,41669728.0
20230831113000000,18.50897768,18.53841932,18.47953604,18.51879156,1447700,27298848.0
20230831133000000,18.50897768,18.5482332,18.42065276,18.42065276,2065900,38884256.0
20230831140000000,18.42065276,18.55804708,18.42065276,18.53841932,1816200,34203648.0
20230831143000000,18.53841932,18.56786096,18.46972216,18.47953604,1388800,26180960.0
20230831150000000,18.47953604,18.60711648,18.4500944,18.4500944,3465000,65393248.0
20230901100000000,18.4500944,18.73469692,18.4500944,18.73469692,4623400,87517506.0
20230901103000000,18.73469692,18.97023004,18.68562752,18.85246348,5095700,97835336.0
20230901110000000,18.85246348,18.90153288,18.7445108,18.75432468,2174100,41690432.0
20230901113000000,18.75432468,18.76413856,18.5973026,18.62674424,1989300,37899632.0
20230901133000000,18.61693036,18.71506916,18.56786096,18.6954414,1603500,30492288.0
20230901140000000,18.70525528,18.76413856,18.66599976,18.7445108,1543700,29444736.0
20230901143000000,18.7445108,18.78376632,18.70525528,18.76413856,2322900,44406432.0
20230901150000000,18.76413856,18.7935802,18.75432468,18.78376632,2640200,50518816.0
20230904100000000,18.891719,18.91134676,18.63655812,18.80339408,5026200,95964602.0
20230904103000000,18.80339408,18.891719,18.7445108,18.87209124,3136900,60097800.0
20230904110000000,18.87209124,18.92116064,18.7445108,18.75432468,3271200,62730480.0
20230904113000000,18.75432468,18.76413856,18.71506916,18.72488304,1441700,27529472.0
20230904133000000,18.7445108,18.83283572,18.6954414,18.70525528,2441600,46659504.0
20230904140000000,18.70525528,18.78376632,18.70525528,18.75432468,1950800,37270304.0
20230904143000000,18.75432468,18.7935802,18.73469692,18.77395244,2609300,49905376.0
20230904150000000,18.77395244,18.8426496,18.77395244,18.83283572,3095800,59305024.0
20230905100000000,18.7935802,18.95060228,18.63655812,18.72488304,5716500,109446080.0
20230905103000000,18.72488304,18.75432468,18.61693036,18.62674424,2717600,51702784.0
20230905110000000,18.62674424,18.75432468,18.61693036,18.66599976,1335200,25423408.0
20230905113000000,18.66599976,18.6954414,18.58748872,18.63655812,1638000,31103568.0
20230905133000000,18.63655812,18.72488304,18.56786096,18.61693036,1885500,35782368.0
20230905140000000,18.61693036,18.6954414,18.5973026,18.65618588,1284300,24403456.0
20230905143000000,18.65618588,18.65618588,18.57767484,18.5973026,1299500,24663264.0
20230905150000000,18.5973026,18.61693036,18.5482332,18.5973026,3382600,64049024.0
20230906100000000,18.50897768,18.65618588,18.401025,18.56786096,2685400,50695466.0
20230906103000000,18.56786096,18.61693036,18.46972216,18.61693036,2259800,42742784.0
20230906110000000,18.61693036,18.61693036,18.52860544,18.53841932,1649700,31204736.0
20230906113000000,18.53841932,18.5482332,18.45990828,18.5482332,2035100,38344968.0
20230906133000000,18.5482332,18.5973026,18.45990828,18.58748872,2337500,44088048.0
20230906140000000,18.58748872,18.70525528,18.55804708,18.63655812,2840200,53931376.0
20230906143000000,18.63655812,18.65618588,18.58748872,18.61693036,2866600,54372704.0
20230906150000000,18.61693036,18.66599976,18.5482332,18.60711648,4333900,82201888.0
20230907100000000,18.55804708,18.57767484,17.90051712,17.9594004,13237100,243963820.0
20230907103000000,17.9594004,17.99865592,17.910331,17.9594004,5124400,93712976.0
20230907110000000,17.9594004,17.9594004,17.82200608,17.85144772,3867100,70466432.0
20230907113000000,17.85144772,17.88088936,17.75330892,17.85144772,5305900,96228416.0
20230907133000000,17.84163384,17.88088936,17.664984,17.74349504,8284600,149820096.0
20230907140000000,17.74349504,17.78275056,17.664984,17.69442564,3235900,58366200.0
20230907143000000,17.69442564,17.83181996,17.69442564,17.78275056,2413600,43683662.0
20230907150000000,17.78275056,17.8612616,17.72386728,17.7631228,3484000,63122354.0
20230908100000000,17.80237832,17.80237832,17.5668452,17.59628684,4929200,88803872.0
20230908103000000,17.59628684,17.65517012,17.5177758,17.5177758,3097200,55509592.0
20230908110000000,17.5177758,17.52758968,17.38038148,17.39019536,4393700,78092496.0
20230908113000000,17.39019536,17.48833416,17.38038148,17.40982312,2460400,43700544.0
20230908133000000,17.40982312,17.5177758,17.39019536,17.49814804,3170300,56393840.0
20230908140000000,17.49814804,17.53740356,17.44907864,17.5177758,2674300,47671712.0
20230908143000000,17.5177758,17.54721744,17.42945088,17.45889252,3297100,58735680.0
20230908150000000,17.45889252,17.58647296,17.42945088,17.49814804,3953000,70489856.0
20230911100000000,17.50796192,17.54721744,17.17429,17.3705676,6515000,115234036.0
20230911103000000,17.3705676,17.49814804,17.34112596,17.4687064,2299900,40823392.0
20230911110000000,17.4687064,17.55703132,17.42945088,17.4687064,2450900,43675376.0
20230911113000000,17.4687064,17.48833416,17.419637,17.44907864,1376800,24476064.0
20230911133000000,17.4687064,17.75330892,17.4687064,17.74349504,3482100,62679728.0
20230911140000000,17.74349504,17.8612616,17.67479788,17.69442564,2643000,47847872.0
20230911143000000,17.69442564,17.7140534,17.62572848,17.64535624,1951900,35107136.0
20230911150000000,17.63554236,17.68461176,17.60610072,17.65517012,3275500,58905440.0
20230912100000000,17.8121922,17.99865592,17.63554236,17.7140534,6250800,112995732.0
20230912103000000,17.7140534,18.18511964,17.68461176,17.96921428,7684900,140834696.0
20230912110000000,17.96921428,18.11642248,17.92995876,18.11642248,3077500,56449744.0
20230912113000000,18.11642248,18.29307232,18.07716696,18.29307232,5539100,102633024.0
20230912133000000,18.3028862,18.55804708,18.3028862,18.3519556,8772500,164738304.0
20230912140000000,18.3519556,18.63655812,18.3519556,18.5482332,6310600,118923584.0
20230912143000000,18.5482332,18.60711648,18.43046664,18.57767484,5037600,95070144.0
20230912150000000,18.57767484,18.62674424,18.50897768,18.5482332,8036600,152089216.0
20230913100000000,18.42065276,18.42065276,17.77293668,17.84163384,17062600,312175968.0
20230913103000000,17.84163384,17.8612616,17.62572848,17.65517012,8951000,161708768.0
20230913110000000,17.65517012,17.664984,17.49814804,17.52758968,7254100,129811648.0
20230913113000000,17.52758968,17.55703132,17.49814804,17.49814804,3511800,62715712.0
20230913133000000,17.50796192,17.57665908,17.39019536,17.43926476,4922700,87574528.0
20230913140000000,17.43926476,17.57665908,17.39019536,17.49814804,3098300,55217600.0
20230913143000000,17.49814804,17.58647296,17.45889252,17.55703132,3005800,53658236.0
20230913150000000,17.55703132,17.69442564,17.54721744,17.64535624,4311900,77497544.0
20230914100000000,17.68461176,17.88088936,17.6159146,17.8121922,7498400,135656504.0
20230914103000000,17.8121922,17.8121922,17.63554236,17.664984,3393200,61234480.0
20230914110000000,17.664984,17.70423952,17.5668452,17.5668452,1881400,33795680.0
20230914113000000,17.5668452,17.69442564,17.55703132,17.68461176,1389800,24916032.0
20230914133000000,17.68461176,17.68461176,17.54721744,17.57665908,1639000,29385376.0
20230914140000000,17.58647296,17.59628684,17.49814804,17.5668452,1923100,34372608.0
20230914143000000,17.5668452,17.5668452,17.49814804,17.54721744,1556600,27809472.0
20230914150000000,17.54721744,17.68461176,17.53740356,17.63554236,3575400,64252640.0
20230915100000000,17.63554236,17.70423952,17.33131208,17.40000924,5508000,97908952.0
20230915103000000,17.40000924,17.59628684,17.3705676,17.52758968,2597500,46356112.0
20230915110000000,17.52758968,17.83181996,17.4687064,17.69442564,3439100,61912512.0
20230915113000000,17.69442564,17.79256444,17.65517012,17.67479788,2591800,46818032.0
20230915133000000,17.67479788,17.67479788,17.5177758,17.52758968,1316300,23558848.0
20230915140000000,17.52758968,17.53740356,17.49814804,17.53740356,1751000,31262432.0
20230915143000000,17.53740356,17.5668452,17.48833416,17.5177758,1642800,29332672.0
20230915150000000,17.5177758,17.5668452,17.5177758,17.5177758,2562600,45808256.0
20230918100000000,17.3705676,17.910331,17.24298716,17.89070324,7497500,135119260.0
20230918103000000,17.89070324,18.155678,17.89070324,18.0575392,8189000,150559984.0
20230918110000000,18.0575392,18.09679472,17.75330892,17.77293668,4268100,77827904.0
20230918113000000,17.77293668,17.84163384,17.72386728,17.74349504,2113500,38275584.0
20230918133000000,17.75330892,17.75330892,17.60610072,17.63554236,2460600,44324128.0
20230918140000000,17.63554236,17.72386728,17.62572848,17.65517012,1740100,31338016.0
20230918143000000,17.65517012,17.7140534,17.62572848,17.65517012,2385800,42953504.0
20230918150000000,17.65517012,17.68461176,17.58647296,17.60610072,3841600,69017182.0
20230919100000000,17.60610072,17.60610072,17.18410388,17.20373164,8240500,145627688.0
20230919103000000,17.20373164,17.3705676,17.14484836,17.33131208,4112200,72117264.0
20230919110000000,17.33131208,17.40982312,17.29205656,17.3214982,1734000,30657440.0
20230919113000000,17.3214982,17.36075372,17.28224268,17.28224268,1015100,17908592.0
20230919133000000,17.29205656,17.31168432,17.2233594,17.2233594,1674100,29435696.0
20230919140000000,17.2233594,17.28224268,17.16447612,17.19391776,2307100,40450304.0
20230919143000000,17.19391776,17.24298716,17.15466224,17.20373164,1960400,34341120.0
20230919150000000,17.20373164,17.2724288,17.19391776,17.25280104,2250300,39516800.0
20230920100000000,17.17429,17.36075372,17.10559284,17.24298716,3746500,65894184.0
20230920103000000,17.24298716,17.3214982,17.21354552,17.24298716,1777500,31266328.0
20230920110000000,17.24298716,17.24298716,17.13503448,17.18410388,2417900,42317552.0
20230920113000000,17.18410388,17.19391776,17.04670956,17.04670956,2709800,47252144.0
20230920133000000,17.05652344,17.17429,17.05652344,17.11540672,1361500,23745120.0
20230920140000000,17.1252206,17.21354552,17.04670956,17.05652344,1717900,29972176.0
20230920143000000,17.05652344,17.11540672,17.03689568,17.05652344,1647400,28659936.0
20230920150000000,17.05652344,17.05652344,16.99764016,17.0270818,3050800,52933632.0
20230921100000000,16.91912912,17.10559284,16.86024584,16.91912912,4663600,80694712.0
20230921103000000,16.91912912,17.04670956,16.86024584,16.928943,2948700,50880536.0
20230921110000000,16.928943,16.98782628,16.88968748,16.89950136,1733700,29885352.0
20230921113000000,16.89950136,16.91912912,16.84061808,16.8798736,2113300,36348224.0
20230921133000000,16.8798736,16.928943,16.80136256,16.80136256,2095000,35996560.0
20230921140000000,16.80136256,16.86024584,16.7817348,16.80136256,2524000,43242992.0
20230921143000000,16.80136256,16.91912912,16.79154868,16.81117644,2777500,47689664.0
20230921150000000,16.81117644,16.84061808,16.7817348,16.81117644,2487400,42603424.0
20230922100000000,16.76210704,17.03689568,16.7326654,16.9780124,4634800,79696428.0
20230922103000000,16.9780124,17.29205656,16.9780124,17.08596508,5297800,92523088.0
20230922110000000,17.08596508,17.14484836,17.0270818,17.10559284,1750900,30494320.0
20230922113000000,17.10559284,17.16447612,17.0761512,17.15466224,1217300,21251728.0
20230922133000000,17.16447612,17.25280104,17.13503448,17.19391776,2788200,48826640.0
20230922140000000,17.18410388,17.21354552,17.0761512,17.15466224,1566100,27350592.0
20230922143000000,17.13503448,17.3214982,17.13503448,17.25280104,3955300,69550400.0
20230922150000000,17.25280104,17.30187044,17.2233594,17.28224268,3013900,53029536.0
20230925100000000,17.25280104,17.36075372,17.1252206,17.17429,5632800,98766528.0
20230925103000000,17.18410388,17.21354552,17.04670956,17.06633732,2927800,51035216.0
20230925110000000,17.06633732,17.06633732,16.98782628,17.00745404,2600600,45132080.0
20230925113000000,16.99764016,17.00745404,16.86024584,16.91912912,4122500,71025344.0
20230925133000000,16.91912912,16.94857076,16.8308042,16.93875688,3438200,59103696.0
20230925140000000,16.93875688,16.98782628,16.90931524,16.93875688,1868700,32260224.0
20230925143000000,16.93875688,16.95838464,16.89950136,16.93875688,1322800,22809536.0
20230925150000000,16.93875688,17.00745404,16.93875688,16.98782628,2352600,40689920.0
20230926100000000,16.91912912,17.01726792,16.74247928,16.75229316,3713200,63727818.0
20230926103000000,16.75229316,16.95838464,16.71303764,16.77192092,3598400,61665812.0
20230926110000000,16.77192092,16.77192092,16.70322376,16.7326654,3685500,62834928.0
20230926113000000,16.7326654,16.7817348,16.70322376,16.71303764,2531200,43134832.0
20230926133000000,16.72285152,16.77192092,16.683596,16.77192092,2877600,49010928.0
20230926140000000,16.77192092,16.81117644,16.71303764,16.72285152,2604200,44488960.0
20230926143000000,16.72285152,16.72285152,16.66396824,16.69340988,3415100,58077888.0
20230926150000000,16.69340988,16.69340988,16.64434048,16.683596,3453000,58655264.0
20230927100000000,16.66396824,16.93875688,16.59527108,16.928943,5663900,96851024.0
20230927103000000,16.928943,17.03689568,16.90931524,16.96819852,5871700,101528744.0
20230927110000000,16.96819852,16.9780124,16.77192092,16.80136256,3769600,64759840.0
20230927113000000,16.80136256,16.80136256,16.74247928,16.80136256,3089100,52782432.0
20230927133000000,16.80136256,16.8798736,16.77192092,16.81117644,2721400,46614592.0
20230927140000000,16.81117644,16.85043196,16.77192092,16.84061808,2179300,37317056.0
20230927143000000,16.84061808,16.88968748,16.82099032,16.87005972,2481100,42632032.0
20230927150000000,16.8798736,16.88968748,16.82099032,16.87005972,3150500,54111328.0
20230928100000000,16.87005972,17.06633732,16.85043196,17.01726792,5392600,93179616.0
20230928103000000,17.01726792,17.04670956,16.8798736,16.88968748,2270900,39249392.0
20230928110000000,16.88968748,16.88968748,16.82099032,16.84061808,2230500,38302656.0
20230928113000000,16.84061808,16.87005972,16.80136256,16.86024584,1293200,22173296.0
20230928133000000,16.86024584,17.03689568,16.8308042,17.00745404,3385100,58584512.0
20230928140000000,17.00745404,17.10559284,16.9780124,17.04670956,2813500,48883952.0
20230928143000000,17.04670956,17.11540672,17.0270818,17.03689568,1873600,32591712.0
20230928150000000,17.03689568,17.04670956,16.99764016,17.01726792,2244100,38911680.0
20231009100000000,16.99764016,17.23317328,16.88968748,17.23317328,5002300,86742074.0
20231009103000000,17.23317328,17.3214982,17.19391776,17.26261492,4785900,84197576.0
20231009110000000,17.26261492,17.29205656,17.10559284,17.1252206,2167400,38009200.0
20231009113000000,17.1252206,17.14484836,17.05652344,17.08596508,1523700,26546224.0
20231009133000000,17.08596508,17.14484836,17.04670956,17.13503448,1827100,31825584.0
20231009140000000,17.13503448,17.3214982,17.11540672,17.25280104,3262200,57327120.0
20231009143000000,17.25280104,17.50796192,17.21354552,17.3214982,5272000,93415488.0
20231009150000000,17.3214982,17.3705676,17.25280104,17.31168432,4270800,75348768.0
20231010100000000,17.3705676,17.49814804,17.25280104,17.29205656,5619600,99557946.0
20231010103000000,17.29205656,17.38038148,17.28224268,17.31168432,2492900,44015552.0
20231010110000000,17.31168432,17.36075372,17.2724288,17.30187044,1368700,24149664.0
20231010113000000,17.30187044,17.38038148,17.30187044,17.33131208,1112100,19641552.0
20231010133000000,17.33131208,17.36075372,17.2724288,17.28224268,1758600,31034240.0
20231010140000000,17.28224268,17.35093984,17.26261492,17.3214982,2385500,42078048.0
20231010143000000,17.3214982,17.47852028,17.30187044,17.42945088,3347700,59410768.0
20231010150000000,17.42945088,17.42945088,17.33131208,17.3705676,3336200,59080960.0
20231011100000000,17.45889252,17.7140534,17.39019536,17.69442564,9026300,161739208.0
20231011103000000,17.69442564,17.96921428,17.58647296,17.96921428,9785300,177746672.0
20231011110000000,17.96921428,18.2538168,17.96921428,18.0575392,9769300,180483616.0
20231011113000000,18.0575392,18.28325844,18.03791144,18.2538168,4080700,75364704.0
20231011133000000,18.27344456,18.27344456,18.03791144,18.06735308,5326900,98374720.0
20231011140000000,18.06735308,18.07716696,17.96921428,17.97902816,3156800,57956610.0
20231011143000000,17.97902816,17.98884204,17.78275056,17.82200608,5150800,93823862.0
20231011150000000,17.82200608,17.92014488,17.79256444,17.910331,5020500,91416266.0
20231012100000000,18.13605024,18.92116064,18.04772532,18.57767484,30399500,577016808.0
20231012103000000,18.57767484,18.7935802,18.4500944,18.72488304,9640000,182794698.0
20231012110000000,18.72488304,19.0389272,18.65618588,19.01929944,11957100,230136702.0
20231012113000000,19.01929944,19.01929944,18.7935802,18.85246348,6038200,116378880.0
20231012133000000,18.85246348,18.96041616,18.7445108,18.9407884,4932600,94747904.0
20231012140000000,18.9407884,18.98004392,18.87209124,18.91134676,3996000,77036288.0
20231012143000000,18.91134676,18.93097452,18.78376632,18.8426496,3557600,68387712.0
20231012150000000,18.8426496,18.8426496,18.77395244,18.80339408,5923400,113479812.0
20231013100000000,18.73469692,18.8426496,18.45990828,18.71506916,11233600,213919264.0
20231013103000000,18.71506916,19.06836884,18.63655812,18.87209124,9116400,175544560.0
20231013110000000,18.87209124,18.9407884,18.75432468,18.8426496,4469300,85886208.0
20231013113000000,18.8426496,18.88190512,18.7935802,18.81320796,2820500,54119968.0
20231013133000000,18.81320796,18.81320796,18.70525528,18.72488304,4069800,77738978.0
20231013140000000,18.72488304,18.75432468,18.6954414,18.73469692,2700600,51533624.0
20231013143000000,18.73469692,18.86227736,18.70525528,18.7935802,3106600,59484874.0
20231013150000000,18.7935802,18.83283572,18.7445108,18.82302184,5781400,110817788.0
20231016100000000,18.82302184,18.86227736,18.0575392,18.14586412,20012900,373660592.0
20231016103000000,18.14586412,18.21456128,18.0084698,18.1066086,7913500,146103712.0
20231016110000000,18.1066086,18.16549188,17.9594004,18.1066086,4871700,89552220.0
20231016113000000,18.1066086,18.16549188,18.06735308,18.11642248,1786700,32972482.0
20231016133000000,18.11642248,18.11642248,17.99865592,18.08698084,3080000,56630914.0
20231016140000000,18.08698084,18.08698084,17.910331,17.94958652,4113500,75328832.0
20231016143000000,17.94958652,17.97902816,17.8612616,17.89070324,4315900,78761088.0
20231016150000000,17.89070324,18.02809756,17.87107548,18.0084698,4871300,89166084.0
20231017100000000,18.07716696,18.18511964,17.90051712,17.92014488,6690400,123124744.0
20231017103000000,17.92014488,17.93977264,17.72386728,17.7631228,6290100,114012784.0
20231017110000000,17.7631228,17.80237832,17.664984,17.72386728,4686800,84526768.0
20231017113000000,17.72386728,17.85144772,17.69442564,17.80237832,2410500,43661280.0
20231017133000000,17.8121922,17.8121922,17.5668452,17.57665908,3713300,66831808.0
20231017140000000,17.57665908,17.63554236,17.55703132,17.60610072,2918200,52308704.0
20231017143000000,17.60610072,17.62572848,17.55703132,17.59628684,3208900,57506240.0
20231017150000000,17.59628684,17.68461176,17.57665908,17.664984,3159500,56780320.0
20231018100000000,17.59628684,17.59628684,17.0761512,17.13503448,10484700,184131148.0
20231018103000000,17.13503448,17.40982312,17.13503448,17.33131208,3370300,59330064.0
20231018110000000,17.33131208,17.33131208,17.2233594,17.3214982,2840900,49945216.0
20231018113000000,17.3214982,17.3705676,17.24298716,17.25280104,1496100,26396000.0
20231018133000000,17.25280104,17.47852028,17.25280104,17.40982312,2518500,44604480.0
20231018140000000,17.40982312,17.419637,17.29205656,17.31168432,997500,17627008.0
20231018143000000,17.31168432,17.38038148,17.24298716,17.2724288,1732500,30545920.0
20231018150000000,17.2724288,17.35093984,17.2724288,17.28224268,2299600,40542880.0
20231019100000000,17.13503448,17.45889252,17.10559284,17.21354552,6748900,118907516.0
20231019103000000,17.21354552,17.25280104,17.15466224,17.15466224,3709200,64983304.0
20231019110000000,17.15466224,17.15466224,17.0270818,17.05652344,3003700,52299488.0
20231019113000000,17.05652344,17.11540672,17.04670956,17.08596508,1279600,22270416.0
20231019133000000,17.08596508,17.10559284,17.00745404,17.03689568,1503700,26123360.0
20231019140000000,17.0270818,17.0270818,16.928943,16.95838464,2289800,39594976.0
20231019143000000,16.94857076,17.08596508,16.94857076,16.98782628,1457000,25256800.0
20231019150000000,16.98782628,16.98782628,16.89950136,16.928943,2665200,45985568.0
20231020100000000,16.72285152,16.93875688,16.56582944,16.56582944,7952700,135529878.0
20231020103000000,16.56582944,16.65415436,16.47750452,16.5854572,4056300,68422416.0
20231020110000000,16.5854572,16.70322376,16.55601556,16.64434048,1736900,29434176.0
20231020113000000,16.64434048,16.64434048,16.47750452,16.49713228,2746800,46262000.0
20231020133000000,16.50694616,16.54620168,16.40880736,16.438249,3573800,59938560.0
20231020140000000,16.438249,16.44806288,16.26159916,16.35973796,4723500,78624512.0
20231020143000000,16.35973796,16.36955184,16.20271588,16.2419714,4212600,69753952.0
20231020150000000,16.2419714,16.3401102,16.2419714,16.2910408,3572800,59281344.0
20231023100000000,16.2910408,16.2910408,15.82978844,15.87885784,7829100,127378820.0
20231023103000000,15.87885784,16.11439096,15.82978844,16.01625216,3366100,54825592.0
20231023110000000,16.01625216,16.42843512,16.00643828,16.36955184,4191800,69340960.0
20231023113000000,16.36955184,16.36955184,16.20271588,16.31066856,1448700,24030608.0
20231023133000000,16.33029632,16.37936572,16.13401872,16.15364648,2634800,43594240.0
20231023140000000,16.15364648,16.17327424,15.93774112,15.97699664,2784000,45476224.0
20231023143000000,15.97699664,16.00643828,15.87885784,15.87885784,2117500,34404992.0
20231023150000000,15.87885784,15.95736888,15.8494162,15.947555,2970400,48111264.0
20231024100000000,16.11439096,16.23215752,15.97699664,16.07513544,7320500,120053232.0
20231024103000000,16.07513544,16.56582944,16.02606604,16.41862124,6529200,108658168.0
20231024110000000,16.41862124,16.51676004,16.30085468,16.31066856,2672400,44627728.0
20231024113000000,16.31066856,16.36955184,16.30085468,16.33029632,1468500,24447712.0
20231024133000000,16.32048244,16.45787676,16.21252976,16.22234364,2546300,42371040.0
20231024140000000,16.22234364,16.26159916,16.17327424,16.21252976,1891600,31255744.0
20231024143000000,16.21252976,16.32048244,16.20271588,16.28122692,1797900,29794912.0
20231024150000000,16.28122692,16.31066856,16.25178528,16.28122692,2964000,49151712.0
20231025100000000,16.30085468,17.70423952,16.30085468,17.40000924,32029800,563541649.0
20231025103000000,17.40000924,17.5668452,17.24298716,17.33131208,7003000,124176575.0
20231025110000000,17.33131208,17.48833416,17.33131208,17.43926476,3277300,58139134.0
20231025113000000,17.43926476,17.5177758,17.19391776,17.20373164,3654000,64514305.0
20231025133000000,17.20373164,17.39019536,17.17429,17.23317328,2882000,50700549.0
20231025140000000,17.23317328,17.23317328,17.11540672,17.18410388,2551700,44633148.0
20231025143000000,17.18410388,17.2233594,17.11540672,17.18410388,2685400,46984576.0
20231025150000000,17.18410388,17.18410388,17.0761512,17.10559284,4373400,76254592.0
20231026100000000,16.98782628,16.98782628,16.56582944,16.69340988,10711100,182027600.0
20231026103000000,16.69340988,16.98782628,16.69340988,16.8308042,5576100,95706352.0
20231026110000000,16.8308042,16.86024584,16.70322376,16.71303764,2467000,42207168.0
20231026113000000,16.71303764,16.7326654,16.65415436,16.72285152,1661500,28259456.0
20231026133000000,16.72285152,16.75229316,16.66396824,16.7326654,2052400,34922400.0
20231026140000000,16.7326654,17.10559284,16.72285152,17.00745404,3942300,68076960.0
20231026143000000,17.00745404,17.04670956,16.8798736,16.93875688,3647300,62931584.0
20231026150000000,16.93875688,17.08596508,16.93875688,17.03689568,4873500,84583650.0
20231027100000000,16.9780124,17.04670956,16.71303764,16.96819852,5668400,97532822.0
20231027103000000,16.96819852,17.28224268,16.96819852,17.21354552,6200000,108188992.0
20231027110000000,17.21354552,17.68461176,17.18410388,17.63554236,9605300,171028240.0
20231027113000000,17.63554236,17.72386728,17.49814804,17.60610072,6444100,115845152.0
20231027133000000,17.60610072,17.79256444,17.50796192,17.79256444,5977300,107543552.0
20231027140000000,17.79256444,18.27344456,17.78275056,18.17530576,12210700,224651264.0
20231027143000000,18.17530576,18.37158336,18.16549188,18.31270008,8763000,163168128.0
20231027150000000,18.31270008,18.34214172,18.17530576,18.2047474,7518000,139689920.0
20231030100000000,18.22437516,18.33232784,18.0084698,18.1066086,12980600,240356400.0
20231030103000000,18.1066086,18.52860544,18.1066086,18.28325844,8749300,163676096.0
20231030110000000,18.28325844,18.39121112,18.21456128,18.29307232,3379400,63004320.0
20231030113000000,18.29307232,18.56786096,18.28325844,18.55804708,4229200,79430436.0
20231030133000000,18.57767484,18.5973026,18.34214172,18.45990828,5896600,111067772.0
20231030140000000,18.45990828,18.62674424,18.45990828,18.53841932,6104800,115450880.0
20231030143000000,18.53841932,18.61693036,18.51879156,18.57767484,4307200,81503424.0
20231030150000000,18.57767484,18.57767484,18.47953604,18.47953604,4288900,80927740.0
20231031100000000,18.4991638,18.7935802,18.401025,18.48934992,8956300,169144544.0
20231031103000000,18.48934992,18.60711648,18.37158336,18.41083888,5275200,99416592.0
20231031110000000,18.41083888,18.41083888,18.26363068,18.28325844,4716800,88028960.0
20231031113000000,18.28325844,18.37158336,18.2538168,18.33232784,1716800,32012064.0
20231031133000000,18.31270008,18.3519556,18.23418904,18.28325844,1623000,30243552.0
20231031140000000,18.28325844,18.34214172,18.24400292,18.24400292,1713500,31918112.0
20231031143000000,18.24400292,18.3028862,18.19493352,18.27344456,2415600,44903616.0
20231031150000000,18.26363068,18.45990828,18.26363068,18.36176948,4426600,82912864.0
20231101100000000,18.34214172,18.44028052,18.03791144,18.155678,7048300,130699164.0
20231101103000000,18.155678,18.26363068,18.12623636,18.17530576,2574900,47703128.0
20231101110000000,18.17530576,18.31270008,18.13605024,18.27344456,2101500,39045968.0
20231101113000000,18.27344456,18.34214172,18.2047474,18.23418904,1627100,30266464.0
20231101133000000,18.23418904,18.23418904,18.155678,18.17530576,1444000,26775120.0
20231101140000000,18.17530576,18.22437516,18.16549188,18.18511964,1326000,24585664.0
20231101143000000,18.18511964,18.22437516,18.17530576,18.19493352,1322000,24514880.0
20231101150000000,18.19493352,18.21456128,18.16549188,18.18511964,1808800,33520896.0
20231102100000000,18.18511964,18.33232784,18.1066086,18.19493352,5425300,100801362.0
20231102103000000,18.19493352,18.3028862,18.13605024,18.14586412,2760000,51257688.0
20231102110000000,18.13605024,18.23418904,18.13605024,18.155678,1432700,26541040.0
20231102113000000,18.14586412,18.155678,18.09679472,18.12623636,885800,16358880.0
20231102133000000,18.11642248,18.11642248,18.03791144,18.04772532,1652200,30411840.0
20231102140000000,18.04772532,18.0575392,17.94958652,17.97902816,2485600,45574080.0
20231102143000000,17.97902816,18.03791144,17.96921428,18.01828368,1308100,23996256.0
20231102150000000,18.03791144,18.03791144,17.88088936,17.90051712,2725700,49796384.0
20231103100000000,17.9594004,18.34214172,17.9594004,18.21456128,6474400,120076968.0
20231103103000000,18.21456128,18.48934992,18.21456128,18.33232784,5199900,97339000.0
20231103110000000,18.33232784,18.48934992,18.33232784,18.401025,2810000,52738080.0
20231103113000000,18.401025,18.5482332,18.36176948,18.48934992,3206400,60329168.0
20231103133000000,18.48934992,18.55804708,18.41083888,18.48934992,2450800,46119200.0
20231103140000000,18.48934992,18.63655812,18.47953604,18.57767484,4301800,81455808.0
20231103143000000,18.57767484,18.646372,18.56786096,18.62674424,4633200,87923328.0
20231103150000000,18.62674424,18.65618588,18.55804708,18.5973026,6339100,120181633.0
20231106100000000,18.70525528,18.96041616,18.62674424,18.95060228,13299500,255056656.0
20231106103000000,18.95060228,19.2842742,18.95060228,19.06836884,12144900,236624560.0
20231106110000000,19.06836884,19.37259912,19.04874108,19.2352048,7343000,143984550.0
20231106113000000,19.2352048,19.74552656,19.1861354,19.60813224,11991600,238742266.0
20231106133000000,19.51980732,19.62776,19.39222688,19.42166852,6568100,130519616.0
20231106140000000,19.42166852,19.6768294,19.42166852,19.5296212,3837200,76406464.0
20231106143000000,19.5296212,19.56887672,19.4314824,19.49036568,3698600,73448000.0
20231106150000000,19.49036568,19.50017956,19.39222688,19.50017956,5929800,117547392.0
20231107100000000,19.37259912,19.4314824,19.15669376,19.19594928,10948600,215207632.0
20231107103000000,19.19594928,19.25483256,19.14687988,19.24501868,4258600,83242224.0
20231107110000000,19.24501868,19.24501868,19.137066,19.15669376,2069400,40425920.0
20231107113000000,19.15669376,19.1861354,19.12725212,19.137066,2706100,52798720.0
20231107133000000,19.12725212,19.37259912,19.11743824,19.2842742,3658300,71798176.0
20231107140000000,19.2842742,19.34315748,19.25483256,19.32352972,2045000,40204512.0
20231107143000000,19.32352972,19.39222688,19.30390196,19.34315748,3857400,76013636.0
20231107150000000,19.34315748,19.36278524,19.24501868,19.2842742,3385000,66525113.0
20231108100000000,19.27446032,19.53943508,19.06836884,19.45111016,7259300,142828304.0
20231108103000000,19.45111016,19.55906284,19.36278524,19.39222688,5195500,103005824.0
20231108110000000,19.39222688,19.42166852,19.26464644,19.40204076,2593100,51108176.0
20231108113000000,19.40204076,19.42166852,19.31371584,19.382413,1422600,28088224.0
20231108133000000,19.40204076,19.40204076,19.15669376,19.1861354,4690200,91941312.0
20231108140000000,19.1861354,19.22539092,19.07818272,19.137066,3944100,76918432.0
20231108143000000,19.137066,19.16650764,19.0389272,19.16650764,2845000,55360160.0
20231108150000000,19.16650764,19.22539092,19.137066,19.21557704,2443800,47796026.0
20231109100000000,19.25483256,19.36278524,19.06836884,19.06836884,5415800,105913326.0
20231109103000000,19.06836884,19.2352048,19.05855496,19.11743824,2644700,51560152.0
20231109110000000,19.11743824,19.27446032,19.0879966,19.11743824,2119800,41438544.0
20231109113000000,19.10762436,19.21557704,19.0879966,19.137066,1263500,24637760.0
20231109133000000,19.137066,19.17632152,19.07818272,19.11743824,1271900,24780640.0
20231109140000000,19.11743824,19.1861354,19.09781048,19.15669376,1849500,36071248.0
20231109143000000,19.15669376,19.15669376,19.01929944,19.0879966,2893100,56197280.0
20231109150000000,19.0879966,19.11743824,19.04874108,19.09781048,2348600,45688544.0
20231110100000000,18.92116064,19.01929944,18.71506916,18.83283572,9954300,191554128.0
20231110103000000,18.83283572,18.86227736,18.70525528,18.7445108,4682300,89598544.0
20231110110000000,18.7445108,18.80339408,18.65618588,18.76413856,3383600,64565408.0
20231110113000000,18.76413856,18.81320796,18.73469692,18.76413856,1359300,25997856.0
20231110133000000,18.76413856,19.22539092,18.75432468,18.7935802,4541000,87883904.0
20231110140000000,18.7935802,18.891719,18.75432468,18.85246348,1995000,38254176.0
20231110143000000,18.85246348,18.91134676,18.7935802,18.891719,1966200,37767904.0
20231110150000000,18.891719,18.92116064,18.85246348,18.90153288,2356500,45342332.0
20231113100000000,19.07818272,19.17632152,18.80339408,18.87209124,6531300,126362660.0
20231113103000000,18.87209124,18.93097452,18.75432468,18.86227736,3612700,69325192.0
20231113110000000,18.86227736,18.891719,18.73469692,18.7445108,2363000,45264592.0
20231113113000000,18.7445108,18.78376632,18.66599976,18.6954414,1929800,36801344.0
20231113133000000,18.65618588,18.7445108,18.646372,18.67581364,2224400,42332896.0
20231113140000000,18.67581364,18.77395244,18.646372,18.76413856,1943800,37057120.0
20231113143000000,18.76413856,18.7935802,18.6954414,18.73469692,1653900,31581024.0
20231113150000000,18.73469692,18.83283572,18.72488304,18.81320796,2928800,56028096.0
20231114100000000,18.75432468,19.06836884,18.67581364,18.95060228,5956500,114526562.0
20231114103000000,18.95060228,18.98004392,18.7935802,18.83283572,3347000,64407208.0
20231114110000000,18.83283572,18.88190512,18.7935802,18.81320796,2384800,45730176.0
20231114113000000,18.7935802,18.81320796,18.65618588,18.66599976,3080300,58724000.0
20231114133000000,18.66599976,18.67581364,18.57767484,18.63655812,3263600,61908960.0
20231114140000000,18.63655812,18.72488304,18.60711648,18.68562752,2409700,45785664.0
20231114143000000,18.68562752,18.70525528,18.62674424,18.63655812,2168200,41231584.0
20231114150000000,18.63655812,18.68562752,18.60711648,18.68562752,3253100,61812000.0
20231115100000000,18.9898578,19.1861354,18.90153288,18.92116064,11770900,228753224.0
20231115103000000,18.92116064,18.92116064,18.78376632,18.86227736,3023000,58071232.0
20231115110000000,18.85246348,18.92116064,18.7935802,18.91134676,1967300,37780608.0
20231115113000000,18.91134676,18.98004392,18.87209124,18.88190512,1435100,27675296.0
20231115133000000,18.86227736,18.93097452,18.82302184,18.87209124,1818600,34934656.0
20231115140000000,18.86227736,18.96041616,18.82302184,18.87209124,1973200,38000064.0
20231115143000000,18.87209124,18.96041616,18.8426496,18.93097452,1660900,32016704.0
20231115150000000,18.93097452,18.95060228,18.90153288,18.9407884,3093200,59660288.0
20231116100000000,18.95060228,18.95060228,18.6954414,18.73469692,4703400,89987896.0
20231116103000000,18.73469692,18.78376632,18.67581364,18.72488304,2662900,50786176.0
20231116110000000,18.72488304,18.7445108,18.66599976,18.67581364,1408000,26827328.0
20231116113000000,18.67581364,18.71506916,18.646372,18.65618588,1374700,26159664.0
20231116133000000,18.66599976,18.66599976,18.5973026,18.63655812,2080800,39508400.0
20231116140000000,18.63655812,18.68562752,18.61693036,18.67581364,959100,18218000.0
20231116143000000,18.68562752,18.72488304,18.646372,18.65618588,761500,14495376.0
20231116150000000,18.65618588,18.67581364,18.55804708,18.55804708,3185300,60358096.0
20231117100000000,18.47953604,19.1861354,18.44028052,18.86227736,13517500,260440690.0
20231117103000000,18.86227736,18.96041616,18.73469692,18.86227736,3835300,73631008.0
20231117110000000,18.86227736,18.99967168,18.76413856,18.97023004,3253400,62523680.0
20231117113000000,18.97023004,19.00948556,18.85246348,18.891719,2402200,46368768.0
20231117133000000,18.91134676,18.91134676,18.77395244,18.7935802,2296800,44053440.0
20231117140000000,18.7935802,18.80339408,18.7445108,18.78376632,1915700,36649760.0
20231117143000000,18.78376632,18.92116064,18.78376632,18.86227736,1853400,35616408.0
20231117150000000,18.86227736,18.97023004,18.86227736,18.93097452,4495300,86732485.0
20231120100000000,18.9407884,19.01929944,18.60711648,18.66599976,8611100,164318488.0
20231120103000000,18.65618588,18.76413856,18.62674424,18.73469692,2361600,44990112.0
20231120110000000,18.73469692,18.97023004,18.73469692,18.88190512,3393400,65313104.0
20231120113000000,18.88190512,19.0879966,18.88190512,19.04874108,4090400,79252352.0
20231120133000000,19.04874108,19.07818272,18.891719,18.92116064,1929600,37302560.0
20231120140000000,18.92116064,19.0389272,18.90153288,18.9407884,1868100,36091840.0
20231120143000000,18.9407884,19.00948556,18.90153288,18.93097452,1694200,32715808.0
20231120150000000,18.93097452,18.9407884,18.90153288,18.93097452,1960700,37804544.0
20231121100000000,18.95060228,19.11743824,18.891719,19.00948556,5631300,109181454.0
20231121103000000,19.00948556,19.0389272,18.891719,18.91134676,2560300,49459760.0
20231121110000000,18.91134676,18.91134676,18.70525528,18.72488304,3593200,68874064.0
20231121113000000,18.73469692,18.87209124,18.70525528,18.83283572,1805600,34559696.0
20231121133000000,18.83283572,18.97023004,18.7935802,18.92116064,1685300,32468080.0
20231121140000000,18.91134676,18.93097452,18.7935802,18.80339408,1112100,21367296.0
20231121143000000,18.80339408,18.83283572,18.72488304,18.80339408,1989400,38051680.0
20231121150000000,18.78376632,18.81320796,18.70525528,18.72488304,2467300,47103488.0
20231122100000000,18.646372,18.67581364,18.47953604,18.47953604,4983000,94296520.0
20231122103000000,18.47953604,18.57767484,18.39121112,18.43046664,4707100,88550208.0
20231122110000000,18.43046664,18.4500944,18.2538168,18.27344456,4422500,82650704.0
20231122113000000,18.27344456,18.34214172,18.2047474,18.29307232,3470000,64573536.0
20231122133000000,18.3028862,18.41083888,18.24400292,18.31270008,2685100,50156896.0
20231122140000000,18.33232784,18.38139724,18.27344456,18.27344456,1673400,31239008.0
20231122143000000,18.27344456,18.27344456,18.17530576,18.19493352,2375400,44118368.0
20231122150000000,18.19493352,18.28325844,18.17530576,18.17530576,3264800,60572544.0
20231123100000000,18.155678,18.23418904,18.03791144,18.11642248,4155500,76717092.0
20231123103000000,18.11642248,18.33232784,18.09679472,18.29307232,3394800,63128232.0
20231123110000000,18.29307232,18.5973026,18.28325844,18.46972216,4240100,79629232.0
20231123113000000,18.46972216,18.5482332,18.41083888,18.52860544,2728200,51368480.0
20231123133000000,18.51879156,18.53841932,18.36176948,18.37158336,2381500,44709408.0
20231123140000000,18.36176948,18.62674424,18.36176948,18.58748872,2817900,53216352.0
20231123143000000,18.58748872,18.72488304,18.5482332,18.60711648,4025600,76473440.0
20231123150000000,18.60711648,18.63655812,18.57767484,18.62674424,2078600,39406176.0
20231124100000000,18.55804708,18.55804708,18.27344456,18.32251396,5965800,111585584.0
20231124103000000,18.32251396,18.33232784,18.23418904,18.2538168,2172500,40433584.0
20231124110000000,18.24400292,18.27344456,18.155678,18.19493352,2121100,39340576.0
20231124113000000,18.19493352,18.31270008,18.17530576,18.28325844,2115000,39309344.0
20231124133000000,18.27344456,18.401025,18.23418904,18.27344456,2385500,44514816.0
20231124140000000,18.27344456,18.38139724,18.2047474,18.36176948,2391200,44573952.0
20231124143000000,18.36176948,18.4500944,18.3028862,18.31270008,2877500,53847680.0
20231124150000000,18.31270008,18.41083888,18.3028862,18.31270008,2350500,43965824.0
20231127100000000,18.31270008,18.42065276,18.11642248,18.14586412,4588400,85356230.0
20231127103000000,18.14586412,18.24400292,18.12623636,18.18511964,2492500,46175032.0
20231127110000000,18.18511964,18.27344456,18.13605024,18.26363068,1711900,31735120.0
20231127113000000,18.2538168,18.2538168,18.14586412,18.16549188,1138500,21106048.0
20231127133000000,18.16549188,18.36176948,18.155678,18.32251396,1790000,33340640.0
20231127140000000,18.32251396,18.46972216,18.3028862,18.32251396,3019600,56585984.0
20231127143000000,18.32251396,18.44028052,18.32251396,18.37158336,2833400,53071200.0
20231127150000000,18.37158336,18.41083888,18.32251396,18.3519556,2245300,42005344.0
20231128100000000,18.36176948,18.81320796,18.27344456,18.81320796,7708500,145943728.0
20231128103000000,18.81320796,18.891719,18.60711648,18.65618588,5940500,113566448.0
20231128110000000,18.65618588,18.71506916,18.58748872,18.63655812,2453400,46595968.0
20231128113000000,18.63655812,18.646372,18.5482332,18.57767484,1388400,26310016.0
20231128133000000,18.57767484,18.58748872,18.4500944,18.4500944,1491600,28142848.0
20231128140000000,18.4500944,18.52860544,18.41083888,18.47953604,1617400,30403456.0
20231128143000000,18.47953604,18.5973026,18.44028052,18.56786096,1699600,32109280.0
20231128150000000,18.56786096,18.62674424,18.56786096,18.60711648,2028300,38442624.0
20231129100000000,18.646372,18.85246348,18.4991638,18.67581364,5336800,101702780.0
20231129103000000,18.67581364,18.71506916,18.646372,18.68562752,1870300,35603040.0
20231129110000000,18.68562752,18.76413856,18.60711648,18.60711648,2665500,50734784.0
20231129113000000,18.60711648,18.68562752,18.58748872,18.60711648,1209300,22954784.0
20231129133000000,18.62674424,18.6954414,18.56786096,18.56786096,1465000,27784640.0
20231129140000000,18.56786096,18.67581364,18.56786096,18.67581364,1360100,25814912.0
20231129143000000,18.67581364,18.67581364,18.55804708,18.56786096,1310200,24829440.0
20231129150000000,18.56786096,18.63655812,18.55804708,18.60711648,2193100,41580640.0
20231130100000000,18.60711648,18.60711648,18.26363068,18.4500944,4732400,88637060.0
20231130103000000,18.4500944,18.57767484,18.37158336,18.401025,1799900,33881000.0
20231130110000000,18.401025,18.44028052,18.34214172,18.37158336,1048900,19637288.0
20231130113000000,18.37158336,18.38139724,18.29307232,18.3028862,1182500,22098256.0
20231130133000000,18.3028862,18.33232784,18.16549188,18.16549188,2302000,42777360.0
20231130140000000,18.17530576,18.23418904,18.13605024,18.16549188,2036100,37701936.0
20231130143000000,18.16549188,18.24400292,18.12623636,18.24400292,1454400,26966848.0
20231130150000000,18.24400292,18.3028862,18.24400292,18.28325844,2249200,41882784.0
20231201100000000,18.18511964,18.26363068,17.97902816,18.14586412,4568500,84391168.0
20231201103000000,18.14586412,18.23418904,18.13605024,18.18511964,2089000,38676568.0
20231201110000000,18.18511964,18.2538168,18.155678,18.24400292,1741200,32315936.0
20231201113000000,18.23418904,18.23418904,18.1066086,18.16549188,967900,17920592.0
20231201133000000,18.16549188,18.19493352,18.08698084,18.16549188,1339200,24736736.0
20231201140000000,18.16549188,18.32251396,18.12623636,18.31270008,2541100,47280144.0
20231201143000000,18.31270008,18.38139724,18.19493352,18.22437516,1883200,35135680.0
20231201150000000,18.22437516,18.27344456,18.17530576,18.2047474,1949800,36198784.0
20231204100000000,18.24400292,18.26363068,17.9594004,18.0575392,4779500,87803210.0
20231204103000000,18.0575392,18.0575392,17.93977264,17.94958652,2833300,51909472.0
20231204110000000,17.94958652,17.96921428,17.8612616,17.90051712,3904200,71157168.0
20231204113000000,17.90051712,17.99865592,17.8612616,17.96921428,967900,17660688.0
20231204133000000,17.93977264,17.99865592,17.92014488,17.97902816,815700,14928464.0
20231204140000000,17.96921428,18.07716696,17.92995876,17.94958652,1159800,21282368.0
20231204143000000,17.94958652,17.9594004,17.85144772,17.8612616,1442300,26291232.0
20231204150000000,17.8612616,17.90051712,17.82200608,17.8612616,2600000,47310656.0
20231205100000000,17.7631228,17.7631228,17.54721744,17.6159146,4839000,87013144.0
20231205103000000,17.6159146,17.664984,17.54721744,17.58647296,2492700,44731936.0
20231205110000000,17.58647296,17.59628684,17.5177758,17.53740356,2001900,35812128.0
20231205113000000,17.53740356,17.60610072,17.52758968,17.5668452,1092900,19561152.0
20231205133000000,17.5668452,17.68461176,17.50796192,17.6159146,1769200,31667472.0
20231205140000000,17.6159146,17.63554236,17.52758968,17.53740356,799400,14329456.0
20231205143000000,17.53740356,17.5668452,17.47852028,17.49814804,1734000,30953632.0
20231205150000000,17.49814804,17.49814804,17.40982312,17.40982312,3618800,64343376.0
20231206100000000,17.39019536,17.5668452,17.3214982,17.36075372,3844000,68311353.0
20231206103000000,17.36075372,17.48833416,17.36075372,17.38038148,1927300,34235064.0
20231206110000000,17.38038148,17.68461176,17.35093984,17.64535624,3321300,59342096.0
20231206113000000,17.64535624,17.664984,17.44907864,17.45889252,1626500,29083232.0
20231206133000000,17.45889252,17.52758968,17.419637,17.52758968,1318200,23451136.0
20231206140000000,17.52758968,17.57665908,17.40000924,17.419637,1168400,20813136.0
20231206143000000,17.42945088,17.48833416,17.40982312,17.44907864,955100,16967744.0
20231206150000000,17.48833416,17.48833416,17.40982312,17.42945088,1162100,20640304.0
20231207100000000,17.35093984,17.43926476,17.24298716,17.25280104,2876100,50770996.0
20231207103000000,17.25280104,17.35093984,17.19391776,17.23317328,2463000,43281612.0
20231207110000000,17.23317328,17.33131208,17.18410388,17.21354552,1443000,25341736.0
20231207113000000,17.21354552,17.29205656,17.19391776,17.28224268,993700,17450360.0
20231207133000000,17.29205656,17.5177758,17.28224268,17.419637,2456600,43560000.0
20231207140000000,17.419637,17.44907864,17.36075372,17.419637,1021000,18101040.0
20231207143000000,17.419637,17.44907864,17.3705676,17.40982312,1326700,23539392.0
20231207150000000,17.40982312,17.42945088,17.38038148,17.39019536,1611500,28582320.0
20231208100000000,17.38038148,17.70423952,17.38038148,17.40982312,4482600,80199948.0
20231208103000000,17.40982312,17.47852028,17.39019536,17.47852028,1565200,27811792.0
20231208110000000,17.47852028,17.5177758,17.40982312,17.43926476,1118400,19891920.0
20231208113000000,17.44907864,17.55703132,17.42945088,17.50796192,1654300,29500992.0
20231208133000000,17.52758968,17.64535624,17.49814804,17.52758968,2382000,42609136.0
20231208140000000,17.52758968,17.52758968,17.40000924,17.44907864,1940000,34475728.0
20231208143000000,17.43926476,17.49814804,17.40982312,17.42945088,2445400,43487968.0
20231208150000000,17.419637,17.43926476,17.3705676,17.38038148,2688800,47684128.0
20231211100000000,17.23317328,17.38038148,17.06633732,17.33131208,4197100,73691454.0
20231211103000000,17.33131208,17.39019536,17.24298716,17.25280104,1572000,27733128.0
20231211110000000,17.25280104,17.30187044,17.1252206,17.16447612,1733700,30382616.0
20231211113000000,17.16447612,17.31168432,17.16447612,17.28224268,950600,16695720.0
20231211133000000,17.28224268,17.43926476,17.24298716,17.40982312,1660100,29350416.0
20231211140000000,17.40982312,17.49814804,17.40000924,17.45889252,1294600,23026272.0
20231211143000000,17.45889252,17.7140534,17.419637,17.67479788,3034500,54449200.0
20231211150000000,17.67479788,17.77293668,17.6159146,17.74349504,4664200,84198608.0
20231212100000000,17.7140534,17.75330892,17.55703132,17.67479788,3255100,58558740.0
20231212103000000,17.67479788,17.7140534,17.64535624,17.67479788,1660500,29902180.0
20231212110000000,17.67479788,17.75330892,17.63554236,17.69442564,1312200,23643784.0
20231212113000000,17.68461176,17.7140534,17.64535624,17.664984,844900,15215400.0
20231212133000000,17.664984,17.74349504,17.65517012,17.68461176,918200,16546040.0
20231212140000000,17.68461176,17.72386728,17.64535624,17.7140534,877700,15819024.0
20231212143000000,17.72386728,17.87107548,17.70423952,17.77293668,2316400,42029504.0
20231212150000000,17.77293668,17.79256444,17.70423952,17.7631228,1911300,34550544.0
20231213100000000,17.67479788,17.72386728,17.5668452,17.59628684,3424300,61547174.0
20231213103000000,17.58647296,17.60610072,17.5177758,17.52758968,1980500,35438720.0
20231213110000000,17.53740356,17.53740356,17.44907864,17.45889252,1841200,32796104.0
20231213113000000,17.45889252,17.52758968,17.419637,17.48833416,1278100,22760144.0
20231213133000000,17.48833416,17.48833416,17.40000924,17.40982312,1508500,26806224.0
20231213140000000,17.40982312,17.4687064,17.39019536,17.43926476,933500,16573104.0
20231213143000000,17.44907864,17.5177758,17.42945088,17.49814804,899100,16008400.0
20231213150000000,17.48833416,17.5668452,17.42945088,17.42945088,1512200,26947344.0
20231214100000000,17.52758968,17.8612616,17.52758968,17.57665908,4597500,82914668.0
20231214103000000,17.57665908,17.58647296,17.48833416,17.5177758,1577000,28170616.0
20231214110000000,17.5177758,17.60610072,17.42945088,17.5668452,1385200,24704600.0
20231214113000000,17.5668452,17.68461176,17.53740356,17.60610072,1186300,21317824.0
20231214133000000,17.6159146,17.64535624,17.53740356,17.53740356,1088600,19516528.0
20231214140000000,17.53740356,17.54721744,17.4687064,17.48833416,952100,16977360.0
20231214143000000,17.48833416,17.5668452,17.44907864,17.45889252,1122100,20002576.0
20231214150000000,17.47852028,17.48833416,17.419637,17.419637,1360900,24192064.0
20231215100000000,17.42945088,17.73368116,17.42945088,17.59628684,4784000,85843000.0
20231215103000000,17.59628684,18.11642248,17.49814804,18.02809756,10280800,186978416.0
20231215110000000,18.02809756,18.1066086,17.83181996,17.8612616,3219200,58822368.0
20231215113000000,17.84163384,17.910331,17.8121922,17.910331,1166100,21214624.0
20231215133000000,17.90051712,17.90051712,17.62572848,17.65517012,2717700,49158432.0
20231215140000000,17.65517012,17.664984,17.5668452,17.5668452,1813300,32538336.0
20231215143000000,17.5668452,17.6159146,17.52758968,17.53740356,1741100,31165216.0
20231215150000000,17.53740356,17.6159146,17.5177758,17.58647296,2679800,47968256.0
20231218100000000,17.5668452,17.5668452,17.19391776,17.34112596,4417800,78070198.0
20231218103000000,17.34112596,17.419637,17.17429,17.17429,2788300,49072824.0
20231218110000000,17.17429,17.30187044,17.14484836,17.23317328,1681900,29506312.0
20231218113000000,17.23317328,17.26261492,17.19391776,17.21354552,645100,11321280.0
20231218133000000,17.19391776,17.26261492,17.17429,17.20373164,1214100,21276416.0
20231218140000000,17.20373164,17.21354552,17.1252206,17.13503448,1548900,27083008.0
20231218143000000,17.13503448,17.16447612,17.00745404,17.05652344,2118500,36862576.0
20231218150000000,17.05652344,17.1252206,17.0270818,17.06633732,2641900,45938240.0
20231219100000000,17.01726792,17.18410388,17.00745404,17.06633732,2354700,41053480.0
20231219103000000,17.06633732,17.20373164,17.06633732,17.1252206,1231300,21483020.0
20231219110000000,17.1252206,17.43926476,17.11540672,17.28224268,3894100,68780304.0
20231219113000000,17.28224268,17.30187044,17.2233594,17.23317328,741600,13049648.0
20231219133000000,17.23317328,17.23317328,17.1252206,17.18410388,835900,14627360.0
20231219140000000,17.19391776,17.33131208,17.16447612,17.18410388,1048700,18423744.0
20231219143000000,17.18410388,17.18410388,17.10559284,17.11540672,1033000,18034160.0
20231219150000000,17.11540672,17.2233594,17.09577896,17.2233594,2092800,36577856.0
20231220100000000,17.25280104,17.29205656,17.05652344,17.28224268,3178600,55635373.0
20231220103000000,17.28224268,17.52758968,17.2233594,17.2724288,4172100,73832208.0
20231220110000000,17.2724288,17.2724288,17.17429,17.17429,1291300,22647408.0
20231220113000000,17.17429,17.24298716,17.13503448,17.13503448,849100,14858000.0
20231220133000000,17.13503448,17.24298716,17.1252206,17.23317328,1086300,18997840.0
20231220140000000,17.23317328,17.23317328,17.10559284,17.13503448,1156500,20208208.0
20231220143000000,17.13503448,17.17429,17.08596508,17.1252206,735000,12826768.0
20231220150000000,17.1252206,17.13503448,17.0270818,17.0270818,1715700,29853520.0
20231221100000000,16.91912912,17.04670956,16.77192092,16.82099032,3767100,64844634.0
20231221103000000,16.82099032,16.87005972,16.7326654,16.87005972,1652500,28282204.0
20231221110000000,16.87005972,16.95838464,16.82099032,16.94857076,2137100,36770912.0
20231221113000000,16.94857076,17.16447612,16.94857076,17.01726792,1917200,33318600.0
20231221133000000,17.03689568,17.0761512,16.94857076,17.04670956,1430600,24811040.0
20231221140000000,17.04670956,17.17429,16.96819852,17.16447612,1976300,34398592.0
20231221143000000,17.16447612,17.16447612,16.9780124,17.01726792,927300,16104880.0
20231221150000000,17.01726792,17.05652344,17.00745404,17.04670956,1287800,22352688.0
20231222100000000,17.03689568,17.0761512,16.8308042,16.87005972,2934100,50601070.0
20231222103000000,16.87005972,16.9780124,16.8308042,16.85043196,1491500,25655332.0
20231222110000000,16.85043196,16.93875688,16.80136256,16.91912912,1901000,32651960.0
20231222113000000,16.91912912,17.09577896,16.86024584,17.06633732,1937600,33577344.0
20231222133000000,17.04670956,17.05652344,16.91912912,16.9780124,2125500,36757152.0
20231222140000000,16.9780124,16.98782628,16.90931524,16.90931524,807600,13941776.0
20231222143000000,16.90931524,16.94857076,16.7817348,16.81117644,1831100,31410608.0
20231222150000000,16.81117644,16.86024584,16.76210704,16.8308042,2234800,38282368.0
20231225100000000,16.7817348,17.17429,16.7817348,17.00745404,5090800,88326996.0
20231225103000000,17.00745404,17.04670956,16.928943,16.98782628,2350400,40697568.0
20231225110000000,16.98782628,16.98782628,16.90931524,16.90931524,778900,13445976.0
20231225113000000,16.89950136,16.928943,16.86024584,16.87005972,574600,9896016.0
20231225133000000,16.87005972,16.928943,16.84061808,16.88968748,606100,10426432.0
20231225140000000,16.88968748,16.95838464,16.87005972,16.88968748,523200,9020528.0
20231225143000000,16.88968748,16.91912912,16.86024584,16.87005972,847000,14578848.0
20231225150000000,16.8798736,16.91912912,16.86024584,16.88968748,1695600,29182656.0
20231226100000000,16.9780124,16.9780124,16.55601556,16.65415436,3919900,66521604.0
20231226103000000,16.65415436,16.67378212,16.51676004,16.52657392,2291900,38765336.0
20231226110000000,16.52657392,16.5854572,16.49713228,16.56582944,1229200,20714144.0
20231226113000000,16.57564332,16.60508496,16.55601556,16.59527108,655500,11070720.0
20231226133000000,16.60508496,16.61489884,16.50694616,16.52657392,979600,16525808.0
20231226140000000,16.51676004,16.74247928,16.50694616,16.72285152,1400000,23717488.0
20231226143000000,16.72285152,16.76210704,16.59527108,16.61489884,1242800,21096944.0
20231226150000000,16.61489884,16.66396824,16.56582944,16.61489884,1103400,18681264.0
20231227100000000,16.683596,16.69340988,16.51676004,16.55601556,2075100,35092399.0
20231227103000000,16.55601556,16.61489884,16.40880736,16.46769064,2938300,49366796.0
20231227110000000,16.46769064,16.57564332,16.438249,16.57564332,1956700,32877008.0
20231227113000000,16.57564332,16.64434048,16.44806288,16.59527108,2077000,35034552.0
20231227133000000,16.61489884,16.62471272,16.51676004,16.56582944,1403500,23695632.0
20231227140000000,16.56582944,16.61489884,16.50694616,16.52657392,955000,16117760.0
20231227143000000,16.52657392,16.56582944,16.49713228,16.5363878,1264500,21304928.0
20231227150000000,16.5363878,16.5854572,16.5363878,16.56582944,1497500,25271600.0
20231228100000000,16.56582944,16.70322376,16.52657392,16.65415436,5126700,86928090.0
20231228103000000,16.65415436,17.03689568,16.64434048,16.96819852,6985800,120123344.0
20231228110000000,16.96819852,17.09577896,16.96819852,17.0761512,3598300,62493312.0
20231228113000000,17.0761512,17.15466224,17.05652344,17.11540672,2386500,41586768.0
20231228133000000,17.11540672,17.2233594,17.09577896,17.19391776,2369000,41439520.0
20231228140000000,17.19391776,17.40982312,17.15466224,17.24298716,3270700,57574688.0
20231228143000000,17.24298716,17.31168432,17.20373164,17.26261492,1864800,32815328.0
20231228150000000,17.25280104,17.26261492,17.13503448,17.20373164,2970700,52061824.0
20231229100000000,17.2233594,17.8121922,17.21354552,17.79256444,8480900,152140324.0
20231229103000000,17.79256444,17.92995876,17.69442564,17.89070324,6923000,125773680.0
20231229110000000,17.89070324,17.910331,17.8121922,17.89070324,2379100,43306912.0
20231229113000000,17.89070324,17.92995876,17.75330892,17.7631228,2012400,36588864.0
20231229133000000,17.7631228,17.82200608,17.68461176,17.8121922,2341000,42367360.0
20231229140000000,17.8121922,17.87107548,17.78275056,17.84163384,1536100,27913312.0
20231229143000000,17.84163384,17.87107548,17.79256444,17.80237832,1861700,33835936.0
20231229150000000,17.80237832,17.85144772,17.79256444,17.84163384,3220300,58497824.0
20240102100000000,17.89070324,17.89070324,17.6159146,17.84163384,5379000,97462664.0
20240102103000000,17.84163384,17.8612616,17.65517012,17.664984,2973400,53734424.0
20240102110000000,17.664984,17.69442564,17.59628684,17.63554236,1666500,29963456.0
20240102113000000,17.63554236,17.67479788,17.60610072,17.6159146,1032600,18562976.0
20240102133000000,17.6159146,17.664984,17.59628684,17.60610072,1726600,31005808.0
20240102140000000,17.60610072,17.60610072,17.4687064,17.49814804,3190000,56990480.0
20240102143000000,17.49814804,17.49814804,17.40000924,17.419637,3187100,56657376.0
20240102150000000,17.419637,17.45889252,17.3705676,17.38038148,2913900,51681728.0
20240103100000000,17.38038148,17.38038148,17.00745404,17.00745404,6852200,119880126.0
20240103103000000,17.00745404,17.00745404,16.71303764,16.82099032,8332300,142844832.0
20240103110000000,16.82099032,16.86024584,16.7326654,16.76210704,3222100,55068624.0
20240103113000000,16.76210704,16.76210704,16.56582944,16.57564332,6189600,105120800.0
20240103133000000,16.57564332,16.61489884,16.46769064,16.5363878,4812900,81044448.0
20240103140000000,16.5363878,16.62471272,16.4873184,16.4873184,2929100,49313888.0
20240103143000000,16.4873184,16.59527108,16.46769064,16.5854572,3454400,58183480.0
20240103150000000,16.5854572,16.62471272,16.55601556,16.61489884,3391000,57321810.0
20240104100000000,16.55601556,16.55601556,16.20271588,16.3401102,6411000,106729888.0
20240104103000000,16.3401102,16.40880736,16.26159916,16.31066856,3322200,55249552.0
20240104110000000,16.31066856,16.36955184,16.25178528,16.30085468,1887400,31352576.0
20240104113000000,16.30085468,16.32048244,16.26159916,16.31066856,1284600,21329280.0
20240104133000000,16.31066856,16.31066856,16.22234364,16.23215752,2095900,34721520.0
20240104140000000,16.22234364,16.2419714,16.192902,16.20271588,2672000,44123008.0
20240104143000000,16.20271588,16.3401102,16.18308812,16.25178528,2908900,48138496.0
20240104150000000,16.25178528,16.32048244,16.22234364,16.2910408,2331700,38659872.0
20240105100000000,16.26159916,16.71303764,16.1438326,16.36955184,10815600,181538936.0
20240105103000000,16.35973796,16.39899348,16.25178528,16.37936572,2685400,44661904.0
20240105110000000,16.37936572,16.39899348,16.23215752,16.25178528,1747300,28998624.0
20240105113000000,16.25178528,16.26159916,16.16346036,16.192902,2115700,34917728.0
20240105133000000,16.192902,16.192902,16.11439096,16.13401872,1859800,30603200.0
20240105140000000,16.13401872,16.16346036,16.05550768,16.06532156,2835800,46535616.0
20240105143000000,16.06532156,16.1438326,15.947555,15.97699664,3558500,58107904.0
20240105150000000,15.95736888,16.03587992,15.95736888,16.01625216,3223400,52540864.0
20240108100000000,15.947555,16.0456938,15.6531386,15.71202188,7527300,121046578.0
20240108103000000,15.702208,15.73164964,15.6040692,15.62369696,4411500,70344872.0
20240108110000000,15.63351084,15.71202188,15.59425532,15.61388308,1275200,20323952.0
20240108113000000,15.61388308,15.702208,15.57462756,15.64332472,1407600,22408912.0
20240108133000000,15.6531386,15.702208,15.6040692,15.61388308,1147000,18276400.0
20240108140000000,15.61388308,15.66295248,15.61388308,15.63351084,1027000,16359504.0
20240108143000000,15.63351084,15.69239412,15.5059304,15.51574428,3571600,56668288.0
20240108150000000,15.51574428,15.53537204,15.41760548,15.43723324,3882500,61189792.0
20240109100000000,15.456861,15.61388308,15.36853608,15.44704712,5100800,80624352.0
20240109103000000,15.456861,15.6531386,15.44704712,15.5549998,3390500,53706216.0
20240109110000000,15.5549998,15.57462756,15.43723324,15.456861,1969900,31114072.0
20240109113000000,15.44704712,15.5059304,15.41760548,15.43723324,1321900,20810176.0
20240109133000000,15.44704712,15.5059304,15.31946668,15.34890832,2280200,35788752.0
20240109140000000,15.34890832,15.44704712,15.32928056,15.32928056,1942700,30459888.0
20240109143000000,15.32928056,15.42741936,15.31946668,15.39797772,2132300,33406832.0
20240109150000000,15.39797772,15.41760548,15.33909444,15.3587222,2837100,44421664.0
20240110100000000,15.29983892,15.3096528,14.966167,15.25076952,8361400,128471820.0
20240110103000000,15.25076952,15.54518592,15.25076952,15.46667488,4164000,65393208.0
20240110110000000,15.46667488,15.57462756,15.43723324,15.46667488,1539000,24293792.0
20240110113000000,15.456861,15.47648876,15.38816384,15.42741936,987900,15527808.0
20240110133000000,15.5059304,15.6531386,15.49611652,15.51574428,3199500,50671200.0
20240110140000000,15.51574428,15.57462756,15.47648876,15.56481368,1900500,30039776.0
20240110143000000,15.56481368,15.57462756,15.47648876,15.48630264,1729400,27334016.0
20240110150000000,15.48630264,15.49611652,15.43723324,15.456861,1531900,24138304.0
20240111100000000,15.43723324,15.62369696,15.31946668,15.44704712,4296700,67783678.0
20240111103000000,15.44704712,15.61388308,15.42741936,15.456861,2057000,32492080.0
20240111110000000,15.456861,15.53537204,15.43723324,15.456861,1450700,22870640.0
20240111113000000,15.456861,15.51574428,15.44704712,15.51574428,672800,10617016.0
20240111133000000,15.51574428,15.702208,15.49611652,15.6531386,4085200,65064272.0
20240111140000000,15.6531386,15.73164964,15.61388308,15.702208,2368200,37865264.0
20240111143000000,15.702208,15.702208,15.56481368,15.57462756,2336500,37156816.0
20240111150000000,15.57462756,15.6531386,15.56481368,15.64332472,2074600,32980896.0
20240112100000000,15.53537204,15.6040692,15.456861,15.5059304,3797200,60026208.0
20240112103000000,15.5059304,15.66295248,15.47648876,15.63351084,2113000,33564060.0
20240112110000000,15.63351084,15.64332472,15.54518592,15.56481368,1015600,16123144.0
20240112113000000,15.5549998,15.56481368,15.43723324,15.43723324,1780700,28103992.0
20240112133000000,15.44704712,15.59425532,15.41760548,15.5549998,1919200,30332528.0
20240112140000000,15.52555816,15.5549998,15.44704712,15.5059304,935300,14756496.0
20240112143000000,15.5059304,15.57462756,15.456861,15.5059304,1798000,28406944.0
20240112150000000,15.5059304,15.51574428,15.42741936,15.42741936,1938800,30561568.0
20240115100000000,15.34890832,15.44704712,15.24095564,15.36853608,4428900,69212340.0
20240115103000000,15.38816384,15.54518592,15.37834996,15.46667488,2196700,34635968.0
20240115110000000,15.46667488,15.5549998,15.4077916,15.5059304,1917300,30262824.0
20240115113000000,15.5059304,15.51574428,15.43723324,15.48630264,929900,14664288.0
20240115133000000,15.48630264,15.48630264,15.33909444,15.36853608,1163000,18247664.0
20240115140000000,15.34890832,15.37834996,15.29002504,15.33909444,1586400,24790912.0
20240115143000000,15.33909444,15.36853608,15.29983892,15.31946668,827200,12913184.0
20240115150000000,15.3096528,15.34890832,15.29002504,15.29002504,1727600,26940272.0
20240116100000000,15.29983892,15.37834996,15.23114176,15.31946668,3228100,50336982.0
20240116103000000,15.31946668,15.37834996,15.28021116,15.3096528,1452300,22687384.0
20240116110000000,15.3096528,15.32928056,15.18207236,15.19188624,2431200,37746808.0
20240116113000000,15.19188624,15.211514,15.0643058,15.07411968,2793500,43092864.0
20240116133000000,15.07411968,15.10356132,14.99560864,15.04467804,2810200,43109696.0
20240116140000000,15.04467804,15.04467804,14.92691148,14.95635312,2934500,44790528.0
20240116143000000,14.95635312,15.13300296,14.92691148,14.98579476,2952800,45185104.0
20240116150000000,14.98579476,15.14281684,14.966167,15.14281684,2428900,37273632.0
20240117100000000,15.1133752,15.15263072,14.94653924,14.966167,3345700,51206052.0
20240117103000000,14.97598088,15.00542252,14.93672536,14.97598088,1597200,24347172.0
20240117110000000,14.97598088,15.00542252,14.92691148,14.94653924,1481300,22570408.0
20240117113000000,14.93672536,14.966167,14.89746984,14.94653924,1632300,24816352.0
20240117133000000,14.95635312,14.95635312,14.80914492,14.80914492,2456400,37188144.0
20240117140000000,14.80914492,14.8680282,14.79933104,14.80914492,1785600,26974304.0
20240117143000000,14.80914492,14.8189588,14.74044776,14.7698894,3225000,48551056.0
20240117150000000,14.7698894,14.78951716,14.61286732,14.61286732,4502200,67360544.0
20240118100000000,14.60305344,14.69137836,14.46565912,14.56379792,4367200,64715518.0
20240118103000000,14.56379792,14.64230896,14.39696196,14.43621748,3276100,48375620.0
20240118110000000,14.43621748,14.5245424,14.28900928,14.33807868,2177000,31940896.0
20240118113000000,14.33807868,14.50491464,14.31845092,14.45584524,2118700,31083456.0
20240118133000000,14.46565912,14.6226812,14.40677584,14.40677584,1997500,29497856.0
20240118140000000,14.40677584,14.4264036,14.31845092,14.38714808,1355900,19848480.0
20240118143000000,14.38714808,14.65212284,14.38714808,14.61286732,2684600,39831008.0
20240118150000000,14.61286732,14.8680282,14.58342568,14.85821432,4023700,60558800.0
20240119100000000,14.78951716,15.1133752,14.78951716,15.07411968,7774200,118923940.0
20240119103000000,15.07411968,15.09374744,14.9170976,14.92691148,3838400,58713656.0
20240119110000000,14.92691148,15.0152364,14.85821432,14.92691148,1663600,25309056.0
20240119113000000,14.92691148,15.0152364,14.88765596,14.89746984,753500,11470480.0
20240119133000000,14.89746984,14.9170976,14.77970328,14.80914492,1365000,20622864.0
20240119140000000,14.80914492,14.84840044,14.78951716,14.82877268,1056100,15940960.0
20240119143000000,14.82877268,14.9170976,14.77970328,14.84840044,1497800,22661200.0
20240119150000000,14.84840044,14.9170976,14.83858656,14.83858656,1792000,27157056.0
20240122100000000,14.83858656,14.88765596,14.64230896,14.73063388,3330300,50046150.0
20240122103000000,14.73063388,14.75026164,14.6226812,14.6226812,1501100,22455188.0
20240122110000000,14.6226812,14.70119224,14.5736118,14.65212284,1012200,15092984.0
20240122113000000,14.65212284,14.71100612,14.53435628,14.5736118,1669100,24824808.0
20240122133000000,14.5736118,14.5736118,14.38714808,14.4264036,3047200,44873496.0
20240122140000000,14.4264036,14.5245424,14.34789256,14.39696196,1821100,26753664.0
20240122143000000,14.39696196,14.43621748,14.14180108,14.17124272,4307100,62688240.0
20240122150000000,14.17124272,14.1810566,13.94552348,14.02403452,4569900,65513200.0
20240123100000000,14.0338484,14.17124272,13.8866402,14.1319872,4660500,66689546.0
20240123103000000,14.1319872,14.34789256,14.0829178,14.230126,3578500,51961232.0
20240123110000000,14.230126,14.30863704,14.16142884,14.16142884,1736800,25196320.0
20240123113000000,14.16142884,14.17124272,14.01422064,14.0829178,2064900,29614384.0
20240123133000000,14.10254556,14.25956764,14.10254556,14.20068436,1652700,23918784.0
20240123140000000,14.19087048,14.19087048,14.10254556,14.1810566,924400,13332896.0
20240123143000000,14.19087048,14.25956764,14.1810566,14.24975376,1357100,19665952.0
20240123150000000,14.24975376,14.25956764,14.15161496,14.22031212,1712000,24777888.0
20240124100000000,14.30863704,14.43621748,14.20068436,14.21049824,3887800,56616422.0
20240124103000000,14.21049824,14.21049824,14.04366228,14.0829178,2474400,35596932.0
20240124110000000,14.0829178,14.12217332,13.97496512,14.00440676,1743200,24933184.0
20240124113000000,14.00440676,14.0338484,13.90626796,13.95533736,1546400,21990560.0
20240124133000000,13.95533736,13.95533736,13.75905976,13.86701244,2534400,35736256.0
20240124140000000,13.86701244,14.00440676,13.8375708,13.95533736,2536100,36027216.0
20240124143000000,13.94552348,14.1810566,13.91608184,14.1810566,2307000,33107296.0
20240124150000000,14.1810566,14.30863704,14.16142884,14.28900928,2496600,36272720.0
20240125100000000,14.26938152,14.38714808,14.06329004,14.30863704,4943200,71759176.0
20240125103000000,14.30863704,14.49510076,14.19087048,14.49510076,4173900,61025152.0
20240125110000000,14.49510076,14.53435628,14.40677584,14.43621748,3481500,51371800.0
20240125113000000,14.43621748,14.55398404,14.4264036,14.5245424,1743900,25766448.0
20240125133000000,14.5245424,14.6226812,14.50491464,14.61286732,3077000,45697104.0
20240125140000000,14.61286732,14.61286732,14.49510076,14.55398404,2300700,34089168.0
20240125143000000,14.55398404,14.61286732,14.50491464,14.59323956,2253400,33469696.0
20240125150000000,14.59323956,14.6226812,14.56379792,14.6226812,3025000,44999840.0
20240126100000000,14.56379792,14.68156448,14.53435628,14.54417016,5699600,84787876.0
20240126103000000,14.54417016,14.58342568,14.46565912,14.51472852,3127800,46264224.0
20240126110000000,14.51472852,14.56379792,14.4264036,14.44603136,2172700,32051968.0
20240126113000000,14.44603136,14.46565912,14.38714808,14.41658972,1767600,25966176.0
20240126133000000,14.41658972,14.41658972,14.29882316,14.38714808,2214500,32377680.0
20240126140000000,14.38714808,14.475473,14.31845092,14.34789256,2197800,32194832.0
20240126143000000,14.35770644,14.35770644,14.23993988,14.2791954,2761900,40175152.0
20240126150000000,14.2791954,14.2791954,14.1810566,14.23993988,2258300,32751808.0
20240129100000000,14.3282648,14.3773342,13.90626796,13.90626796,8060100,115781840.0
20240129103000000,13.90626796,13.90626796,13.65110708,13.65110708,6214300,87266432.0
20240129110000000,13.65110708,13.70999036,13.58240992,13.6412932,3887400,54064224.0
20240129113000000,13.6412932,13.71980424,13.5922238,13.63147932,3075500,42748784.0
20240129133000000,13.63147932,13.6412932,13.3468768,13.46464336,8793200,120615968.0
20240129140000000,13.46464336,13.46464336,13.37631844,13.38613232,2905700,39747232.0
20240129143000000,13.38613232,13.45482948,13.35669068,13.41557396,3785500,51708992.0
20240129150000000,13.41557396,13.50389888,13.35669068,13.35669068,3420800,46792576.0
20240130100000000,13.27817964,13.46464336,13.248738,13.3468768,8870800,120742844.0
20240130103000000,13.3468768,13.46464336,13.31743516,13.33706292,3236700,44173928.0
20240130110000000,13.33706292,13.37631844,13.27817964,13.30762128,2203500,29911808.0
20240130113000000,13.30762128,13.33706292,13.248738,13.30762128,1676700,22682384.0
20240130133000000,13.32724904,13.32724904,13.20948248,13.22911024,1800800,24310000.0
20240130140000000,13.21929636,13.36650456,13.21929636,13.248738,2614700,35347184.0
20240130143000000,13.248738,13.248738,13.1015298,13.11134368,2804900,37624448.0
20240130150000000,13.11134368,13.13097144,12.9543216,13.003391,4110000,54613120.0
20240131100000000,12.99357712,13.003391,12.52251088,12.52251088,11367300,147397264.0
20240131103000000,12.52251088,12.55195252,12.27716388,12.28697776,8668400,109766688.0
20240131110000000,12.28697776,12.60102192,12.27716388,12.54213864,4551200,57593920.0
20240131113000000,12.54213864,12.64027744,12.43418596,12.5617664,3397400,43365760.0
20240131133000000,12.57158028,12.62064968,12.42437208,12.42437208,2771900,35364352.0
20240131140000000,12.42437208,12.4636276,12.34586104,12.42437208,4137200,52256480.0
20240131143000000,12.42437208,12.42437208,12.28697776,12.30660552,3250800,40878176.0
20240131150000000,12.30660552,12.42437208,12.23790836,12.26735,6256300,78645088.0
20240201100000000,12.26735,12.40474432,12.10051404,12.11032792,7997700,99898944.0
20240201103000000,12.11032792,12.49306924,12.09070016,12.40474432,7341000,91877416.0
20240201110000000,12.40474432,12.4636276,12.29679164,12.34586104,3997500,50443968.0
20240201113000000,12.33604716,12.48325536,12.33604716,12.43418596,3407300,43104272.0
20240201133000000,12.42437208,12.45381372,12.32623328,12.39493044,2191000,27643520.0
20240201140000000,12.39493044,12.52251088,12.33604716,12.43418596,3920200,49739648.0
20240201143000000,12.43418596,12.50288312,12.38511656,12.50288312,3018500,38324224.0
20240201150000000,12.50288312,12.512697,12.44399984,12.45381372,2323000,29520544.0
20240202100000000,12.45381372,12.6108358,12.25753612,12.25753612,7839300,99119808.0
20240202103000000,12.25753612,12.37530268,12.18883896,12.22809448,4128000,51679352.0
20240202110000000,12.22809448,12.22809448,12.0710724,12.17902508,3269300,40435616.0
20240202113000000,12.17902508,12.19865284,11.9729336,12.00237524,3440800,42233712.0
20240202133000000,12.00237524,12.04163076,11.8747948,11.9729336,4197300,51102176.0
20240202140000000,11.9729336,11.9729336,11.73740048,11.75702824,3497000,42091968.0
20240202143000000,11.75702824,11.75702824,11.4331702,11.7275866,6232000,73761344.0
20240202150000000,11.7275866,12.11032792,11.71777272,11.9238642,5916000,72218656.0
20240205100000000,11.85516704,11.9238642,11.26633424,11.40372856,13744100,162027648.0
20240205103000000,11.40372856,11.51168124,11.07005664,11.24670648,7580000,86812656.0
20240205110000000,11.24670648,11.27614812,10.81489576,10.96210396,5908700,66468560.0
20240205113000000,10.96210396,11.26633424,10.96210396,11.16819544,3750600,42706944.0
20240205133000000,11.1878232,11.60982004,11.01117336,11.59019228,4483100,51607104.0
20240205140000000,11.59019228,11.85516704,11.51168124,11.78646988,4431800,52568768.0
20240205143000000,11.78646988,11.78646988,11.52149512,11.60982004,2397300,28477664.0
20240205150000000,11.60982004,11.61963392,11.35465916,11.35465916,3630400,42401920.0
20240206100000000,11.24670648,11.9238642,11.21726484,11.78646988,11837800,139124908.0
20240206103000000,11.78646988,11.89442256,11.70795884,11.70795884,4819800,57979392.0
20240206110000000,11.70795884,11.94349196,11.70795884,11.84535316,4173600,50494496.0
20240206113000000,11.84535316,11.89442256,11.776656,11.84535316,2688500,32390800.0
20240206133000000,11.84535316,12.3654888,11.84535316,12.3654888,7195300,89228960.0
20240206140000000,12.3654888,12.49306924,12.33604716,12.47344148,7223700,91679808.0
20240206143000000,12.47344148,12.49306924,12.3654888,12.47344148,4406300,55981248.0
20240206150000000,12.47344148,12.49306924,12.45381372,12.49306924,1022000,12999680.0
20240207100000000,12.71878848,13.5431544,12.57158028,13.5431544,18607800,248055296.0
20240207103000000,13.5431544,13.70999036,13.35669068,13.68054872,9816800,135416368.0
20240207110000000,13.68054872,13.70999036,13.50389888,13.5431544,5610300,77770112.0
20240207113000000,13.5431544,13.70999036,13.51371276,13.70999036,4625100,64204160.0
20240207133000000,13.70999036,13.70999036,13.46464336,13.57259604,7318900,101644576.0
20240207140000000,13.57259604,13.6412932,13.52352664,13.56278216,3493500,48385600.0
20240207143000000,13.56278216,13.61185156,13.4450156,13.51371276,3698000,50998273.0
20240207150000000,13.51371276,13.739432,13.51371276,13.72961812,6530600,91042879.0
20240208100000000,13.8866402,14.3282648,13.76887364,14.16142884,16289200,234033776.0
20240208103000000,14.16142884,14.3282648,14.11235944,14.21049824,8673200,125676144.0
20240208110000000,14.21049824,14.230126,13.92589572,13.92589572,6767800,97207232.0
20240208113000000,13.92589572,13.97496512,13.70017648,13.75905976,7948400,111767136.0
20240208133000000,13.8375708,13.94552348,13.739432,13.75905976,4432400,62398400.0
20240208140000000,13.75905976,13.76887364,13.4450156,13.51371276,6598400,91271424.0
20240208143000000,13.51371276,13.5922238,13.42538784,13.42538784,5112200,70338816.0
20240208150000000,13.42538784,13.53334052,13.36650456,13.51371276,6437800,88144576.0
20240219100000000,13.79831528,13.81794304,13.53334052,13.7885014,11624900,161911120.0
20240219103000000,13.7885014,13.7885014,13.60203768,13.739432,5547100,77372704.0
20240219110000000,13.739432,13.76887364,13.53334052,13.53334052,5565700,77458400.0
20240219113000000,13.53334052,13.63147932,13.51371276,13.61185156,3853000,53212992.0
20240219133000000,13.61185156,13.6903626,13.494085,13.52352664,3834600,53017376.0
20240219140000000,13.52352664,13.62166544,13.50389888,13.5922238,3631500,50178272.0
20240219143000000,13.5922238,13.66092096,13.5431544,13.63147932,3248800,45014528.0
20240219150000000,13.63147932,13.75905976,13.63147932,13.74924588,4942000,69017792.0
20240220100000000,13.67073484,13.67073484,13.40576008,13.41557396,6935200,95384484.0
20240220103000000,13.41557396,13.4450156,13.31743516,13.36650456,5585300,76083872.0
20240220110000000,13.36650456,13.42538784,13.27817964,13.28799352,3211600,43613440.0
20240220113000000,13.28799352,13.32724904,13.21929636,13.30762128,4109900,55568448.0
20240220133000000,13.31743516,13.40576008,13.25855188,13.32724904,2670900,36319696.0
20240220140000000,13.32724904,13.4450156,13.26836576,13.3959462,2800000,38116128.0
20240220143000000,13.3959462,13.46464336,13.3959462,13.42538784,2811500,38481504.0
20240220150000000,13.42538784,13.5431544,13.42538784,13.50389888,3994300,54943872.0
20240221100000000,13.37631844,13.56278216,13.27817964,13.45482948,5562500,76141596.0
20240221103000000,13.45482948,13.57259604,13.3959462,13.55296828,4305100,59197960.0
20240221110000000,13.55296828,13.74924588,13.5431544,13.70017648,6626700,92133392.0
20240221113000000,13.70017648,13.82775692,13.6903626,13.79831528,5225200,73254384.0
20240221133000000,13.81794304,13.984779,13.81794304,13.89645408,6035200,85554656.0
20240221140000000,13.89645408,13.96515124,13.8375708,13.8375708,3583900,50804768.0
20240221143000000,13.8375708,13.86701244,13.70999036,13.739432,4612400,64802944.0
20240221150000000,13.739432,13.77868752,13.5922238,13.60203768,4945000,68855710.0
20240222100000000,13.5431544,13.92589572,13.51371276,13.84738468,8215400,115463450.0
20240222103000000,13.84738468,13.90626796,13.70017648,13.86701244,5080500,71413848.0
20240222110000000,13.86701244,13.8866402,13.7885014,13.85719856,2441500,34456816.0
20240222113000000,13.85719856,13.8866402,13.79831528,13.82775692,2183500,30814304.0
20240222133000000,13.8375708,13.90626796,13.81794304,13.89645408,2863100,40472416.0
20240222140000000,13.89645408,13.89645408,13.82775692,13.86701244,2474400,34979520.0
20240222143000000,13.86701244,13.89645408,13.81794304,13.8866402,2803600,39571392.0
20240222150000000,13.8866402,13.95533736,13.87682632,13.94552348,4758500,67497344.0
20240223100000000,14.00440676,14.0338484,13.75905976,13.87682632,7569300,107086080.0
20240223103000000,13.87682632,13.9357096,13.79831528,13.82775692,4540000,64071904.0
20240223110000000,13.82775692,13.91608184,13.7885014,13.90626796,3097700,43688224.0
20240223113000000,13.90626796,13.9357096,13.81794304,13.85719856,2652500,37512048.0
20240223133000000,13.85719856,13.8866402,13.81794304,13.84738468,2570700,36264752.0
20240223140000000,13.84738468,13.9357096,13.84738468,13.92589572,3327300,47096320.0
20240223143000000,13.92589572,13.99459288,13.90626796,13.99459288,4066200,57824320.0
20240223150000000,13.99459288,14.04366228,13.984779,14.0338484,3968800,56701952.0
20240226100000000,14.02403452,14.15161496,13.91608184,13.97496512,5701300,81345576.0
20240226103000000,13.97496512,14.04366228,13.90626796,13.984779,2840900,40437240.0
20240226110000000,13.984779,14.19087048,13.984779,14.17124272,3537700,50813784.0
20240226113000000,14.17124272,14.17124272,14.0829178,14.1319872,1740700,25057168.0
20240226133000000,14.1319872,14.20068436,14.0829178,14.17124272,3341700,48176288.0
20240226140000000,14.17124272,14.30863704,14.17124272,14.20068436,4672500,67828944.0
20240226143000000,14.20068436,14.20068436,13.99459288,14.04366228,5645600,80896000.0
20240226150000000,14.04366228,14.10254556,14.02403452,14.04366228,3502800,50169056.0
20240227100000000,14.05347616,14.15161496,13.9357096,14.06329004,4712200,67477192.0
20240227103000000,14.06329004,14.20068436,14.06329004,14.1319872,2864100,41245768.0
20240227110000000,14.14180108,14.24975376,14.0829178,14.230126,3197400,46163184.0
20240227113000000,14.230126,14.39696196,14.21049824,14.39696196,4688700,68324800.0
20240227133000000,14.43621748,14.55398404,14.41658972,14.46565912,7847500,115756848.0
20240227140000000,14.46565912,14.55398404,14.40677584,14.5245424,4847900,71647360.0
20240227143000000,14.5245424,14.76007552,14.46565912,14.76007552,9887200,147510368.0
20240227150000000,14.76007552,14.85821432,14.72082,14.83858656,6887200,103828032.0
20240228100000000,14.79933104,15.15263072,14.69137836,15.13300296,13080400,199283920.0
20240228103000000,15.13300296,15.1624446,14.82877268,14.90728372,6615500,100789024.0
20240228110000000,14.90728372,14.9170976,14.59323956,14.70119224,7106700,106502944.0
20240228113000000,14.70119224,14.71100612,14.475473,14.6226812,6332400,94094688.0
20240228133000000,14.61286732,14.74044776,14.5245424,14.61286732,3665600,54712644.0
20240228140000000,14.61286732,14.65212284,14.5245424,14.55398404,2713400,40293820.0
20240228143000000,14.55398404,14.56379792,14.34789256,14.43621748,5007100,73664512.0
20240228150000000,14.43621748,14.46565912,14.0829178,14.09273168,8275300,119930368.0
20240229100000000,13.90626796,14.46565912,13.90626796,14.44603136,8572500,124916980.0
20240229103000000,14.44603136,14.61286732,14.4264036,14.50491464,5303000,78472376.0
20240229110000000,14.50491464,14.65212284,14.43621748,14.63249508,3488500,51742544.0
20240229113000000,14.63249508,14.64230896,14.39696196,14.44603136,3280200,48458176.0
20240229133000000,14.44603136,14.63249508,14.41658972,14.5736118,4399100,65174176.0
20240229140000000,14.5736118,14.60305344,14.48528688,14.54417016,3034600,44998496.0
20240229143000000,14.54417016,14.56379792,14.43621748,14.56379792,3171700,46848928.0
20240229150000000,14.56379792,14.71100612,14.54417016,14.69137836,6495700,96897092.0
20240301100000000,14.76007552,15.09374744,14.76007552,15.0643058,12384500,188037040.0
20240301103000000,15.0643058,15.14281684,14.94653924,15.0643058,6872700,105497232.0
20240301110000000,15.0643058,15.07411968,14.87784208,14.966167,3721600,56729024.0
20240301113000000,14.966167,14.966167,14.77970328,14.8189588,3803000,57600448.0
20240301133000000,14.80914492,14.88765596,14.69137836,14.84840044,3718300,55999392.0
20240301140000000,14.84840044,15.00542252,14.84840044,14.89746984,2915100,44362752.0
20240301143000000,14.89746984,15.0152364,14.89746984,14.966167,3635000,55356452.0
20240301150000000,14.966167,14.97598088,14.8680282,14.92691148,5108800,77631930.0
20240304100000000,14.93672536,14.98579476,14.69137836,14.75026164,10687500,161378388.0
20240304103000000,14.75026164,14.76007552,14.5736118,14.74044776,6108000,91200320.0
20240304110000000,14.74044776,14.92691148,14.74044776,14.87784208,4271100,64652720.0
20240304113000000,14.87784208,14.89746984,14.7698894,14.79933104,3964900,59866048.0
20240304133000000,14.79933104,14.89746984,14.6717506,14.68156448,4683500,70589312.0
20240304140000000,14.68156448,14.74044776,14.63249508,14.73063388,3396800,50819584.0
20240304143000000,14.73063388,14.77970328,14.69137836,14.74044776,3204300,48109218.0
20240304150000000,14.74044776,14.80914492,14.74044776,14.79933104,2988700,45045054.0
20240305100000000,14.60305344,14.68156448,14.48528688,14.50491464,10144200,150573872.0
20240305103000000,14.50491464,14.50491464,14.34789256,14.39696196,7861700,115488864.0
20240305110000000,14.39696196,14.59323956,14.38714808,14.5736118,5648000,83427968.0
20240305113000000,14.5736118,14.69137836,14.5736118,14.66193672,3568800,53257888.0
20240305133000000,14.63249508,14.66193672,14.54417016,14.56379792,2463100,36629376.0
20240305140000000,14.56379792,14.6226812,14.475473,14.49510076,3675500,54483872.0
20240305143000000,14.48528688,14.55398404,14.4264036,14.45584524,3170300,46792704.0
20240305150000000,14.45584524,14.54417016,14.3773342,14.475473,4470700,65860920.0
20240306100000000,14.38714808,14.46565912,14.17124272,14.21049824,7779100,113213944.0
20240306103000000,14.21049824,14.22031212,14.07310392,14.10254556,6998000,100833592.0
20240306110000000,14.10254556,14.21049824,14.07310392,14.1810566,4124900,59401376.0
20240306113000000,14.1810566,14.58342568,14.16142884,14.53435628,6407300,93891328.0
20240306133000000,14.50491464,14.6226812,14.36752032,14.38714808,6069100,89556448.0
20240306140000000,14.38714808,14.49510076,14.36752032,14.43621748,3171600,46668352.0
20240306143000000,14.43621748,14.45584524,14.36752032,14.40677584,2644100,38801058.0
20240306150000000,14.40677584,14.43621748,14.33807868,14.38714808,3004200,44031682.0
20240307100000000,14.36752032,14.55398404,14.31845092,14.46565912,6866700,101495772.0
20240307103000000,14.46565912,14.48528688,14.35770644,14.39696196,3411200,50063720.0
20240307110000000,14.39696196,14.45584524,14.3773342,14.38714808,1680300,24675472.0
20240307113000000,14.38714808,14.4264036,14.21049824,14.22031212,4241900,61857184.0
20240307133000000,14.21049824,14.230126,14.14180108,14.20068436,3583600,51810272.0
20240307140000000,14.19087048,14.24975376,14.10254556,14.10254556,3720900,53684512.0
20240307143000000,14.10254556,14.1810566,14.09273168,14.12217332,3083100,44407776.0
20240307150000000,14.12217332,14.12217332,13.984779,13.984779,6100600,87275872.0
20240308100000000,14.00440676,14.4264036,13.984779,14.19087048,9281300,134131780.0
20240308103000000,14.19087048,14.22031212,14.05347616,14.07310392,4665100,67192680.0
20240308110000000,14.07310392,14.09273168,13.984779,14.01422064,3764000,53835376.0
20240308113000000,14.01422064,14.1810566,13.984779,14.17124272,2510600,36016224.0
20240308133000000,14.1810566,14.53435628,14.14180108,14.34789256,8019700,117421152.0
20240308140000000,14.34789256,14.45584524,14.33807868,14.38714808,4131500,60614272.0
20240308143000000,14.38714808,14.55398404,14.35770644,14.53435628,6077300,89591456.0
20240308150000000,14.53435628,14.6226812,14.53435628,14.59323956,6933500,103022848.0
20240311100000000,14.46565912,14.5245424,14.21049824,14.48528688,10628000,155750336.0
20240311103000000,14.48528688,14.54417016,14.39696196,14.44603136,4392600,64733760.0
20240311110000000,14.44603136,14.60305344,14.44603136,14.475473,2767900,40962576.0
20240311113000000,14.475473,14.53435628,14.43621748,14.5245424,2552200,37658640.0
20240311133000000,14.53435628,14.70119224,14.53435628,14.63249508,4949400,73686112.0
20240311140000000,14.6226812,14.68156448,14.53435628,14.61286732,3047900,45398528.0
20240311143000000,14.61286732,14.73063388,14.59323956,14.71100612,3767300,56345824.0
20240311150000000,14.71100612,14.83858656,14.71100612,14.82877268,5516100,83179616.0
20240312100000000,14.93672536,15.02505028,14.77970328,14.95635312,9749800,148105732.0
20240312103000000,14.95635312,14.95635312,14.73063388,14.77970328,6472200,97778496.0
20240312110000000,14.77970328,14.89746984,14.75026164,14.78951716,3091500,46661392.0
20240312113000000,14.78951716,14.88765596,14.75026164,14.84840044,3137500,47449824.0
20240312133000000,14.84840044,14.87784208,14.78951716,14.78951716,2688400,40614848.0
20240312140000000,14.78951716,14.89746984,14.76007552,14.88765596,2686200,40559520.0
20240312143000000,14.88765596,14.92691148,14.77970328,14.80914492,2880700,43570464.0
20240312150000000,14.80914492,14.85821432,14.79933104,14.85821432,3217100,48647552.0
20240313100000000,15.0152364,15.702208,15.0152364,15.37834996,30494300,479464592.0
20240313103000000,15.37834996,15.6531386,15.37834996,15.44704712,9998600,158269986.0
20240313110000000,15.44704712,15.57462756,15.38816384,15.5549998,4888300,77056503.0
20240313113000000,15.5549998,15.69239412,15.49611652,15.69239412,6027400,95725893.0
20240313133000000,15.69239412,15.91811336,15.63351084,15.82978844,13395600,215437890.0
20240313140000000,15.82978844,15.87885784,15.66295248,15.68258024,5307400,85282240.0
20240313143000000,15.68258024,15.72183576,15.52555816,15.5549998,7778100,123748864.0
20240313150000000,15.5549998,15.6040692,15.4077916,15.51574428,10433000,164663418.0
20240314100000000,15.31946668,15.3587222,14.966167,15.00542252,22391400,345751096.0
20240314103000000,15.00542252,15.0643058,14.80914492,14.84840044,12748200,193915136.0
20240314110000000,14.84840044,15.0152364,14.83858656,14.966167,7352500,112039096.0
20240314113000000,14.966167,15.14281684,14.90728372,14.93672536,6400300,98058184.0
20240314133000000,14.94653924,14.98579476,14.8680282,14.9170976,7402200,112561670.0
20240314140000000,14.9170976,15.00542252,14.89746984,14.9170976,4683200,71300156.0
20240314143000000,14.9170976,14.9170976,14.8189588,14.87784208,7016200,106221118.0
20240314150000000,14.87784208,15.00542252,14.87784208,14.90728372,7258000,110469112.0
20240315100000000,14.966167,14.98579476,14.68156448,14.85821432,7815200,117890888.0
20240315103000000,14.85821432,14.966167,14.8189588,14.83858656,4276400,64880512.0
20240315110000000,14.83858656,14.84840044,14.70119224,14.72082,3975500,59827280.0
20240315113000000,14.72082,14.79933104,14.71100612,14.74044776,2324200,34933008.0
20240315133000000,14.76007552,14.78951716,14.66193672,14.7698894,4412200,66179552.0
20240315140000000,14.7698894,15.07411968,14.7698894,14.98579476,7275400,110913920.0
20240315143000000,14.98579476,15.20170012,14.98579476,15.17225848,9158300,141134048.0
20240315150000000,15.17225848,15.25076952,15.1624446,15.18207236,6706000,103933184.0
20240318100000000,15.2605834,15.3587222,15.14281684,15.1624446,9947900,154508808.0
20240318103000000,15.1624446,15.39797772,15.10356132,15.34890832,6829000,106085072.0
20240318110000000,15.34890832,15.48630264,15.3096528,15.43723324,6888000,107963008.0
20240318113000000,15.43723324,15.59425532,15.38816384,15.5549998,6806200,107613344.0
20240318133000000,15.5549998,15.59425532,15.43723324,15.5059304,4867800,76966302.0
20240318140000000,15.5059304,15.87885784,15.5059304,15.81016068,13310000,212893954.0
20240318143000000,15.81016068,15.92792724,15.77090516,15.86904396,8893700,143746048.0
20240318150000000,15.86904396,15.8984856,15.79053292,15.88867172,8848300,143064064.0
20240319100000000,15.8984856,16.45787676,15.86904396,16.45787676,25154700,413497008.0
20240319103000000,16.45787676,16.81117644,16.41862124,16.46769064,26015800,440364928.0
20240319110000000,16.46769064,16.54620168,16.40880736,16.40880736,7620300,127896250.0
20240319113000000,16.40880736,16.42843512,16.28122692,16.34992408,6292800,104816128.0
20240319133000000,16.34992408,16.54620168,16.3401102,16.4873184,5307000,89040384.0
20240319140000000,16.4873184,16.50694616,16.35973796,16.39899348,3089800,51668100.0
20240319143000000,16.39899348,16.42843512,16.2910408,16.33029632,4715300,78512888.0
20240319150000000,16.33029632,16.3401102,16.21252976,16.2419714,7950300,131784708.0
20240320100000000,16.18308812,16.28122692,16.07513544,16.28122692,12702200,209106544.0
20240320103000000,16.28122692,16.2910408,16.10457708,16.10457708,5207800,85869088.0
20240320110000000,16.10457708,16.13401872,16.01625216,16.0456938,5075400,83111328.0
20240320113000000,16.0456938,16.0456938,15.88867172,15.947555,6365800,103454016.0
20240320133000000,15.947555,16.03587992,15.91811336,15.92792724,4831400,78698844.0
20240320140000000,15.92792724,15.98681052,15.91811336,15.93774112,3050300,49558340.0
20240320143000000,15.93774112,16.07513544,15.93774112,15.96718276,3549200,57947457.0
20240320150000000,15.96718276,16.0947632,15.96718276,16.0947632,5050200,82630333.0
20240321100000000,16.08494932,16.23215752,15.93774112,15.95736888,8615100,140822752.0
20240321103000000,15.95736888,15.9966244,15.78071904,15.8003468,7953800,128683808.0
20240321110000000,15.8003468,15.81997456,15.63351084,15.69239412,8889200,142400384.0
20240321113000000,15.69239412,15.76109128,15.6531386,15.68258024,3005400,48065568.0
20240321133000000,15.68258024,15.7512774,15.61388308,15.66295248,3567400,56977984.0
20240321140000000,15.66295248,15.77090516,15.62369696,15.72183576,4654400,74465986.0
20240321143000000,15.73164964,15.73164964,15.66295248,15.702208,2531700,40465662.0
20240321150000000,15.702208,15.73164964,15.63351084,15.63351084,4415800,70575685.0
20240322100000000,15.702208,15.76109128,15.47648876,15.47648876,10077600,160350924.0
20240322103000000,15.47648876,15.52555816,15.38816384,15.4077916,4950300,77967984.0
20240322110000000,15.4077916,15.42741936,15.2605834,15.32928056,6832800,106793024.0
20240322113000000,15.32928056,15.42741936,15.28021116,15.29002504,3255400,50911648.0
20240322133000000,15.29002504,15.49611652,15.23114176,15.49611652,4539600,70868096.0
20240322140000000,15.49611652,15.53537204,15.37834996,15.46667488,3667900,57826368.0
20240322143000000,15.46667488,15.62369696,15.44704712,15.54518592,3781500,59945920.0
20240322150000000,15.54518592,15.57462756,15.37834996,15.4077916,4871100,76697980.0
20240325100000000,15.29983892,15.4077916,15.14281684,15.17225848,8362400,130007494.0
20240325103000000,15.17225848,15.27039728,15.12318908,15.18207236,5678300,87836592.0
20240325110000000,15.18207236,15.211514,15.0643058,15.12318908,6449800,99449568.0
20240325113000000,15.12318908,15.15263072,15.03486416,15.07411968,4854700,74694496.0
20240325133000000,15.08393356,15.20170012,15.0643058,15.07411968,4121600,63493184.0
20240325140000000,15.07411968,15.09374744,14.9170976,14.93672536,6140500,93871968.0
20240325143000000,14.93672536,14.97598088,14.77970328,14.80914492,6984600,105843328.0
20240325150000000,14.80914492,14.83858656,14.6226812,14.64230896,10211700,153001024.0
20240326100000000,14.64230896,14.80914492,14.59323956,14.64230896,8510700,127699956.0
20240326103000000,14.64230896,14.69137836,14.58342568,14.59323956,5194200,77393376.0
20240326110000000,14.59323956,14.6717506,14.55398404,14.56379792,3729600,55495920.0
20240326113000000,14.56379792,14.5736118,14.33807868,14.35770644,7050500,103731888.0
20240326133000000,14.35770644,14.4264036,14.28900928,14.39696196,4411600,64571840.0
20240326140000000,14.39696196,14.58342568,14.31845092,14.5245424,3490100,51378400.0
20240326143000000,14.5245424,14.60305344,14.43621748,14.53435628,2584300,38239808.0
20240326150000000,14.53435628,14.58342568,14.46565912,14.5245424,3936600,58277528.0
20240327100000000,14.43621748,14.50491464,14.11235944,14.19087048,10480400,152213404.0
20240327103000000,14.19087048,14.19087048,14.0338484,14.0829178,6367200,91396624.0
20240327110000000,14.0829178,14.0829178,13.90626796,14.0338484,6733200,95933008.0
20240327113000000,14.0338484,14.05347616,13.94552348,14.01422064,2194300,31308192.0
20240327133000000,14.02403452,14.02403452,13.9357096,13.94552348,2778700,39555840.0
20240327140000000,13.94552348,14.07310392,13.9357096,13.99459288,3053300,43572448.0
20240327143000000,13.99459288,14.0338484,13.92589572,13.94552348,4670800,66521472.0
20240327150000000,13.94552348,13.95533736,13.74924588,13.74924588,8009400,112863136.0
20240328100000000,13.84738468,14.04366228,13.77868752,13.984779,9078700,129138208.0
20240328103000000,13.984779,14.20068436,13.96515124,14.16142884,6481500,93157864.0
20240328110000000,14.16142884,14.31845092,14.16142884,14.2791954,4459100,64680800.0
20240328113000000,14.28900928,14.40677584,14.25956764,14.31845092,4200400,61419904.0
20240328133000000,14.31845092,14.35770644,14.16142884,14.21049824,4007900,58152672.0
20240328140000000,14.21049824,14.25956764,14.15161496,14.22031212,2582500,37418528.0
20240328143000000,14.22031212,14.30863704,14.16142884,14.1810566,2284300,33123136.0
20240328150000000,14.1810566,14.21049824,14.11235944,14.21049824,4470600,64487232.0
20240329100000000,14.22031212,14.2791954,14.0829178,14.25956764,5656000,81789008.0
20240329103000000,14.25956764,14.3282648,14.21049824,14.230126,3988400,57896760.0
20240329110000000,14.230126,14.230126,14.0829178,14.1319872,2533900,36473088.0
20240329113000000,14.14180108,14.20068436,14.0829178,14.10254556,1217800,17522768.0
20240329133000000,14.10254556,14.25956764,14.05347616,14.25956764,2412700,34803632.0
20240329140000000,14.25956764,14.2791954,14.17124272,14.19087048,2357100,34156368.0
20240329143000000,14.19087048,14.30863704,14.19087048,14.2791954,2886300,41958304.0
20240329150000000,14.2791954,14.31845092,14.2791954,14.31845092,3008400,43837120.0
20240401100000000,14.41658972,14.66193672,14.41658972,14.58342568,6584600,97660058.0
20240401103000000,14.58342568,14.76007552,14.54417016,14.74044776,5060900,75583864.0
20240401110000000,14.74044776,14.80914492,14.70119224,14.77970328,3581000,53851056.0
20240401113000000,14.77970328,14.79933104,14.69137836,14.75026164,1345700,20213136.0
20240401133000000,14.75026164,14.7698894,14.70119224,14.74044776,2149300,32255456.0
20240401140000000,14.74044776,14.74044776,14.68156448,14.73063388,1886600,28275200.0
20240401143000000,14.73063388,14.76007552,14.72082,14.75026164,2017500,30298752.0
20240401150000000,14.75026164,14.84840044,14.74044776,14.83858656,4078900,61532096.0
20240402100000000,14.8189588,14.83858656,14.55398404,14.66193672,7583300,113121072.0
20240402103000000,14.66193672,14.76007552,14.60305344,14.69137836,4946600,73932192.0
20240402110000000,14.69137836,14.72082,14.6226812,14.68156448,2274300,33985904.0
20240402113000000,14.68156448,14.7698894,14.64230896,14.74044776,1226900,18373872.0
20240402133000000,14.73063388,14.7698894,14.6717506,14.74044776,2160300,32398672.0
20240402140000000,14.74044776,14.8189588,14.69137836,14.7698894,3649900,54876672.0
20240402143000000,14.7698894,14.78951716,14.70119224,14.74044776,3019000,45353440.0
20240402150000000,14.74044776,14.8680282,14.72082,14.8680282,5500100,82965984.0
20240403100000000,14.7698894,14.82877268,14.6717506,14.76007552,7466100,112034762.0
20240403103000000,14.76007552,14.76007552,14.59323956,14.66193672,7128200,106522384.0
20240403110000000,14.66193672,14.966167,14.65212284,14.8680282,5758800,87069488.0
20240403113000000,14.8680282,14.87784208,14.77970328,14.84840044,2492400,37680928.0
20240403133000000,14.84840044,14.89746984,14.72082,14.72082,2029600,30562304.0
20240403140000000,14.72082,14.76007552,14.6717506,14.70119224,2485100,37250816.0
20240403143000000,14.70119224,14.71100612,14.6226812,14.64230896,3196700,47762208.0
20240403150000000,14.64230896,14.66193672,14.61286732,14.61286732,4031000,60111904.0
20240408100000000,14.61286732,14.61286732,14.28900928,14.31845092,7896200,115753400.0
20240408103000000,14.31845092,14.35770644,14.23993988,14.24975376,6075300,88416744.0
20240408110000000,14.24975376,14.2791954,14.1810566,14.21049824,4675500,67733056.0
20240408113000000,14.21049824,14.28900928,14.1810566,14.23993988,1895000,27479456.0
20240408133000000,14.22031212,14.23993988,14.16142884,14.16142884,2520600,36469728.0
20240408140000000,14.16142884,14.1810566,14.09273168,14.12217332,2941900,42390144.0
20240408143000000,14.12217332,14.16142884,14.05347616,14.10254556,3022200,43403744.0
20240408150000000,14.09273168,14.15161496,13.97496512,14.00440676,4800400,68642304.0
20240409100000000,14.0829178,14.21049824,14.00440676,14.04366228,4538800,65274388.0
20240409103000000,14.04366228,14.14180108,13.95533736,14.09273168,2404300,34405016.0
20240409110000000,14.09273168,14.15161496,14.04366228,14.12217332,1041700,14969624.0
20240409113000000,14.12217332,14.21049824,14.09273168,14.11235944,1853800,26735120.0
20240409133000000,14.12217332,14.1810566,14.09273168,14.14180108,1271300,18304448.0
20240409140000000,14.14180108,14.15161496,14.04366228,14.06329004,1901600,27304800.0
20240409143000000,14.06329004,14.14180108,14.04366228,14.1319872,1439600,20656032.0
20240409150000000,14.1319872,14.21049824,14.12217332,14.21049824,2294200,33134160.0
20240410100000000,14.14180108,14.14180108,13.87682632,13.9357096,6680500,95021080.0
20240410103000000,13.9357096,13.9357096,13.7885014,13.82775692,3181500,44905680.0
20240410110000000,13.82775692,13.87682632,13.74924588,13.76887364,3081200,43334736.0
20240410113000000,13.76887364,13.81794304,13.74924588,13.76887364,1459500,20485056.0
20240410133000000,13.77868752,13.77868752,13.5922238,13.5922238,5620600,78363312.0
20240410140000000,13.5922238,13.70017648,13.52352664,13.60203768,4306900,59680992.0
20240410143000000,13.61185156,13.71980424,13.58240992,13.70999036,2314800,32191712.0
20240410150000000,13.70999036,13.77868752,13.65110708,13.67073484,2799800,39103488.0
20240411100000000,13.55296828,13.76887364,13.494085,13.63147932,5627000,78092016.0
20240411103000000,13.63147932,13.7885014,13.61185156,13.70017648,3323000,46440552.0
20240411110000000,13.70017648,13.72961812,13.48427112,13.48427112,4766000,65817352.0
20240411113000000,13.48427112,13.51371276,13.36650456,13.41557396,7859500,107640688.0
20240411133000000,13.4450156,13.62166544,13.42538784,13.61185156,4056600,55966528.0
20240411140000000,13.61185156,13.6412932,13.48427112,13.50389888,3124100,43173984.0
20240411143000000,13.50389888,13.50389888,13.32724904,13.37631844,5149600,70265856.0
20240411150000000,13.37631844,13.42538784,13.33706292,13.38613232,4592400,62594528.0
20240412100000000,13.46464336,13.70999036,13.45482948,13.61185156,8380200,116171184.0
20240412103000000,13.61185156,13.6412932,13.50389888,13.51371276,3176600,43916640.0
20240412110000000,13.51371276,13.56278216,13.494085,13.52352664,1629100,22452688.0
20240412113000000,13.52352664,13.56278216,13.45482948,13.48427112,2196000,30201888.0
20240412133000000,13.48427112,13.80812916,13.48427112,13.71980424,5755300,80307904.0
20240412140000000,13.71980424,13.74924588,13.61185156,13.63147932,2151500,29978176.0
20240412143000000,13.62166544,13.62166544,13.53334052,13.5431544,2249600,31137792.0
20240412150000000,13.5431544,13.58240992,13.46464336,13.494085,3054800,42042048.0
20240415100000000,13.5431544,13.6412932,13.1996686,13.22911024,10474700,143185760.0
20240415103000000,13.22911024,13.60203768,13.20948248,13.53334052,5937500,80727344.0
20240415110000000,13.53334052,13.63147932,13.494085,13.58240992,2282100,31550256.0
20240415113000000,13.58240992,13.63147932,13.52352664,13.56278216,1151200,15932960.0
20240415133000000,13.56278216,13.62166544,13.494085,13.494085,1935000,26717184.0
20240415140000000,13.494085,13.51371276,13.4450156,13.4450156,1751500,24066144.0
20240415143000000,13.4450156,13.4450156,13.248738,13.2978074,3410100,46357280.0
20240415150000000,13.2978074,13.47445724,13.25855188,13.46464336,2777100,37874304.0
20240416100000000,13.38613232,13.4450156,13.09171592,13.13097144,8873000,119768932.0
20240416103000000,13.13097144,13.23892412,13.1015298,13.11134368,3813700,51152320.0
20240416110000000,13.11134368,13.28799352,13.07208816,13.26836576,2666700,35716976.0
20240416113000000,13.26836576,13.32724904,13.20948248,13.25855188,1721100,23266304.0
20240416133000000,13.25855188,13.2978074,13.18004084,13.26836576,1951100,26349472.0
20240416140000000,13.26836576,13.27817964,13.1505992,13.16041308,1759000,23658656.0
20240416143000000,13.16041308,13.18004084,13.08190204,13.11134368,2359800,31547488.0
20240416150000000,13.11134368,13.13097144,12.97394936,12.97394936,4571900,60695488.0
20240417100000000,13.16041308,13.45482948,13.16041308,13.4450156,7980700,108518940.0
20240417103000000,13.4450156,13.51371276,13.3959462,13.41557396,4348200,59609152.0
20240417110000000,13.41557396,13.494085,13.38613232,13.47445724,2502800,34286896.0
20240417113000000,13.47445724,13.50389888,13.33706292,13.35669068,2261800,30849728.0
20240417133000000,13.35669068,13.35669068,13.20948248,13.2978074,2595000,35102016.0
20240417140000000,13.2978074,13.38613232,13.28799352,13.36650456,1674100,22753440.0
20240417143000000,13.36650456,13.46464336,13.35669068,13.43520172,2083900,28485952.0
20240417150000000,13.43520172,13.52352664,13.43520172,13.52352664,4285700,58903648.0
20240418100000000,13.75905976,13.9357096,13.65110708,13.9357096,14656000,206114760.0
20240418103000000,13.9357096,14.09273168,13.92589572,14.06329004,7086700,101162400.0
20240418110000000,14.06329004,14.31845092,14.05347616,14.24975376,9106000,131616096.0
20240418113000000,14.24975376,14.26938152,14.14180108,14.23993988,2546900,36840064.0
20240418133000000,14.23993988,14.34789256,14.1810566,14.19087048,4360700,63370624.0
20240418140000000,14.19087048,14.22031212,14.09273168,14.09273168,3571100,51435680.0
20240418143000000,14.09273168,14.15161496,14.06329004,14.10254556,3038400,43660221.0
20240418150000000,14.0829178,14.11235944,13.9357096,13.97496512,5309100,75775421.0
20240419100000000,13.9357096,14.05347616,13.7885014,13.90626796,8085800,114359872.0
20240419103000000,13.90626796,13.91608184,13.739432,13.77868752,5311400,74718376.0
20240419110000000,13.77868752,13.87682632,13.739432,13.82775692,3029700,42666272.0
20240419113000000,13.82775692,13.8866402,13.80812916,13.87682632,2319500,32735008.0
20240419133000000,13.86701244,14.02403452,13.86701244,13.97496512,3918800,55787280.0
20240419140000000,13.97496512,14.01422064,13.9357096,13.96515124,2601000,37044288.0
20240419143000000,13.96515124,14.00440676,13.90626796,13.91608184,2328700,33134432.0
20240419150000000,13.91608184,13.94552348,13.87682632,13.9357096,2903200,41182464.0
20240422100000000,13.74924588,14.06329004,13.5922238,14.0338484,7351100,103196344.0
20240422103000000,14.0338484,14.0829178,13.9357096,13.94552348,2962900,42318560.0
20240422110000000,13.94552348,13.97496512,13.8375708,13.8866402,2087600,29583648.0
20240422113000000,13.8866402,13.95533736,13.86701244,13.8866402,1649700,23375584.0
20240422133000000,13.8866402,13.8866402,13.75905976,13.80812916,2219000,31255328.0
20240422140000000,13.80812916,13.85719856,13.7885014,13.84738468,1498000,21101088.0
20240422143000000,13.84738468,13.87682632,13.75905976,13.77868752,2421800,34064496.0
20240422150000000,13.77868752,13.79831528,13.71980424,13.739432,3339900,46790592.0
20240423100000000,13.739432,13.89645408,13.70017648,13.74924588,4481100,62853900.0
20240423103000000,13.74924588,13.77868752,13.63147932,13.65110708,2615600,36488668.0
20240423110000000,13.65110708,13.68054872,13.51371276,13.52352664,3714300,51398672.0
20240423113000000,13.52352664,13.68054872,13.50389888,13.67073484,1860500,25734896.0
20240423133000000,13.67073484,13.71980424,13.5922238,13.6412932,1325100,18417760.0
20240423140000000,13.6412932,13.71980424,13.62166544,13.6412932,1331300,18549856.0
20240423143000000,13.63147932,13.6903626,13.61185156,13.63147932,1181400,16420560.0
20240423150000000,13.63147932,13.6903626,13.62166544,13.6412932,1879400,26148176.0
20240424100000000,13.68054872,13.76887364,13.53334052,13.75905976,4103100,57025580.0
20240424103000000,13.75905976,13.8866402,13.6903626,13.72961812,4266800,59978760.0
20240424110000000,13.72961812,13.75905976,13.65110708,13.66092096,2343500,32716440.0
20240424113000000,13.66092096,13.74924588,13.62166544,13.739432,1219600,16996336.0
20240424133000000,13.74924588,13.80812916,13.70017648,13.7885014,1593900,22349056.0
20240424140000000,13.7885014,13.82775692,13.74924588,13.76887364,1745600,24538992.0
20240424143000000,13.76887364,13.81794304,13.75905976,13.77868752,1937500,27223600.0
20240424150000000,13.77868752,13.8375708,13.77868752,13.8375708,3518500,49553760.0
20240425100000000,13.50389888,13.62166544,12.97394936,13.57259604,17529400,238898432.0
20240425103000000,13.57259604,13.7885014,13.57259604,13.65110708,6825000,95252000.0
20240425110000000,13.65110708,13.8375708,13.61185156,13.74924588,4453100,62297408.0
20240425113000000,13.74924588,13.9357096,13.6903626,13.70999036,5398900,76048480.0
20240425133000000,13.70999036,13.85719856,13.70017648,13.85719856,2833500,39780800.0
20240425140000000,13.85719856,13.89645408,13.8375708,13.87682632,2641900,37328576.0
20240425143000000,13.87682632,13.8866402,13.76887364,13.81794304,2192800,30857920.0
20240425150000000,13.81794304,13.90626796,13.81794304,13.85719856,4117400,58228160.0
20240426100000000,13.85719856,14.230126,13.79831528,14.14180108,11799600,169452476.0
20240426103000000,14.14180108,14.230126,14.12217332,14.1810566,3892400,56258416.0
20240426110000000,14.1810566,14.21049824,14.10254556,14.1810566,2506300,36161824.0
20240426113000000,14.1810566,14.29882316,14.17124272,14.24975376,4130900,59974624.0
20240426133000000,14.24975376,14.475473,14.24975376,14.4264036,7896500,115797376.0
20240426140000000,14.4264036,14.44603136,14.35770644,14.35770644,4248400,62365536.0
20240426143000000,14.35770644,14.43621748,14.33807868,14.43621748,4594300,67403294.0
20240426150000000,14.43621748,14.475473,14.4264036,14.45584524,5897600,86851260.0
20240429100000000,14.53435628,15.0152364,14.53435628,14.92691148,14811600,224169812.0
20240429103000000,14.92691148,14.98579476,14.90728372,14.93672536,4175800,63626752.0
20240429110000000,14.93672536,14.99560864,14.88765596,14.95635312,3576400,54503936.0
20240429113000000,14.966167,15.0152364,14.8680282,14.87784208,3763000,57420192.0
20240429133000000,14.87784208,14.966167,14.8680282,14.9170976,2933700,44593344.0
20240429140000000,14.9170976,14.97598088,14.90728372,14.94653924,2692700,40990176.0
20240429143000000,14.94653924,15.0152364,14.93672536,15.0152364,3952600,60326624.0
20240429150000000,15.0152364,15.0643058,14.99560864,15.0152364,5601000,85767684.0
20240430100000000,15.03486416,15.24095564,14.94653924,15.03486416,8775200,134985412.0
20240430103000000,15.03486416,15.19188624,15.00542252,15.12318908,4283300,65994360.0
20240430110000000,15.12318908,15.17225848,15.05449192,15.08393356,2389600,36788576.0
20240430113000000,15.08393356,15.09374744,14.97598088,15.0152364,2511200,38419104.0
20240430133000000,15.0152364,15.1133752,14.98579476,15.0643058,1488000,22842560.0
20240430140000000,15.0643058,15.17225848,15.0643058,15.14281684,2359700,36375872.0
20240430143000000,15.14281684,15.1624446,15.09374744,15.1133752,1761100,27129888.0
20240430150000000,15.1133752,15.15263072,15.08393356,15.10356132,4618800,71196032.0
20240506100000000,15.36853608,15.82978844,15.36853608,15.82978844,19931700,318179968.0
20240506103000000,15.82978844,15.95736888,15.73164964,15.81016068,10618800,171601696.0
20240506110000000,15.81016068,15.87885784,15.71202188,15.73164964,3792000,61013472.0
20240506113000000,15.73164964,15.77090516,15.702208,15.74146352,2433700,38995579.0
20240506133000000,15.73164964,15.8494162,15.66295248,15.72183576,3942300,63305610.0
20240506140000000,15.73164964,15.87885784,15.67276636,15.86904396,4648400,74757307.0
20240506143000000,15.86904396,15.87885784,15.78071904,15.81997456,3360100,54136192.0
20240506150000000,15.81997456,15.83960232,15.73164964,15.7512774,4117100,66179716.0
20240507100000000,15.8003468,15.8984856,15.72183576,15.88867172,8298900,133756116.0
20240507103000000,15.88867172,16.12420484,15.88867172,16.06532156,11991300,195805120.0
20240507110000000,16.06532156,16.11439096,15.86904396,15.8984856,5935200,96685056.0
20240507113000000,15.88867172,16.01625216,15.88867172,15.93774112,3596900,58492256.0
20240507133000000,15.92792724,15.95736888,15.86904396,15.88867172,2313300,37517472.0
20240507140000000,15.88867172,15.92792724,15.83960232,15.83960232,2605900,42164536.0
20240507143000000,15.83960232,15.8494162,15.6531386,15.66295248,7197000,115439432.0
20240507150000000,15.66295248,15.67276636,15.58444144,15.6531386,6844900,109001728.0
20240508100000000,15.702208,15.71202188,15.52555816,15.53537204,8238200,131137984.0
20240508103000000,15.53537204,15.61388308,15.4077916,15.44704712,5490300,86598896.0
20240508110000000,15.44704712,15.46667488,15.3587222,15.38816384,3426200,53752464.0
20240508113000000,15.38816384,15.39797772,15.29983892,15.32928056,2419600,37826688.0
20240508133000000,15.31946668,15.4077916,15.3096528,15.4077916,1628200,25458848.0
20240508140000000,15.4077916,15.48630264,15.38816384,15.41760548,2319600,36466400.0
20240508143000000,15.41760548,15.456861,15.37834996,15.38816384,2059100,32364896.0
20240508150000000,15.38816384,15.4077916,15.34890832,15.34890832,2514900,39380192.0
20240509100000000,15.3096528,15.8003468,15.3096528,15.78071904,8828700,140739156.0
20240509103000000,15.78071904,15.8003468,15.66295248,15.69239412,3349500,53669712.0
20240509110000000,15.69239412,15.702208,15.62369696,15.69239412,2002100,31932416.0
20240509113000000,15.69239412,15.73164964,15.6531386,15.69239412,1499200,23971520.0
20240509133000000,15.69239412,15.76109128,15.68258024,15.73164964,2087300,33444368.0
20240509140000000,15.73164964,15.74146352,15.69239412,15.702208,1234000,19756064.0
20240509143000000,15.702208,15.702208,15.6040692,15.64332472,1964100,31316896.0
20240509150000000,15.64332472,15.67276636,15.62369696,15.64332472,2185800,34854592.0
20240510100000000,15.6531386,15.702208,15.36853608,15.36853608,5120000,80902885.0
20240510103000000,15.36853608,15.41760548,15.33909444,15.34890832,2993200,46880688.0
20240510110000000,15.34890832,15.43723324,15.3096528,15.4077916,2064600,32315768.0
20240510113000000,15.41760548,15.41760548,15.33909444,15.34890832,1651700,25860112.0
20240510133000000,15.3587222,15.49611652,15.3587222,15.456861,1754700,27607488.0
20240510140000000,15.456861,15.52555816,15.44704712,15.456861,1480800,23369792.0
20240510143000000,15.456861,15.47648876,15.36853608,15.42741936,1682600,26432128.0
20240510150000000,15.42741936,15.48630264,15.4077916,15.43723324,2067100,32544528.0
20240513100000000,15.33909444,15.54518592,15.20170012,15.51574428,6124200,96186180.0
20240513103000000,15.51574428,15.6531386,15.5059304,15.63351084,4992200,79193696.0
20240513110000000,15.63351084,15.77090516,15.59425532,15.67276636,4884100,78041824.0
20240513113000000,15.67276636,15.68258024,15.61388308,15.66295248,2108800,33637040.0
20240513133000000,15.66295248,15.66295248,15.456861,15.52555816,4009800,63556736.0
20240513140000000,15.52555816,15.5549998,15.44704712,15.46667488,2816500,44442560.0
20240513143000000,15.46667488,15.48630264,15.41760548,15.43723324,2018000,31778368.0
20240513150000000,15.43723324,15.49611652,15.41760548,15.47648876,2283400,35974528.0
20240514100000000,15.82978844,16.3891796,15.8003468,15.86904396,25333200,417418000.0
20240514103000000,15.86904396,15.86904396,15.66295248,15.77090516,4743400,76162816.0
20240514110000000,15.77090516,15.81997456,15.67276636,15.68258024,2344100,37591648.0
20240514113000000,15.68258024,15.73164964,15.64332472,15.71202188,2024700,32372864.0
20240514133000000,15.71202188,15.72183576,15.64332472,15.67276636,2732700,43665792.0
20240514140000000,15.67276636,15.71202188,15.6040692,15.62369696,2043900,32595392.0
20240514143000000,15.61388308,15.7512774,15.6040692,15.61388308,4614300,73639104.0
20240514150000000,15.61388308,15.62369696,15.54518592,15.5549998,5415800,85954944.0
20240515100000000,15.5549998,15.69239412,15.46667488,15.64332472,6498400,103162216.0
20240515103000000,15.64332472,15.6531386,15.42741936,15.43723324,3835800,60617968.0
20240515110000000,15.43723324,15.53537204,15.41760548,15.44704712,1487500,23429232.0
20240515113000000,15.44704712,15.456861,15.39797772,15.43723324,2058900,32367696.0
20240515133000000,15.456861,15.46667488,15.37834996,15.38816384,2533500,39798256.0
20240515140000000,15.38816384,15.4077916,15.33909444,15.33909444,2037500,31900416.0
20240515143000000,15.33909444,15.38816384,15.32928056,15.36853608,1870400,29260576.0
20240515150000000,15.36853608,15.38816384,15.24095564,15.27039728,3694900,57580544.0
20240516100000000,15.33909444,15.51574428,15.32928056,15.43723324,4440100,69781242.0
20240516103000000,15.43723324,15.57462756,15.43723324,15.44704712,3102100,48998096.0
20240516110000000,15.44704712,15.57462756,15.38816384,15.53537204,2792600,44104640.0
20240516113000000,15.53537204,15.79053292,15.53537204,15.76109128,5863700,93616560.0
20240516133000000,15.74146352,15.947555,15.702208,15.85923008,8314700,134390800.0
20240516140000000,15.85923008,15.91811336,15.8003468,15.81016068,4690300,75839904.0
20240516143000000,15.81016068,15.87885784,15.73164964,15.7512774,4672400,75264480.0
20240516150000000,15.7512774,15.76109128,15.62369696,15.71202188,4708900,75236921.0
20240517100000000,15.69239412,15.74146352,15.56481368,15.66295248,6648100,106077320.0
20240517103000000,15.66295248,15.88867172,15.64332472,15.85923008,5269700,84800920.0
20240517110000000,15.85923008,15.96718276,15.81016068,15.93774112,5177800,83811360.0
20240517113000000,15.93774112,15.98681052,15.88867172,15.8984856,4368000,71013312.0
20240517133000000,15.8984856,15.9966244,15.85923008,15.87885784,2631100,42684352.0
20240517140000000,15.87885784,15.93774112,15.86904396,15.8984856,1930400,31287040.0
20240517143000000,15.8984856,15.8984856,15.81997456,15.86904396,2358100,38132256.0
20240517150000000,15.86904396,15.93774112,15.86904396,15.92792724,5320300,86287104.0
20240520100000000,15.92792724,15.96718276,15.81016068,15.90829948,7834100,126809160.0
20240520103000000,15.90829948,16.03587992,15.8984856,16.01625216,4241900,69097632.0
20240520110000000,16.01625216,16.0456938,15.92792724,15.95736888,3447300,56076640.0
20240520113000000,15.95736888,16.03587992,15.947555,16.00643828,4529400,73840320.0
20240520133000000,15.9966244,16.08494932,15.8984856,15.91811336,3928100,63965568.0
20240520140000000,15.91811336,16.01625216,15.8984856,16.01625216,1961900,31862720.0
20240520143000000,16.01625216,16.03587992,15.91811336,15.93774112,2580000,42016512.0
20240520150000000,15.93774112,15.9966244,15.92792724,15.98681052,2280800,37119008.0
20240521100000000,15.96718276,16.08494932,15.91811336,15.97699664,4161700,67896570.0
20240521103000000,15.97699664,16.11439096,15.93774112,16.03587992,4138800,67594200.0
20240521110000000,16.03587992,16.0947632,15.97699664,15.98681052,2139900,34984608.0
20240521113000000,15.9966244,16.03587992,15.97699664,16.01625216,977800,15946464.0
20240521133000000,16.00643828,16.0456938,15.947555,15.9966244,1995100,32510352.0
20240521140000000,15.9966244,16.05550768,15.95736888,15.97699664,2310500,37694960.0
20240521143000000,15.98681052,16.02606604,15.96718276,16.00643828,2068400,33720240.0
20240521150000000,16.00643828,16.01625216,15.97699664,16.01625216,2280900,37190272.0
20240522100000000,16.00643828,16.3401102,15.97699664,16.2910408,8011000,131985033.0
20240522103000000,16.2910408,16.45787676,16.11439096,16.11439096,9322800,154800056.0
20240522110000000,16.11439096,16.11439096,16.00643828,16.01625216,3953300,64707648.0
20240522113000000,16.01625216,16.03587992,15.95736888,16.00643828,3323300,54161664.0
20240522133000000,16.01625216,16.08494932,15.97699664,15.9966244,2664600,43518464.0
20240522140000000,15.9966244,16.0947632,15.96718276,16.0947632,3020800,49263552.0
20240522143000000,16.0947632,16.13401872,16.07513544,16.0947632,3054600,50135256.0
20240522150000000,16.0947632,16.11439096,16.03587992,16.11439096,3212500,52652486.0
20240523100000000,16.07513544,16.07513544,15.79053292,15.8003468,7183000,116517460.0
20240523103000000,15.8003468,15.81016068,15.71202188,15.77090516,5860600,94081072.0
20240523110000000,15.77090516,15.8494162,15.77090516,15.81997456,2728100,43963216.0
20240523113000000,15.81997456,15.98681052,15.81997456,15.8494162,2458400,39845104.0
20240523133000000,15.83960232,15.8984856,15.81997456,15.8494162,1669700,26972160.0
20240523140000000,15.8494162,15.85923008,15.73164964,15.74146352,2263800,36405824.0
20240523143000000,15.74146352,15.82978844,15.74146352,15.8003468,1756500,28268160.0
20240523150000000,15.8003468,15.81016068,15.702208,15.72183576,3506300,56186752.0
20240524100000000,15.71202188,15.91811336,15.66295248,15.76109128,4480800,72138886.0
20240524103000000,15.76109128,15.76109128,15.68258024,15.73164964,3894600,62381440.0
20240524110000000,15.73164964,15.73164964,15.53537204,15.59425532,2806700,44605248.0
20240524113000000,15.59425532,15.69239412,15.59425532,15.67276636,1288200,20531056.0
20240524133000000,15.68258024,15.73164964,15.58444144,15.58444144,1407600,22429536.0
20240524140000000,15.58444144,15.6040692,15.52555816,15.53537204,2512400,39838608.0
20240524143000000,15.53537204,15.57462756,15.47648876,15.51574428,2704500,42785888.0
20240524150000000,15.51574428,15.51574428,15.4077916,15.43723324,3291200,51790240.0
20240527100000000,15.51574428,15.6531386,15.22132788,15.2605834,6418500,100513272.0
20240527103000000,15.2605834,15.3096528,15.18207236,15.28021116,3655500,56758664.0
20240527110000000,15.28021116,15.32928056,15.211514,15.22132788,1764100,27462560.0
20240527113000000,15.22132788,15.2605834,15.19188624,15.23114176,1534700,23814560.0
20240527133000000,15.23114176,15.4077916,15.20170012,15.36853608,3238500,50617584.0
20240527140000000,15.36853608,15.41760548,15.3096528,15.31946668,1775600,27777424.0
20240527143000000,15.31946668,15.48630264,15.31946668,15.46667488,2065700,32435072.0
20240527150000000,15.46667488,15.58444144,15.46667488,15.57462756,2868700,45429568.0
20240528100000000,15.5059304,15.5549998,15.27039728,15.53537204,4144300,65002946.0
20240528103000000,15.53537204,15.59425532,15.42741936,15.5059304,3540300,55860068.0
20240528110000000,15.5059304,15.52555816,15.39797772,15.43723324,1675100,26378776.0
20240528113000000,15.43723324,15.47648876,15.39797772,15.44704712,1494200,23484640.0
20240528133000000,15.43723324,15.43723324,15.29983892,15.31946668,1849500,28916448.0
20240528140000000,15.31946668,15.32928056,15.25076952,15.29002504,2097100,32667824.0
20240528143000000,15.29002504,15.29002504,15.19188624,15.211514,2642700,41013648.0
20240528150000000,15.211514,15.24095564,15.1133752,15.19188624,4832900,74689760.0
20240529100000000,15.09374744,15.34890832,15.09374744,15.33909444,5066200,78641866.0
20240529103000000,15.33909444,15.37834996,15.27039728,15.29002504,2495700,38983216.0
20240529110000000,15.29002504,15.29983892,15.17225848,15.20170012,2209200,34251904.0
20240529113000000,15.20170012,15.29002504,15.18207236,15.28021116,2054100,31874960.0
20240529133000000,15.28021116,15.28021116,15.13300296,15.14281684,2018800,31222688.0
20240529140000000,15.14281684,15.18207236,15.07411968,15.07411968,2207100,34011168.0
20240529143000000,15.07411968,15.1624446,15.0643058,15.14281684,2448400,37686080.0
20240529150000000,15.1624446,15.19188624,15.10356132,15.1624446,2603300,40156832.0
20240530100000000,15.12253964,15.29211957,15.02278674,15.27216899,5190700,79029774.0
20240530103000000,15.27216899,15.6612053,15.27216899,15.64125472,8427400,131004384.0
20240530110000000,15.64125472,15.78090878,15.51157595,15.52155124,4851000,76052080.0
20240530113000000,15.52155124,15.54150182,15.4616995,15.48165008,1841200,28617728.0
20240530133000000,15.48165008,15.58140298,15.44174892,15.53152653,3165100,49228096.0
20240530140000000,15.53152653,15.72105704,15.52155124,15.57142769,3081200,48233248.0
20240530143000000,15.57142769,15.64125472,15.55147711,15.62130414,2426000,37919040.0
20240530150000000,15.62130414,15.64125472,15.5614524,15.57142769,2987900,46687712.0
20240531100000000,15.58140298,16.00036516,15.53152653,15.99038987,9134800,144651268.0
20240531103000000,15.99038987,16.08016748,15.84076052,15.84076052,7343200,117657328.0
20240531110000000,15.84076052,15.960464,15.82080994,15.88066168,2942100,46808384.0
20240531113000000,15.88066168,15.91058755,15.79088407,15.82080994,1771800,28132032.0
20240531133000000,15.82080994,15.85073581,15.71108175,15.71108175,2531300,40027968.0
20240531140000000,15.71108175,15.83078523,15.71108175,15.74100762,2672700,42243520.0
20240531143000000,15.74100762,15.7609582,15.6612053,15.69113117,1993000,31363840.0
20240531150000000,15.69113117,15.71108175,15.64125472,15.6612053,2309300,36281664.0
20240603100000000,15.6612053,15.77093349,15.39187247,15.47167479,7743700,120311282.0
20240603103000000,15.47167479,15.77093349,15.4616995,15.70110646,3602200,56550216.0
20240603110000000,15.70110646,15.88066168,15.69113117,15.85073581,4309800,68236320.0
20240603113000000,15.85073581,15.95048871,15.77093349,15.78090878,4102100,65223888.0
20240603133000000,15.77093349,15.81083465,15.70110646,15.77093349,2863400,45224608.0
20240603140000000,15.77093349,15.79088407,15.68115588,15.72105704,3402100,53612704.0
20240603143000000,15.72105704,15.73103233,15.58140298,15.67118059,2416700,37880960.0
20240603150000000,15.67118059,15.77093349,15.63127943,15.7609582,3045700,47963360.0
20240604100000000,15.71108175,15.71108175,15.43177363,15.55147711,5594400,87171062.0
20240604103000000,15.55147711,15.5614524,15.34199602,15.39187247,4478100,69212216.0
20240604110000000,15.39187247,15.49162537,15.37192189,15.49162537,1418300,21925280.0
20240604113000000,15.49162537,15.64125472,15.4616995,15.62130414,1998400,31196832.0
20240604133000000,15.61132885,15.62130414,15.48165008,15.49162537,1446300,22553408.0
20240604140000000,15.49162537,15.51157595,15.44174892,15.51157595,1265800,19628144.0
20240604143000000,15.51157595,15.6612053,15.49162537,15.64125472,2863100,44821088.0
20240604150000000,15.64125472,15.7609582,15.63127943,15.71108175,3322800,52387808.0
20240605100000000,15.72105704,15.83078523,15.67118059,15.72105704,5169100,81612490.0
20240605103000000,15.72105704,15.77093349,15.60135356,15.62130414,2471600,38846096.0
20240605110000000,15.62130414,15.73103233,15.60135356,15.62130414,1693600,26593136.0
20240605113000000,15.62130414,15.6612053,15.57142769,15.59137827,2025300,31668944.0
20240605133000000,15.59137827,15.65123001,15.57142769,15.62130414,1931800,30232864.0
20240605140000000,15.62130414,15.65123001,15.57142769,15.57142769,1468700,22971296.0
20240605143000000,15.57142769,15.60135356,15.49162537,15.49162537,2191800,34169264.0
20240605150000000,15.49162537,15.51157595,15.41182305,15.43177363,3225000,49939760.0
20240606100000000,15.5614524,15.8607111,15.54150182,15.71108175,9186500,144926952.0
20240606103000000,15.71108175,15.72105704,15.4616995,15.47167479,5195100,81202944.0
20240606110000000,15.47167479,15.7609582,15.45172421,15.62130414,2894300,45333200.0
20240606113000000,15.61132885,15.70110646,15.55147711,15.58140298,2008900,31452096.0
20240606133000000,15.59137827,15.75098291,15.53152653,15.60135356,4063600,63756576.0
20240606140000000,15.60135356,15.60135356,15.47167479,15.55147711,3031000,47187776.0
20240606143000000,15.55147711,15.5614524,15.41182305,15.44174892,2400100,37268576.0
20240606150000000,15.44174892,15.49162537,15.37192189,15.44174892,2718100,42055936.0
20240607100000000,15.4616995,15.51157595,15.22229254,15.24224312,5607400,86174574.0
20240607103000000,15.24224312,15.24224312,15.10258906,15.10258906,5962700,90547448.0
20240607110000000,15.10258906,15.10258906,15.00283616,15.02278674,3471800,52351136.0
20240607113000000,15.02278674,15.03276203,14.89310797,15.02278674,3589700,53807680.0
20240607133000000,15.03276203,15.05271261,14.94298442,14.99286087,2345500,35229120.0
20240607140000000,14.98288558,15.02278674,14.92303384,15.02278674,1855000,27821280.0
20240607143000000,15.02278674,15.20234196,14.98288558,15.08263848,3353800,50822080.0
20240607150000000,15.08263848,15.12253964,15.04273732,15.07266319,2660100,40204224.0
20240611100000000,14.97291029,15.14249022,14.71355275,15.11256435,5641300,84926466.0
20240611103000000,15.11256435,15.24224312,15.10258906,15.19236667,3327500,50654472.0
20240611110000000,15.19236667,15.38189718,15.15246551,15.37192189,2978100,45525440.0
20240611113000000,15.37192189,15.48165008,15.31207015,15.35197131,3759000,58077680.0
20240611133000000,15.35197131,15.35197131,15.23226783,15.27216899,1936400,29658944.0
20240611140000000,15.27216899,15.34199602,15.23226783,15.32204544,1936900,29706800.0
20240611143000000,15.32204544,15.45172421,15.29211957,15.43177363,2708500,41780640.0
20240611150000000,15.43177363,15.44174892,15.40184776,15.42179834,2301600,35589984.0
20240612100000000,16.04026632,16.63878372,15.960464,16.63878372,36661400,597538224.0
20240612103000000,16.63878372,16.84826481,16.44925321,16.48915437,15949700,265790727.0
20240612110000000,16.48915437,16.48915437,16.38940147,16.40935205,4798200,78992447.0
20240612113000000,16.40935205,16.40935205,16.24974741,16.29962386,4195000,68699442.0
20240612133000000,16.29962386,16.34950031,16.12006864,16.1599698,6388300,103877768.0
20240612140000000,16.1599698,16.16994509,16.02031574,16.04026632,4444100,71692800.0
20240612143000000,16.04026632,16.19987096,16.03029103,16.17992038,4966500,80264960.0
20240612150000000,16.17992038,16.20984625,16.11009335,16.1599698,7376400,119467136.0
20240613100000000,16.20984625,16.33952502,16.10011806,16.23977212,10283900,166889016.0
20240613103000000,16.23977212,16.44925321,16.23977212,16.31957444,9387100,153855152.0
20240613110000000,16.31957444,16.32954973,16.19987096,16.26969799,3385900,55192096.0
20240613113000000,16.26969799,16.26969799,16.14999451,16.16994509,2499900,40563488.0
20240613133000000,16.17992038,16.20984625,16.0602169,16.16994509,4311500,69676384.0
20240613140000000,16.16994509,16.32954973,16.16994509,16.30959915,4119700,67161469.0
20240613143000000,16.30959915,16.30959915,16.16994509,16.20984625,3078300,50062471.0
20240613150000000,16.20984625,16.23977212,16.17992038,16.21982154,3883100,63113016.0
20240614100000000,16.23977212,16.32954973,16.07019219,16.21982154,6957700,112865996.0
20240614103000000,16.21982154,16.4592285,16.1599698,16.3594756,10315500,169305456.0
20240614110000000,16.3594756,16.47917908,16.3594756,16.43927792,5882700,96968288.0
20240614113000000,16.43927792,16.88816597,16.43927792,16.73853662,16369000,273988672.0
20240614133000000,16.72856133,16.7584872,16.62880843,16.74851191,4942100,82708480.0
20240614140000000,16.74851191,16.93804242,16.72856133,16.83828952,7643100,129102464.0
20240614143000000,16.83828952,16.8582401,16.76846249,16.83828952,3925900,66246272.0
20240614150000000,16.83828952,16.93804242,16.82831423,16.89814126,10361700,175654016.0
20240617100000000,17.10762235,17.29715286,16.87819068,16.93804242,27509800,471953584.0
20240617103000000,16.93804242,17.83581852,16.88816597,17.73606562,27784200,486911936.0
20240617110000000,17.73606562,18.5540394,17.69616446,18.46426179,38814000,709102336.0
20240617113000000,18.46426179,18.58396527,18.21487954,18.58396527,29649800,549791232.0
20240617133000000,18.58396527,18.58396527,18.17497838,18.41438534,23471800,435135488.0
20240617140000000,18.41438534,18.58396527,18.37448418,18.58396527,12303200,228522496.0
20240617143000000,18.58396527,18.58396527,18.57398998,18.58396527,13049600,243102464.0
20240617150000000,18.58396527,18.58396527,18.57398998,18.58396527,4407000,82087936.0
20240618100000000,18.56401469,19.40193905,18.4542865,19.07275448,84700500,1602338336.0
20240618103000000,19.07275448,19.08272977,18.62386643,18.70366875,25094300,473806848.0
20240618110000000,18.70366875,18.96302629,18.66376759,18.93310042,9454800,178595714.0
20240618113000000,18.93310042,19.51166724,18.8532981,19.41191434,15206500,292705022.0
20240618133000000,19.43186492,19.43186492,19.07275448,19.17250738,12970900,250053632.0
20240618140000000,19.17250738,19.24233441,19.08272977,19.20243325,7029100,134906624.0
20240618143000000,19.20243325,19.53161782,19.18248267,19.31216144,14975200,290543360.0
20240618150000000,19.31216144,19.40193905,19.22238383,19.30218615,13387800,258962176.0
20240619100000000,19.29221086,19.57151898,18.97300158,18.99295216,45413200,876171360.0
20240619103000000,18.99295216,19.07275448,18.76352049,18.76352049,22011300,417463168.0
20240619110000000,18.76352049,18.88322397,18.68371817,18.87324868,15046400,282956160.0
20240619113000000,18.87324868,18.96302629,18.82337223,18.94307571,8523200,161373312.0
20240619133000000,18.92312513,18.98297687,18.87324868,18.91314984,6330600,120185344.0
20240619140000000,18.91314984,19.1525568,18.91314984,19.12263093,7112200,135540230.0
20240619143000000,19.12263093,19.17250738,18.953051,18.98297687,6349300,121202291.0
20240619150000000,18.98297687,19.1525568,18.98297687,19.07275448,9478500,181306754.0
20240620100000000,19.00292745,19.49171666,18.76352049,18.92312513,27767600,531427360.0
20240620103000000,18.92312513,18.953051,18.71364404,18.91314984,10148900,191542247.0
20240620110000000,18.90317455,19.0528039,18.78347107,18.78347107,5341400,101292599.0
20240620113000000,18.78347107,18.87324868,18.76352049,18.79344636,4973000,93771842.0
20240620133000000,18.78347107,18.78347107,18.62386643,18.66376759,7318900,137229632.0
20240620140000000,18.66376759,18.70366875,18.58396527,18.69369346,5977600,111706752.0
20240620143000000,18.69369346,18.74356991,18.57398998,18.61389114,6534400,122182144.0
20240620150000000,18.61389114,18.63384172,18.53408882,18.59394056,8499500,158332160.0
20240621100000000,18.10515135,18.79344636,18.07522548,18.69369346,22482900,414774688.0
20240621103000000,18.69369346,18.76352049,18.47423708,18.73359462,6551500,122365920.0
20240621110000000,18.73359462,19.16253209,18.63384172,18.96302629,19551200,372518208.0
20240621113000000,18.96302629,19.03285332,18.8532981,18.953051,5456300,103586624.0
20240621133000000,18.953051,19.11265564,18.79344636,18.99295216,6658100,126726976.0
20240621140000000,18.99295216,19.11265564,18.97300158,19.03285332,5136800,98064896.0
20240621143000000,19.03285332,19.03285332,18.92312513,18.96302629,4451400,84616448.0
20240621150000000,18.96302629,19.04282861,18.90317455,18.91314984,8435600,160226816.0
20240624100000000,19.00292745,19.82090123,18.8532981,19.69122246,48513900,945341958.0
20240624103000000,19.69122246,19.80095065,19.30218615,19.38198847,19661000,386161272.0
20240624110000000,19.38198847,19.49171666,19.1525568,19.23235912,8845700,171221249.0
20240624113000000,19.23235912,19.26228499,19.10268035,19.14258151,7958700,152843520.0
20240624133000000,19.14258151,19.36203789,19.06277919,19.09270506,10088700,193836544.0
20240624140000000,19.09270506,19.13260622,18.90317455,18.94307571,7874100,150201088.0
20240624143000000,18.94307571,19.0528039,18.92312513,18.94307571,6977900,132830336.0
20240624150000000,18.94307571,18.953051,18.79344636,18.92312513,11906500,225327872.0
20240625100000000,18.74356991,19.26228499,18.70366875,18.87324868,30393100,576994089.0
20240625103000000,18.87324868,18.88322397,18.6537923,18.6537923,9776200,183805313.0
20240625110000000,18.6537923,18.7535452,18.48421237,18.50416295,9879000,184205062.0
20240625113000000,18.50416295,18.58396527,18.40441005,18.4542865,6559200,121411904.0
20240625133000000,18.43433592,18.74356991,18.37448418,18.64381701,5987800,111546947.0
20240625140000000,18.64381701,18.64381701,18.4542865,18.48421237,4527600,84138365.0
20240625143000000,18.48421237,18.56401469,18.3545336,18.48421237,7072200,130726912.0
20240625150000000,18.48421237,18.70366875,18.46426179,18.62386643,10612600,197851898.0
20240626100000000,18.7535452,19.00292745,18.47423708,18.96302629,23433300,440271752.0
20240626103000000,18.96302629,19.03285332,18.6537923,18.77349578,10729900,202501723.0
20240626110000000,18.77349578,18.88322397,18.63384172,18.6537923,5647200,106090053.0
20240626113000000,18.6537923,18.69369346,18.51413824,18.58396527,3504500,65275652.0
20240626133000000,18.60391585,18.93310042,18.51413824,18.70366875,8184500,154041524.0
20240626140000000,18.70366875,18.8532981,18.70366875,18.83334752,3717800,70028424.0
20240626143000000,18.83334752,19.49171666,18.82337223,19.28223557,24702500,476613248.0
20240626150000000,19.28223557,19.36203789,19.1525568,19.1525568,15504300,299058944.0
20240627100000000,19.11265564,20.29971515,19.01290274,20.2498387,64768800,1277290976.0
20240627103000000,20.2498387,20.62889972,20.02040703,20.62889972,32165300,653480448.0
20240627110000000,20.62889972,20.948109,20.39946805,20.41941863,25038500,519659136.0
20240627113000000,20.41941863,20.46929508,19.89072826,20.00045645,16206900,326478592.0
20240627133000000,20.00045645,20.11018464,19.82090123,19.89072826,10242300,205117696.0
20240627140000000,19.89072826,20.0503329,19.86080239,19.91067884,7312200,146156800.0
20240627143000000,19.91067884,20.22988812,19.90070355,20.10020935,7564600,151820280.0
20240627150000000,20.10020935,20.1500858,19.86080239,19.97053058,11357100,227571208.0
20240628100000000,19.83087652,20.69872675,19.71117304,20.39946805,38816900,791178368.0
20240628103000000,20.39946805,21.00796074,20.21991283,20.92815842,28471200,591449728.0
20240628110000000,20.92815842,21.21744183,20.69872675,21.19749125,14282900,300280960.0
20240628113000000,21.19749125,21.19749125,20.62889972,20.69872675,8046800,168013056.0
20240628133000000,20.79847965,20.97803487,20.55907269,20.57902327,11257300,234214010.0
20240628140000000,20.57902327,20.86830668,20.55907269,20.61892443,8668500,179901452.0
20240628143000000,20.61892443,20.69872675,20.50919624,20.57902327,10068400,207815681.0
20240628150000000,20.57902327,20.72865262,20.56904798,20.6488503,13556100,280672497.0
20240701100000000,20.56904798,20.60894914,19.97053058,20.49922095,31428500,639320847.0
20240701103000000,20.49922095,20.49922095,20.08025877,20.17003638,9028000,183599033.0
20240701110000000,20.17003638,20.17003638,20.00045645,20.11018464,6129200,123329221.0
20240701113000000,20.11018464,20.22988812,19.92065413,20.20993754,9345300,187427131.0
20240701133000000,20.19996225,20.49922095,20.08025877,20.38949276,5994900,122158856.0
20240701140000000,20.38949276,20.55907269,20.27976457,20.50919624,5092500,104342016.0
20240701143000000,20.50919624,20.53912211,20.35956689,20.39946805,4252800,87197056.0
20240701150000000,20.39946805,20.50919624,20.33961631,20.42939392,7822000,160144256.0
20240702100000000,20.60894914,21.13763951,20.46929508,20.71867733,32088200,670059774.0
20240702103000000,20.71867733,21.01793603,20.4493445,20.97803487,14705700,306488378.0
20240702110000000,20.97803487,21.01793603,20.69872675,20.73862791,7650000,159812935.0
20240702113000000,20.73862791,20.7486032,20.59897385,20.61892443,4850600,100465791.0
20240702133000000,20.58899856,20.61892443,20.4493445,20.45931979,5802400,119383936.0
20240702140000000,20.45931979,20.61892443,20.43936921,20.46929508,4426100,91039104.0
20240702143000000,20.46929508,20.57902327,20.35956689,20.42939392,5477400,112262784.0
20240702150000000,20.42939392,20.48924566,20.33961631,20.43936921,8125200,166337664.0
20240703100000000,21.17754067,21.68628046,20.76855378,21.00796074,51219700,1093442688.0
20240703103000000,21.00796074,21.06781248,20.79847965,20.93813371,7187400,150861184.0
20240703110000000,20.93813371,20.99798545,20.80845494,20.95808429,4540000,95152256.0
20240703113000000,20.95808429,21.26731828,20.95808429,21.13763951,7666300,162296322.0
20240703133000000,21.1476148,21.1476148,20.72865262,20.75857849,8597500,179702142.0
20240703140000000,20.75857849,20.85833139,20.69872675,20.73862791,4717100,98104320.0
20240703143000000,20.73862791,20.73862791,20.62889972,20.67877617,4082200,84610176.0
20240703150000000,20.67877617,20.73862791,20.62889972,20.70870204,6978300,144652288.0
20240704100000000,20.68875146,22.2448967,20.65882559,21.96558858,50577800,1092764160.0
20240704103000000,21.96558858,21.99551445,21.67630517,21.73615691,14241500,311502208.0
20240704110000000,21.73615691,22.02544032,21.66632988,21.99551445,7482400,163723264.0
20240704113000000,21.99551445,22.03541561,21.71620633,21.75610749,4195200,92121212.0
20240704133000000,21.7461322,22.01546503,21.71620633,21.97556387,6075300,133302148.0
20240704140000000,21.97556387,21.97556387,21.65635459,21.67630517,7164400,156351613.0
20240704143000000,21.67630517,21.67630517,21.50672524,21.53665111,7482500,161889284.0
20240704150000000,21.53665111,21.69625575,21.52667582,21.59650285,12261300,265763837.0
20240705100000000,21.4468735,21.4468735,20.8483561,20.8483561,26445500,558919900.0
20240705103000000,20.8483561,20.87828197,20.63887501,20.63887501,14997200,312283652.0
20240705110000000,20.63887501,20.6488503,20.42939392,20.50919624,14919600,307356032.0
20240705113000000,20.50919624,20.87828197,20.49922095,20.77852907,4959800,102716786.0
20240705133000000,20.77852907,21.05783719,20.69872675,20.88825726,6968400,146117512.0
20240705140000000,20.88825726,21.25734299,20.88825726,21.1476148,9233800,195510526.0
20240705143000000,21.1476148,21.15759009,20.96805958,20.97803487,5778600,121986432.0
20240705150000000,20.97803487,21.11768893,20.96805958,21.05783719,7710500,162505089.0
20240708100000000,20.948109,21.67630517,20.948109,21.42692292,35020900,751429567.0
20240708103000000,21.42692292,21.7461322,21.41694763,21.61645343,12083000,261776193.0
20240708110000000,21.61645343,21.78603336,21.52667582,21.76608278,9669300,209894272.0
20240708113000000,21.76608278,22.00548974,21.69625575,21.71620633,11431300,250642944.0
20240708133000000,21.71620633,21.75610749,21.6463793,21.71620633,4106100,89328504.0
20240708140000000,21.71620633,21.92568742,21.69625575,21.76608278,5484400,119871112.0
20240708143000000,21.76608278,21.82593452,21.67630517,21.69625575,4374700,95373314.0
20240708150000000,21.69625575,21.78603336,21.58652756,21.6463793,7911700,171874942.0
20240709100000000,21.85586039,23.08282106,21.46682408,22.83343881,42995100,973550768.0
20240709103000000,22.83343881,23.1426728,22.71373533,23.02296932,16146900,371011968.0
20240709110000000,23.02296932,23.33220331,22.87333997,22.91324113,10599400,245743744.0
20240709113000000,22.91324113,23.16262338,22.91324113,23.1426728,6635100,153172224.0
20240709133000000,23.16262338,23.72123962,23.1426728,23.5416844,13984700,329242752.0
20240709140000000,23.5416844,23.81101723,23.42198092,23.81101723,15308800,364260608.0
20240709143000000,23.81101723,23.81101723,23.81101723,23.81101723,2148300,51280128.0
20240709150000000,23.81101723,23.81101723,23.81101723,23.81101723,2519900,60148992.0
20240710100000000,24.49931224,24.938225,24.17012767,24.5392134,57738100,1422818759.0
20240710103000000,24.5392134,24.7387192,24.38958405,24.62899101,13918300,342561784.0
20240710110000000,24.62899101,25.11778022,24.56913927,24.79857094,17031300,424754945.0
20240710113000000,24.79857094,25.09782964,24.48933695,25.08785435,10250400,254683648.0
20240710133000000,25.09782964,25.88587755,25.06790377,25.79609994,17953600,460026368.0
20240710140000000,25.79609994,26.05545748,25.5367424,25.55669298,10089100,261106944.0
20240710143000000,25.55669298,25.82602581,25.49684124,25.69634704,8527600,219674112.0
20240710150000000,25.69634704,26.0355069,25.59659414,25.97565516,13674300,354122496.0
20240711100000000,25.87590226,26.5342714,25.36716247,26.44449379,56259200,1457969408.0
20240711103000000,26.44449379,26.81357952,26.21506212,26.26493857,21695300,576708352.0
20240711110000000,26.26493857,26.26493857,25.29733544,25.3372366,19452100,500617600.0
20240711113000000,25.3372366,25.85595168,25.07787906,25.44696479,18835400,478327296.0
20240711133000000,25.46691537,26.40459263,25.4369895,26.17516096,11756700,305371904.0
20240711140000000,26.17516096,26.17516096,25.76617407,26.05545748,4289800,111481094.0
20240711143000000,26.05545748,26.12528451,25.8360011,26.12528451,6423700,167484160.0
20240711150000000,26.12528451,26.20508683,25.89585284,25.91580342,9775600,254593030.0
20240712100000000,25.40706363,25.47689066,24.92824971,24.96815087,41101500,1036665601.0
20240712103000000,24.96815087,25.30731073,24.8384721,25.26740957,13954100,350132997.0
20240712110000000,25.26740957,25.81605052,25.06790377,25.56666827,15992600,409501178.0
20240712113000000,25.56666827,25.7362482,25.37713776,25.5367424,5703700,145909248.0
20240712133000000,25.54671769,25.76617407,25.47689066,25.55669298,7911600,203257600.0
20240712140000000,25.55669298,25.78612465,25.55669298,25.57664356,6921600,178174208.0
20240712143000000,25.57664356,25.59659414,25.4369895,25.45694008,6180800,158090752.0
20240712150000000,25.45694008,25.59659414,25.45694008,25.5367424,11295900,289212160.0
20240715100000000,25.68637175,25.81605052,24.85842268,25.40706363,25086000,639425164.0
20240715103000000,25.40706363,25.69634704,25.15768138,25.47689066,10211000,260374134.0
20240715110000000,25.47689066,26.32479031,25.46691537,26.21506212,20394300,531774086.0
20240715113000000,26.21506212,26.27491386,25.72627291,25.90582813,8338000,216849280.0
20240715133000000,25.91580342,25.97565516,25.68637175,25.97565516,4377100,113211904.0
20240715140000000,25.97565516,26.1352598,25.79609994,26.00558103,6449000,167985280.0
20240715143000000,26.00558103,26.29486444,25.98563045,26.26493857,8139500,213280128.0
20240715150000000,26.26493857,26.3347656,26.10533393,26.29486444,14003300,368477184.0
20240716100000000,26.17516096,27.81110852,26.17516096,27.48192395,47524900,1297078144.0
20240716103000000,27.48192395,27.84103439,26.8335301,26.8335301,16925400,464554112.0
20240716110000000,26.8335301,27.50187453,26.8335301,27.31234402,6800900,185995642.0
20240716113000000,27.31234402,27.84103439,27.27244286,27.79115794,5572800,154062086.0
20240716133000000,27.78118265,28.70888462,27.58167685,28.21012012,15056900,425141120.0
20240716140000000,28.21012012,28.6290823,28.15026838,28.27994715,6589900,187602944.0
20240716143000000,28.27994715,28.80863752,28.22009541,28.50937882,7851900,225092608.0
20240716150000000,28.50937882,28.90839042,28.26997186,28.74878578,10373400,297067264.0
20240717100000000,28.06049077,28.06049077,27.14276409,27.29239344,36850200,1018466208.0
20240717103000000,27.29239344,27.51184982,27.0330359,27.50187453,14750800,401998336.0
20240717110000000,27.50187453,27.51184982,26.74375249,26.92330771,13244500,358678528.0
20240717113000000,26.92330771,27.07293706,26.52429611,26.71382662,9614700,257883520.0
20240717133000000,26.71382662,26.8335301,26.55422198,26.6340243,8115400,217108736.0
20240717140000000,26.6340243,26.88340655,26.61407372,26.65397488,7052600,189031936.0
20240717143000000,26.65397488,26.71382662,26.45446908,26.54424669,13345400,354945536.0
20240717150000000,26.54424669,26.66395017,26.26493857,26.3347656,22303100,590998784.0
20240718100000000,25.4369895,26.65397488,25.19758254,25.2374837,46681300,1199461824.0
20240718103000000,25.2374837,25.30731073,24.67886746,24.68884275,24256100,607625472.0
20240718110000000,24.68884275,25.18760725,24.6389663,25.17763196,11651500,289976064.0
20240718113000000,25.17763196,25.28736015,24.97812616,25.15768138,4720900,118874368.0
20240718133000000,25.19758254,25.4369895,24.99807674,25.12775551,7599400,192098048.0
20240718140000000,25.12775551,25.40706363,25.12775551,25.36716247,6301200,159704832.0
20240718143000000,25.36716247,25.60656943,25.25743428,25.38711305,8256800,210338816.0
20240718150000000,25.38711305,25.68637175,25.38711305,25.64647059,9116900,233780224.0
20240719100000000,24.74869449,25.36716247,24.65891688,25.24745899,30260200,756859168.0
20240719103000000,25.24745899,25.54671769,24.96815087,25.01802732,13872600,352066484.0
20240719110000000,25.01802732,25.07787906,24.81852152,24.82849681,8022800,200612362.0
20240719113000000,24.82849681,24.84844739,24.57911456,24.8384721,12244200,302766844.0
20240719133000000,24.8384721,24.97812616,24.76864507,24.84844739,5999700,149499266.0
20240719140000000,24.84844739,24.94820029,24.72874391,24.74869449,5320700,132393092.0
20240719143000000,24.74869449,24.91827442,24.7387192,24.77862036,6473600,161004288.0
20240719150000000,24.77862036,24.79857094,24.62899101,24.67886746,12242700,303027200.0
20240722100000000,24.65891688,24.938225,24.22997941,24.32973231,29663400,731033414.0
20240722103000000,24.32973231,24.84844739,24.32973231,24.70879333,12002200,295735350.0
20240722110000000,24.70879333,25.2374837,24.6389663,25.2374837,15214500,380342020.0
20240722113000000,25.2374837,25.29733544,24.91827442,25.14770609,11371400,286617088.0
20240722133000000,25.16765667,25.30731073,24.96815087,25.07787906,6771400,170670720.0
20240722140000000,25.07787906,25.15768138,24.938225,24.96815087,3570400,89704832.0
20240722143000000,24.96815087,25.14770609,24.91827442,25.09782964,3597900,90377856.0
20240722150000000,25.09782964,25.12775551,25.01802732,25.05792848,8901700,223682304.0
20240723100000000,24.88834855,25.42701421,24.71876862,24.72874391,22881000,574653766.0
20240723103000000,24.72874391,24.85842268,24.34968289,24.41950992,12651300,311060410.0
20240723110000000,24.41950992,24.68884275,24.32973231,24.41950992,5322300,130657792.0
20240723113000000,24.41950992,24.44943579,24.31975702,24.41950992,4388400,107238784.0
20240723133000000,24.41950992,25.06790377,24.41950992,24.91827442,8576600,213425924.0
20240723140000000,24.91827442,24.97812616,24.74869449,24.938225,4656300,116033148.0
20240723143000000,24.938225,24.938225,24.59906514,24.65891688,4401800,109067264.0
20240723150000000,24.65891688,24.78859565,24.58908985,24.66889217,8703600,215231872.0
20240724100000000,24.68884275,25.14770609,24.41950992,24.67886746,23482700,585156887.0
20240724103000000,24.67886746,24.7387192,24.19007825,24.27985586,10486400,256860673.0
20240724110000000,24.27985586,24.40953463,24.19007825,24.22997941,4908500,119510656.0
20240724113000000,24.22997941,24.41950992,24.05042419,24.40953463,5821700,141213696.0
20240724133000000,24.44943579,24.52923811,24.18010296,24.22000412,3665700,89587712.0
20240724140000000,24.22000412,24.24992999,24.05042419,24.19007825,4177200,101049344.0
20240724143000000,24.19007825,24.3397076,24.15017709,24.2399547,3464200,84116480.0
20240724150000000,24.2399547,24.31975702,24.13022651,24.2399547,6378700,154906496.0
20240725100000000,23.5416844,23.91077013,23.05289519,23.16262338,30409200,716551200.0
20240725103000000,23.16262338,23.23245041,22.79353765,22.86336468,18342900,422771264.0
20240725110000000,22.86336468,23.13269751,22.82346352,22.88331526,13922300,320155008.0
20240725113000000,22.88331526,23.39205505,22.8434141,23.31225273,6523200,151370373.0
20240725133000000,23.28232686,23.52173382,23.16262338,23.42198092,5175800,121096699.0
20240725140000000,23.42198092,23.63146201,23.42198092,23.46188208,5296800,124938496.0
20240725143000000,23.46188208,23.52173382,23.22247512,23.2424257,4085100,95546116.0
20240725150000000,23.2424257,23.27235157,23.17259867,23.2424257,9110500,212060662.0
20240726100000000,23.29230215,23.90079484,23.06287048,23.90079484,19786900,467253576.0
20240726103000000,23.90079484,23.90079484,23.60153614,23.6414373,8693600,206760197.0
20240726110000000,23.6414373,23.97062187,23.50178324,23.90079484,6880900,163982459.0
20240726113000000,23.90079484,24.48933695,23.90079484,24.30978173,15303400,372237312.0
20240726133000000,24.32973231,24.3397076,24.00054774,24.05042419,6319100,152982144.0
20240726140000000,24.05042419,24.46938637,24.05042419,24.21002883,7751300,188733440.0
20240726143000000,24.21002883,24.2399547,24.12025122,24.20005354,3609000,87437312.0
20240726150000000,24.20005354,24.22997941,24.13022651,24.21002883,7376100,178805504.0
20240729100000000,24.12025122,25.40706363,23.49180795,24.50928753,38832900,958151782.0
20240729103000000,24.50928753,24.64894159,24.31975702,24.60904043,12032600,295282558.0
20240729110000000,24.60904043,24.70879333,24.36963347,24.46938637,4480100,109954046.0
20240729113000000,24.46938637,24.56913927,24.32973231,24.49931224,3343700,81885048.0
20240729133000000,24.54918869,24.68884275,24.39955934,24.66889217,5044400,124154638.0
20240729140000000,24.66889217,24.87837326,24.40953463,24.40953463,7094400,175403258.0
20240729143000000,24.40953463,24.54918869,24.39955934,24.49931224,3325800,81537784.0
20240729150000000,24.49931224,24.51926282,24.37960876,24.37960876,6112100,149726600.0
20240730100000000,24.25990528,24.60904043,23.91077013,24.22000412,14732400,356927920.0
20240730103000000,24.22000412,24.52923811,24.00054774,24.00054774,6623200,161110688.0
20240730110000000,24.00054774,24.29980644,23.98059716,24.0404489,3904000,94360284.0
20240730113000000,24.05042419,24.29980644,24.01052303,24.16015238,2442900,59031104.0
20240730133000000,24.17012767,24.24992999,24.06039948,24.08035006,3174300,76849993.0
20240730140000000,24.08035006,24.18010296,24.00054774,24.10030064,2594800,62613371.0
20240730143000000,24.10030064,24.18010296,24.0404489,24.09032535,3697100,89375804.0
20240730150000000,24.09032535,24.15017709,24.02049832,24.15017709,4953900,119632203.0
20240731100000000,24.20005354,24.88834855,24.20005354,24.51926282,22832600,563965500.0
20240731103000000,24.51926282,24.75866978,24.00054774,24.72874391,11751600,286258059.0
20240731110000000,24.72874391,25.1377308,24.58908985,25.08785435,17353700,432619513.0
20240731113000000,25.08785435,25.22750841,24.89832384,25.04795319,9439400,237166080.0
20240731133000000,25.06790377,25.09782964,24.79857094,24.90829913,7638700,190854528.0
20240731140000000,24.90829913,24.94820029,24.79857094,24.87837326,5632300,140386432.0
20240731143000000,24.87837326,24.92824971,24.69881804,24.72874391,6027500,149919103.0
20240731150000000,24.72874391,24.84844739,24.71876862,24.84844739,8406800,209104128.0
20240801100000000,25.32726131,25.36716247,24.03047361,24.37960876,34995700,864019072.0
20240801103000000,24.37960876,24.54918869,24.18010296,24.21002883,8366600,204391104.0
20240801110000000,24.21002883,24.27985586,24.07037477,24.12025122,5038700,121970048.0
20240801113000000,24.12025122,24.28983115,24.09032535,24.2399547,4521200,109602944.0
20240801133000000,24.2399547,24.5392134,24.20005354,24.20005354,5232600,127739776.0
20240801140000000,24.20005354,24.39955934,24.20005354,24.39955934,3314900,80717956.0
20240801143000000,24.39955934,24.39955934,24.12025122,24.16015238,3939700,95534456.0
20240801150000000,24.16015238,24.21002883,24.09032535,24.17012767,7900500,191226880.0
20240802100000000,24.09032535,24.78859565,23.71126433,24.39955934,24515900,596031864.0
20240802103000000,24.39955934,24.39955934,23.89081955,23.97062187,8308600,201006856.0
20240802110000000,23.97062187,23.97062187,23.70128904,23.73121491,6955000,166043520.0
20240802113000000,23.73121491,23.97062187,23.69131375,23.77111607,3605300,86020992.0
20240802133000000,23.75116549,23.82099252,23.67136317,23.72123962,4794400,113975168.0
20240802140000000,23.72123962,23.83096781,23.6414373,23.7411902,6809300,161731840.0
20240802143000000,23.7411902,23.88084426,23.56163498,23.72123962,5649700,133956224.0
20240802150000000,23.72123962,23.89081955,23.66138788,23.7411902,7384000,175913223.0
20240805100000000,22.49427895,22.93319171,22.11521793,22.1451438,43998100,989468704.0
20240805103000000,22.1451438,22.2448967,21.80598394,21.97556387,23856500,525572736.0
20240805110000000,21.97556387,21.97556387,21.75610749,21.91571213,10526900,230460544.0
20240805113000000,21.91571213,22.08529206,21.83590981,21.96558858,6752700,148624896.0
20240805133000000,21.92568742,21.95561329,21.50672524,21.53665111,16040600,348594304.0
20240805140000000,21.53665111,21.63640401,21.36707118,21.36707118,17147400,368647936.0
20240805143000000,21.36707118,21.36707118,21.36707118,21.36707118,1312200,28107008.0
20240805150000000,21.36707118,21.36707118,21.36707118,21.36707118,540100,11569152.0
20240806100000000,22.19502025,22.55413069,21.945638,22.03541561,37549500,838141792.0
20240806103000000,22.03541561,22.10524264,21.77605807,21.95561329,9101000,199929984.0
20240806110000000,21.95561329,21.95561329,21.72618162,21.8458851,5193500,113447168.0
20240806113000000,21.8458851,21.93566271,21.79600865,21.85586039,2467300,54071168.0
20240806133000000,21.82593452,21.92568742,21.72618162,21.8458851,3409300,74512128.0
20240806140000000,21.8458851,21.88578626,21.70623104,21.76608278,3920500,85605632.0
20240806143000000,21.76608278,21.88578626,21.65635459,21.87581097,4882400,106600704.0
20240806150000000,21.87581097,22.0453909,21.85586039,21.97556387,7288500,160556544.0
20240807100000000,21.90573684,22.15511909,21.52667582,21.98553916,13281400,292030416.0
20240807103000000,21.98553916,22.28479786,21.91571213,22.20499554,7331300,162443136.0
20240807110000000,22.20499554,22.2448967,22.01546503,22.0453909,4040900,89650169.0
20240807113000000,22.0453909,22.23492141,22.0453909,22.13516851,2986300,66332300.0
20240807133000000,22.11521793,22.22494612,22.09526735,22.1451438,4031500,89564915.0
20240807140000000,22.1451438,22.17506967,21.97556387,21.99551445,3830400,84724738.0
20240807143000000,21.99551445,22.03541561,21.86583568,22.02544032,6888100,151342146.0
20240807150000000,22.02544032,22.03541561,21.90573684,21.99551445,4740700,104494270.0
20240808100000000,21.945638,22.2448967,21.5466264,22.02544032,12578200,276316352.0
20240808103000000,22.02544032,22.43442721,21.82593452,22.37457547,9566900,212964288.0
20240808110000000,22.37457547,22.52420482,22.02544032,22.46435308,7564700,168992480.0
20240808113000000,22.46435308,22.61398243,22.31472373,22.33467431,9354300,210700216.0
20240808133000000,22.35462489,22.42445192,22.2448967,22.30474844,2580000,57692999.0
20240808140000000,22.30474844,22.31472373,22.2448967,22.30474844,1424200,31798856.0
20240808143000000,22.30474844,22.32469902,22.21497083,22.27482257,1709300,38142770.0
20240808150000000,22.27482257,22.28479786,22.18504496,22.23492141,4271400,95170251.0
20240809100000000,22.31472373,22.79353765,22.28479786,22.79353765,16604200,375400800.0
20240809103000000,22.79353765,22.85338939,22.53418011,22.55413069,5222900,118710176.0
20240809110000000,22.55413069,22.67383417,22.45437779,22.66385888,2617700,59209114.0
20240809113000000,22.66385888,22.98306816,22.66385888,22.69378475,8695200,199211912.0
20240809133000000,22.69378475,22.69378475,22.45437779,22.56410598,3013200,68161346.0
20240809140000000,22.56410598,22.71373533,22.5441554,22.60400714,1512900,34286585.0
20240809143000000,22.59403185,22.62395772,22.51422953,22.53418011,2350700,53169852.0
20240809150000000,22.53418011,22.60400714,22.47432837,22.47432837,4256400,96118791.0
20240812100000000,22.55413069,22.8434141,22.19502025,22.76361178,11555500,260504616.0
20240812103000000,22.76361178,22.82346352,22.43442721,22.48430366,4594800,104260528.0
20240812110000000,22.48430366,22.70376004,22.42445192,22.59403185,2321200,52570624.0
20240812113000000,22.59403185,22.65388359,22.46435308,22.48430366,1377200,31126784.0
20240812133000000,22.4444025,22.59403185,22.40450134,22.42445192,2352400,53032480.0
20240812140000000,22.41447663,22.52420482,22.36460018,22.40450134,2170500,48803004.0
20240812143000000,22.40450134,22.43442721,22.32469902,22.35462489,2239200,50217035.0
20240812150000000,22.35462489,22.48430366,22.29477315,22.29477315,3298100,74020467.0
20240813100000000,22.6439083,23.12272222,22.6439083,22.77358707,15824700,362576416.0
20240813103000000,22.77358707,22.80351294,22.53418011,22.55413069,4221500,95789088.0
20240813110000000,22.55413069,22.60400714,22.47432837,22.51422953,1835300,41447360.0
20240813113000000,22.51422953,22.60400714,22.49427895,22.57408127,1340100,30302048.0
20240813133000000,22.56410598,22.72371062,22.49427895,22.60400714,2465100,55786432.0
20240813140000000,22.60400714,22.77358707,22.60400714,22.71373533,2688700,61234555.0
20240813143000000,22.71373533,22.75363649,22.58405656,22.6439083,2769000,62920061.0
20240813150000000,22.6439083,22.93319171,22.6439083,22.91324113,6493800,148755141.0
20240814100000000,22.6439083,22.72371062,22.08529206,22.61398243,22989100,515433472.0
20240814103000000,22.61398243,22.68380946,22.4444025,22.50425424,5294400,119669564.0
20240814110000000,22.50425424,22.68380946,22.48430366,22.57408127,2455100,55564553.0
20240814113000000,22.57408127,22.61398243,22.51422953,22.57408127,2631900,59505213.0
20240814133000000,22.56410598,22.65388359,22.48430366,22.61398243,3185500,72029890.0
20240814140000000,22.60400714,22.61398243,22.4444025,22.49427895,2608500,58843900.0
20240814143000000,22.49427895,22.5441554,22.4444025,22.49427895,2052400,46279616.0
20240814150000000,22.49427895,22.52420482,22.35462489,22.39452605,4501200,101210488.0
20240815100000000,22.2448967,22.55413069,22.23492141,22.31472373,7290700,163619856.0
20240815103000000,22.31472373,22.39452605,22.1451438,22.28479786,6569900,146742624.0
20240815110000000,22.28479786,22.5441554,22.23492141,22.26484728,5163600,115881920.0
20240815113000000,22.26484728,22.29477315,22.18504496,22.25487199,2086700,46509568.0
20240815133000000,22.25487199,22.3446496,22.13516851,22.1451438,2624100,58383424.0
20240815140000000,22.1451438,22.15511909,22.0453909,22.05536619,2642900,58522200.0
20240815143000000,22.05536619,22.13516851,22.03541561,22.07531677,2595700,57423877.0
20240815150000000,22.07531677,22.16509438,22.03541561,22.08529206,4437600,98214459.0
20240816100000000,22.32469902,22.71373533,22.19502025,22.4444025,12848100,289758064.0
20240816103000000,22.4444025,22.59403185,22.31472373,22.57408127,5017800,113065120.0
20240816110000000,22.57408127,22.63393301,22.46435308,22.46435308,3623200,81923936.0
20240816113000000,22.46435308,22.78356236,22.46435308,22.63393301,5167300,117442392.0
20240816133000000,22.63393301,22.79353765,22.5441554,22.6439083,2760200,62649420.0
20240816140000000,22.6439083,22.66385888,22.41447663,22.48430366,3208300,72373826.0
20240816143000000,22.48430366,22.5441554,22.41447663,22.43442721,1805800,40658676.0
20240816150000000,22.43442721,22.48430366,22.39452605,22.4444025,3332200,74938302.0
20240819100000000,22.35462489,22.82346352,22.0453909,22.81348823,12054700,271396960.0
20240819103000000,22.81348823,22.82346352,22.39452605,22.39452605,3988800,90268224.0
20240819110000000,22.39452605,22.40450134,22.23492141,22.26484728,2546800,56934912.0
20240819113000000,22.26484728,22.41447663,22.23492141,22.37457547,1781500,39814624.0
20240819133000000,22.41447663,22.41447663,22.20499554,22.22494612,2469100,55130208.0
20240819140000000,22.22494612,22.22494612,22.13516851,22.19502025,2257500,50176070.0
20240819143000000,22.19502025,22.2448967,22.15511909,22.16509438,2278600,50723259.0
20240819150000000,22.16509438,22.22494612,22.1451438,22.18504496,2692000,59857535.0
20240820100000000,21.945638,22.92321642,21.945638,22.30474844,19060100,430400064.0
20240820103000000,22.30474844,22.35462489,22.16509438,22.27482257,3583200,79929536.0
20240820110000000,22.27482257,22.59403185,22.2448967,22.35462489,3529000,79388856.0
20240820113000000,22.35462489,22.35462489,22.21497083,22.23492141,1608000,35911948.0
20240820133000000,22.23492141,22.23492141,22.0453909,22.06534148,3850300,85319036.0
20240820140000000,22.05536619,22.06534148,21.95561329,21.98553916,3778900,83367680.0
20240820143000000,21.99551445,22.08529206,21.945638,22.08529206,2274700,50122624.0
20240820150000000,22.08529206,22.08529206,21.95561329,22.00548974,2915700,64304640.0
20240821100000000,22.0453909,22.31472373,21.8458851,22.07531677,8646300,191062524.0
20240821103000000,22.07531677,22.55413069,21.89576155,22.5441554,11166300,249687520.0
20240821110000000,22.5441554,23.53170911,22.4444025,23.26237628,28681100,661852192.0
20240821113000000,23.26237628,23.52173382,23.09279635,23.3421786,11053300,258671360.0
20240821133000000,23.3421786,23.3421786,22.91324113,22.96311758,6841700,158397565.0
20240821140000000,22.96311758,22.99304345,22.86336468,22.88331526,3456300,79419910.0
20240821143000000,22.88331526,22.95314229,22.82346352,22.85338939,4134900,94861437.0
20240821150000000,22.85338939,22.87333997,22.77358707,22.83343881,6492300,148546943.0
20240822100000000,22.66385888,22.69378475,21.7461322,21.77605807,24877100,551804064.0
20240822103000000,21.77605807,22.00548974,21.63640401,21.89576155,8004000,174880835.0
20240822110000000,21.89576155,22.16509438,21.83590981,22.12519322,4179400,92248119.0
20240822113000000,22.12519322,22.3446496,22.12519322,22.23492141,4449300,99153352.0
20240822133000000,22.20499554,22.62395772,22.10524264,22.61398243,5673200,127484862.0
20240822140000000,22.61398243,22.78356236,22.39452605,22.41447663,4841800,109730624.0
20240822143000000,22.41447663,22.49427895,22.37457547,22.41447663,3627700,81563520.0
20240822150000000,22.41447663,22.53418011,22.36460018,22.50425424,6738900,151726592.0
20240823100000000,22.29477315,22.58405656,21.83590981,21.99551445,11826600,261488520.0
20240823103000000,21.99551445,22.27482257,21.86583568,22.18504496,4148800,91777648.0
20240823110000000,22.18504496,22.32469902,22.08529206,22.1451438,3242500,72233632.0
20240823113000000,22.1451438,22.2448967,21.96558858,22.15511909,3125000,69249696.0
20240823133000000,22.15511909,22.15511909,22.03541561,22.07531677,2065700,45726016.0
20240823140000000,22.07531677,22.35462489,22.06534148,22.16509438,2790200,62167041.0
20240823143000000,22.16509438,22.21497083,22.11521793,22.17506967,2124000,47164727.0
20240823150000000,22.17506967,22.23492141,22.12519322,22.15511909,4907100,109048192.0
20240826100000000,22.23492141,22.23492141,21.60647814,21.67630517,10594400,232022796.0
20240826103000000,21.67630517,21.945638,21.62642872,21.91571213,5182300,113230160.0
20240826110000000,21.91571213,22.25487199,21.79600865,22.2448967,4885300,108062816.0
20240826113000000,22.2448967,22.6439083,22.11521793,22.52420482,9395500,211380032.0
20240826133000000,22.52420482,22.53418011,22.18504496,22.25487199,4158900,93064762.0
20240826140000000,22.25487199,22.25487199,22.03541561,22.07531677,2231500,49478718.0
20240826143000000,22.07531677,22.21497083,22.07531677,22.10524264,1636800,36318853.0
20240826150000000,22.10524264,22.16509438,22.07531677,22.13516851,3445200,76398081.0
20240827100000000,22.06534148,22.12519322,21.62642872,21.69625575,9297100,203131640.0
20240827103000000,21.69625575,21.82593452,21.5466264,21.65635459,4919400,106802448.0
20240827110000000,21.65635459,21.70623104,21.53665111,21.55660169,3744400,81070176.0
20240827113000000,21.55660169,21.55660169,21.39699705,21.46682408,6170000,132736448.0
20240827133000000,21.47679937,21.51670053,21.36707118,21.40697234,5436500,116726456.0
20240827140000000,21.39699705,21.41694763,21.28726886,21.33714531,4697700,100493508.0
20240827143000000,21.33714531,21.36707118,21.17754067,21.22741712,6923200,147452740.0
20240827150000000,21.22741712,21.35709589,21.21744183,21.33714531,6604800,140893816.0
20240828100000000,21.12766422,21.57655227,21.10771364,21.13763951,10439900,223462224.0
20240828103000000,21.13763951,21.13763951,20.92815842,20.96805958,7441900,156868864.0
20240828110000000,20.96805958,21.09773835,20.85833139,20.95808429,6721700,141086688.0
20240828113000000,20.95808429,20.97803487,20.81843023,20.91818313,4014800,84021660.0
20240828133000000,20.91818313,21.01793603,20.88825726,20.90820784,1949600,40957768.0
20240828140000000,20.90820784,21.09773835,20.90820784,21.03788661,2698300,56812672.0
20240828143000000,21.03788661,21.06781248,20.91818313,20.97803487,2757700,57963450.0
20240828150000000,20.97803487,21.07778777,20.97803487,21.00796074,3462600,72939715.0
20240829100000000,20.86830668,20.86830668,20.39946805,20.52914682,10406100,214473920.0
20240829103000000,20.52914682,20.88825726,20.43936921,20.81843023,5923200,122893232.0
20240829110000000,20.81843023,21.46682408,20.81843023,21.32717002,7210800,153205280.0
20240829113000000,21.32717002,21.61645343,21.22741712,21.47679937,6836000,147012608.0
20240829133000000,21.50672524,21.93566271,21.33714531,21.88578626,8140800,176614528.0
20240829140000000,21.88578626,21.91571213,21.6463793,21.65635459,5124600,111983680.0
20240829143000000,21.65635459,21.65635459,21.51670053,21.5466264,3235200,69924672.0
20240829150000000,21.5466264,21.59650285,21.52667582,21.57655227,3679300,79508608.0
20240830100000000,21.57655227,23.73121491,21.53665111,23.73121491,40666600,937435792.0
20240830103000000,23.73121491,23.73121491,23.73121491,23.73121491,9290800,221028096.0
20240830110000000,23.73121491,23.73121491,23.73121491,23.73121491,816000,19412736.0
20240830113000000,23.73121491,23.73121491,23.73121491,23.73121491,1237900,29449728.0
20240830133000000,23.73121491,23.73121491,23.73121491,23.73121491,1027200,24437248.0
20240830140000000,23.73121491,23.73121491,23.73121491,23.73121491,378300,8999680.0
20240830143000000,23.73121491,23.73121491,23.73121491,23.73121491,275400,6551680.0
20240830150000000,23.73121491,23.73121491,23.73121491,23.73121491,943600,22448128.0
20240902100000000,23.95067129,23.98059716,22.66385888,22.90326584,42101700,975192934.0
20240902103000000,22.90326584,22.93319171,22.21497083,22.47432837,18558900,418186042.0
20240902110000000,22.47432837,22.86336468,22.31472373,22.73368591,12876600,292055425.0
20240902113000000,22.73368591,22.8434141,22.69378475,22.79353765,4312600,98457471.0
20240902133000000,22.79353765,23.12272222,22.76361178,22.99304345,9340700,215206784.0
20240902140000000,22.99304345,23.17259867,22.86336468,22.92321642,6741300,155597306.0
20240902143000000,22.92321642,22.98306816,22.79353765,22.8434141,4633600,106260738.0
20240902150000000,22.8434141,22.89329055,22.73368591,22.79353765,9184900,209938955.0
20240903100000000,22.59403185,23.10277164,22.11521793,22.36460018,22461100,506185856.0
20240903103000000,22.36460018,22.86336468,22.27482257,22.71373533,8690100,197428222.0
20240903110000000,22.71373533,22.75363649,22.55413069,22.60400714,4080300,92617794.0
20240903113000000,22.60400714,22.62395772,22.37457547,22.40450134,3453700,77809734.0
20240903133000000,22.39452605,22.71373533,22.37457547,22.56410598,3206500,72604982.0
20240903140000000,22.56410598,22.63393301,22.49427895,22.56410598,2340700,52948361.0
20240903143000000,22.56410598,22.56410598,22.41447663,22.52420482,3163300,71342975.0
20240903150000000,22.52420482,22.55413069,22.45437779,22.48430366,6906100,155753836.0
20240904100000000,21.95561329,22.21497083,21.39699705,21.58652756,23698000,516386896.0
20240904103000000,21.58652756,21.6463793,21.3471206,21.6463793,7699400,165512988.0
20240904110000000,21.6463793,21.92568742,21.53665111,21.89576155,4758300,103798848.0
20240904113000000,21.89576155,21.92568742,21.73615691,21.81595923,2747000,60132738.0
20240904133000000,21.81595923,21.92568742,21.72618162,21.87581097,1977100,43283650.0
20240904140000000,21.87581097,22.00548974,21.80598394,21.88578626,3250100,71378048.0
20240904143000000,21.88578626,21.99551445,21.8458851,21.90573684,3369600,73993920.0
20240904150000000,21.89576155,22.02544032,21.89576155,21.91571213,4628900,101844544.0
20240905100000000,22.03541561,22.11521793,21.67630517,21.90573684,8282700,181379176.0
20240905103000000,21.90573684,22.4444025,21.90573684,22.31472373,12107700,270083088.0
20240905110000000,22.31472373,22.43442721,22.08529206,22.09526735,4867200,108707328.0
20240905113000000,22.09526735,22.12519322,21.97556387,22.06534148,2516000,55591810.0
20240905133000000,22.05536619,22.06534148,21.93566271,21.93566271,1552700,34248184.0
20240905140000000,21.93566271,21.97556387,21.88578626,21.89576155,1650400,36288006.0
20240905143000000,21.89576155,21.91571213,21.82593452,21.83590981,2013000,44109564.0
20240905150000000,21.8458851,21.92568742,21.83590981,21.83590981,4245000,93049412.0
20240906100000000,21.8458851,21.92568742,21.50672524,21.65635459,7076400,153789880.0
20240906103000000,21.65635459,21.93566271,21.56657698,21.91571213,4309100,93698992.0
20240906110000000,21.91571213,21.91571213,21.57655227,21.59650285,3097500,67423456.0
20240906113000000,21.59650285,21.60647814,21.3471206,21.38702176,4703800,101212320.0
20240906133000000,21.39699705,21.5466264,21.27729357,21.30721944,3355200,71931872.0
20240906140000000,21.30721944,21.33714531,21.22741712,21.26731828,3558500,75880678.0
20240906143000000,21.26731828,21.31719473,21.23739241,21.25734299,1939300,41343551.0
20240906150000000,21.25734299,21.31719473,21.09773835,21.12766422,5536600,117503483.0
20240909100000000,20.89823255,21.33714531,20.89823255,21.03788661,9352200,197964224.0
20240909103000000,21.03788661,21.13763951,20.89823255,20.948109,3691500,77656416.0
20240909110000000,20.948109,20.948109,20.8483561,20.92815842,2369700,49615232.0
20240909113000000,20.92815842,21.02791132,20.88825726,20.91818313,1600000,33593728.0
20240909133000000,20.91818313,20.96805958,20.85833139,20.87828197,1808300,37888480.0
20240909140000000,20.87828197,20.91818313,20.79847965,20.83838081,3377400,70616864.0
20240909143000000,20.83838081,20.83838081,20.65882559,20.73862791,5024300,104441592.0
20240909150000000,20.73862791,20.92815842,20.67877617,20.92815842,3658600,76450696.0
20240910100000000,20.82840552,20.88825726,20.04035761,20.56904798,16005300,325907304.0
20240910103000000,20.56904798,20.69872675,20.36954218,20.63887501,5510800,113418208.0
20240910110000000,20.63887501,20.948109,20.60894914,20.90820784,4674300,97642368.0
20240910113000000,20.90820784,20.97803487,20.71867733,20.7486032,2395500,50081408.0
20240910133000000,20.76855378,21.19749125,20.75857849,20.92815842,4333100,91351552.0
20240910140000000,20.92815842,21.01793603,20.83838081,20.96805958,1395500,29233984.0
20240910143000000,20.96805958,21.10771364,20.88825726,20.90820784,2976600,62647488.0
20240910150000000,20.90820784,20.948109,20.81843023,20.948109,3471700,72669440.0
20240911100000000,20.83838081,20.86830668,20.59897385,20.67877617,5849800,121586548.0
20240911103000000,20.67877617,20.71867733,20.57902327,20.63887501,2924200,60475640.0
20240911110000000,20.63887501,20.75857849,20.5490974,20.55907269,2222500,45999776.0
20240911113000000,20.55907269,20.59897385,20.43936921,20.49922095,3832100,78761728.0
20240911133000000,20.50919624,20.50919624,20.35956689,20.41941863,3337600,68300480.0
20240911140000000,20.41941863,20.48924566,20.36954218,20.4493445,2012000,41194368.0
20240911143000000,20.4493445,20.47927037,20.35956689,20.42939392,2835100,58031200.0
20240911150000000,20.42939392,20.48924566,20.39946805,20.41941863,3636800,74487808.0
20240912100000000,20.63887501,20.77852907,20.25981399,20.26978928,7070500,144968836.0
20240912103000000,20.26978928,20.26978928,19.97053058,20.02040703,6644400,133775760.0
20240912110000000,20.02040703,20.10020935,19.91067884,19.96055529,3612000,72340864.0
20240912113000000,19.96055529,20.07028348,19.92065413,20.04035761,2343800,46948768.0
20240912133000000,20.0503329,20.39946805,19.97053058,20.37951747,4592400,93088896.0
20240912140000000,20.37951747,20.42939392,20.18998696,20.20993754,2760000,56267230.0
20240912143000000,20.20993754,20.22988812,20.12015993,20.16006109,2145900,43401032.0
20240912150000000,20.16006109,20.17003638,20.09023406,20.09023406,2890700,58319670.0
20240913100000000,20.11018464,20.75857849,20.0503329,20.6488503,12337000,252516356.0
20240913103000000,20.6488503,20.70870204,20.3495916,20.52914682,5883900,120970992.0
20240913110000000,20.52914682,20.55907269,20.32964102,20.35956689,2021000,41370944.0
20240913113000000,20.35956689,20.68875146,20.35956689,20.65882559,2209900,45390112.0
20240913133000000,20.6488503,20.67877617,20.33961631,20.35956689,2323100,47575840.0
20240913140000000,20.36954218,20.40944334,20.33961631,20.33961631,1587000,32408416.0
20240913143000000,20.33961631,20.36954218,20.2498387,20.26978928,2532200,51547010.0
20240913150000000,20.26978928,20.29971515,20.17003638,20.18001167,3684500,74705276.0
20240918100000000,20.03038232,20.03038232,18.80342165,18.82337223,26242100,506591632.0
20240918103000000,18.82337223,18.84332281,18.43433592,18.51413824,17717600,330477408.0
20240918110000000,18.51413824,18.78347107,18.51413824,18.6537923,8131900,152244160.0
20240918113000000,18.66376759,18.74356991,18.61389114,18.69369346,2766400,51769536.0
20240918133000000,18.66376759,19.08272977,18.66376759,18.99295216,4217400,79924728.0
20240918140000000,18.99295216,19.22238383,18.953051,19.22238383,3075000,58808328.0
20240918143000000,19.22238383,19.23235912,19.0528039,19.11265564,2905300,55745792.0
20240918150000000,19.11265564,19.19245796,19.07275448,19.11265564,3574100,68473728.0
20240919100000000,19.56154369,19.61142014,19.01290274,19.17250738,12171200,234603464.0
20240919103000000,19.17250738,19.34208731,18.90317455,19.32213673,7762400,148594016.0
20240919110000000,19.32213673,19.34208731,19.11265564,19.1525568,4709900,90693888.0
20240919113000000,19.1525568,19.1525568,19.0528039,19.08272977,2623000,50211136.0
20240919133000000,19.08272977,19.2523097,19.08272977,19.17250738,3617400,69550271.0
20240919140000000,19.17250738,19.19245796,19.07275448,19.08272977,2539200,48683461.0
20240919143000000,19.08272977,19.10268035,19.01290274,19.04282861,3023300,57724664.0
20240919150000000,19.04282861,19.08272977,19.01290274,19.06277919,3976100,75910269.0
20240920100000000,19.3520626,19.72114833,19.26228499,19.37201318,15703200,307087264.0
20240920103000000,19.37201318,19.37201318,19.14258151,19.22238383,5250100,101253760.0
20240920110000000,19.22238383,19.33211202,19.11265564,19.17250738,2340600,45080736.0
20240920113000000,19.18248267,19.28223557,19.1525568,19.26228499,1286500,24765024.0
20240920133000000,19.2523097,19.32213673,19.1525568,19.16253209,2139800,41215712.0
20240920140000000,19.16253209,19.27226028,19.12263093,19.24233441,2132700,41063777.0
20240920143000000,19.24233441,19.26228499,19.13260622,19.1525568,2417300,46473599.0
20240920150000000,19.1525568,19.2523097,19.12263093,19.18248267,3877600,74603907.0
